"Time (s)","Magnetic field x (µT)","Magnetic field y (µT)","Magnetic field z (µT)"
4.766021700E-2,2.135625076E1,2.231250048E0,2.446875191E1
5.766021700E-2,2.411250114E1,-7.312500477E-1,1.951875114E1
6.766021700E-2,2.707500076E1,-5.268750191E0,1.500000095E1
7.766021700E-2,2.671875191E1,-6.150000095E0,1.241250038E1
8.766021700E-2,2.506875038E1,-3.150000095E0,1.563750076E1
9.766021700E-2,2.146875000E1,5.250000358E-1,1.976250076E1
1.076602170E-1,2.064375114E1,-2.437500060E-1,2.250000000E1
1.176602170E-1,2.199375153E1,-2.568750143E0,2.062500000E1
1.276602170E-1,2.488125038E1,-6.262500286E0,1.168125057E1
1.376602170E-1,2.525625038E1,-8.512500763E0,9.356250763E0
1.476602170E-1,2.355000114E1,-3.825000048E0,1.134375000E1
1.576602170E-1,1.809375000E1,-1.912500024E0,1.891875076E1
1.676602170E-1,1.890000153E1,1.500000060E-1,2.326875114E1
1.776602170E-1,2.049375153E1,-2.381250143E0,1.908750153E1
1.876602170E-1,2.439375114E1,-6.731250286E0,1.344375038E1
1.976602170E-1,2.336250114E1,-9.112500191E0,9.431250572E0
2.076602170E-1,2.178750038E1,-5.325000286E0,1.243125057E1
2.176602170E-1,1.792500114E1,-1.143750072E0,1.807500076E1
2.276602170E-1,1.811250114E1,-1.125000045E-1,2.079375076E1
2.376602170E-1,2.019375038E1,-2.868750095E0,1.927500153E1
2.476602170E-1,2.223750114E1,-6.862500191E0,1.348125076E1
2.576602170E-1,2.527500153E1,-8.100000381E0,7.143750191E0
2.676602170E-1,2.070000076E1,-6.712500095E0,1.051875019E1
2.776602170E-1,1.811250114E1,-9.562500119E-1,1.899375153E1
2.876602170E-1,1.665000153E1,-7.125000358E-1,1.946250153E1
2.976602170E-1,1.841250038E1,-2.868750095E0,1.773750114E1
3.076602170E-1,2.197500038E1,-7.218750477E0,1.258125019E1
3.176602170E-1,2.362500000E1,-7.725000381E0,6.825000286E0
3.276602170E-1,2.075625038E1,-5.625000000E0,9.656250000E0
3.376602170E-1,1.745625114E1,-1.818750024E0,1.768125153E1
3.476602170E-1,1.333125019E1,-1.650000095E0,2.178750038E1
3.576602170E-1,1.901250076E1,-4.537500381E0,1.880625153E1
3.676602170E-1,2.139375114E1,-7.256250381E0,1.181250000E1
3.776602170E-1,2.253750038E1,-8.587500572E0,7.218750477E0
3.876602170E-1,2.100000000E1,-4.650000095E0,9.731250763E0
3.976602170E-1,1.398750019E1,-3.018750191E0,1.610625076E1
4.076602170E-1,1.636875153E1,-9.000000358E-1,1.918125153E1
4.176602170E-1,1.756875038E1,-6.675000191E0,1.948125076E1
4.276602170E-1,2.115000153E1,-8.850000381E0,1.258125019E1
4.376602170E-1,2.236875153E1,-6.975000381E0,8.643750191E0
4.476602170E-1,1.841250038E1,-3.543750048E0,9.825000763E0
4.576602170E-1,1.561875057E1,-1.950000048E0,1.693125153E1
4.676602170E-1,1.670625114E1,-3.562500238E0,1.938750076E1
4.776602170E-1,2.026875114E1,-8.325000763E0,1.614375114E1
4.876602170E-1,2.420625114E1,-7.687500477E0,7.593750477E0
4.976602170E-1,2.019375038E1,-6.187500477E0,7.368750095E0
5.076602170E-1,1.614375114E1,-3.956250191E0,1.115625000E1
5.176602170E-1,1.380000019E1,-3.900000095E0,1.899375153E1
5.276602170E-1,1.845000076E1,-3.656250238E0,1.781250000E1
5.376602170E-1,2.268750000E1,-8.606250763E0,1.190625000E1
5.476602170E-1,2.418750191E1,-1.134375000E1,6.956250191E0
5.576602170E-1,2.201250076E1,-6.075000286E0,7.331250191E0
5.676602170E-1,1.391250038E1,-4.893750191E0,1.080000019E1
5.776602170E-1,1.196250057E1,-2.793750048E0,1.689375114E1
5.876602170E-1,1.710000038E1,-5.175000191E0,1.685625076E1
5.976602170E-1,2.548125076E1,-7.125000477E0,1.376250076E1
6.076602170E-1,2.720625114E1,-7.987500191E0,7.087500095E0
6.176602170E-1,2.375625038E1,-4.706250191E0,7.350000381E0
6.276602170E-1,1.468125057E1,-4.875000000E0,9.693750381E0
6.376602170E-1,1.207500076E1,-4.875000000E0,1.614375114E1
6.476602170E-1,1.813125038E1,-4.481250286E0,1.678125000E1
6.576602170E-1,2.758125114E1,-6.881250381E0,1.278750038E1
6.676602170E-1,2.776875114E1,-8.906250000E0,7.012500286E0
6.776602170E-1,2.446875191E1,-7.237500191E0,5.831250191E0
6.876602170E-1,1.575000095E1,-6.225000381E0,1.008750057E1
6.976602170E-1,1.155000019E1,-4.143750191E0,1.451250076E1
7.076602170E-1,1.736250114E1,-3.881250143E0,1.753125000E1
7.176602170E-1,2.685000038E1,-5.512500286E0,1.220625019E1
7.276602170E-1,2.868750191E1,-8.231250763E0,6.468750477E0
7.376602170E-1,2.548125076E1,-5.962500095E0,3.825000048E0
7.476602170E-1,1.648125076E1,-4.256250381E0,1.117500019E1
7.576602170E-1,1.438125038E1,-1.312500089E-1,1.648125076E1
7.676602170E-1,1.798125076E1,-3.075000048E0,1.683750153E1
7.776602170E-1,2.623125076E1,-6.318750381E0,1.306875038E1
7.876602170E-1,3.015000153E1,-6.993750095E0,8.212500572E0
7.976602170E-1,2.606250191E1,-7.743750095E0,6.618750095E0
8.076602170E-1,1.820625114E1,-2.906250000E0,1.008750057E1
8.176602170E-1,1.363125038E1,-4.293750286E0,1.636875153E1
8.276602170E-1,1.852500153E1,-3.787500143E0,1.875000000E1
8.376602170E-1,2.636250114E1,-7.425000191E0,1.269375038E1
8.476602170E-1,2.891250038E1,-8.212500572E0,6.768750191E0
8.576602170E-1,2.645625114E1,-6.675000191E0,4.650000095E0
8.676602170E-1,1.865625000E1,-3.206250191E0,1.010625076E1
8.776602170E-1,1.466250038E1,-3.281250238E0,1.612500000E1
8.876602170E-1,1.816875076E1,-2.887500048E0,1.728750038E1
8.976602170E-1,2.516250038E1,-7.050000191E0,1.173750019E1
9.076602170E-1,2.919375038E1,-9.206250191E0,4.350000381E0
9.176602170E-1,2.611875153E1,-8.756250381E0,4.200000286E0
9.276602170E-1,1.935000038E1,-4.593750000E0,9.600000381E0
9.376602170E-1,1.378125095E1,-4.162500381E0,1.511250019E1
9.476602170E-1,1.811250114E1,-4.500000000E0,1.633125114E1
9.576602170E-1,2.531250191E1,-7.518750191E0,1.130625057E1
9.676602170E-1,2.958750153E1,-7.856250286E0,6.431250095E0
9.776602170E-1,2.664375114E1,-8.025000572E0,7.106250286E0
9.876602170E-1,1.863750076E1,-5.906250000E0,9.562500000E0
9.976602170E-1,1.381875038E1,-5.887500286E0,1.573125076E1
1.007660217E0,1.800000000E1,-3.037500143E0,1.792500114E1
1.017660217E0,2.514375114E1,-6.525000095E0,1.357500076E1
1.027660217E0,2.968125153E1,-7.987500191E0,7.687500477E0
1.037660217E0,2.735625076E1,-7.556250095E0,4.875000000E0
1.047660217E0,2.083125114E1,-4.818750381E0,9.581250191E0
1.057660217E0,1.513125038E1,-2.325000048E0,1.541250038E1
1.067660217E0,1.792500114E1,-3.843750238E0,1.751250076E1
1.077660217E0,2.559375191E1,-6.506250381E0,1.325625038E1
1.087660217E0,2.881875038E1,-7.893750191E0,7.068750381E0
1.097660217E0,2.670000076E1,-8.400000572E0,4.631250381E0
1.107660217E0,1.978125000E1,-5.831250191E0,9.525000572E0
1.117660217E0,1.501875019E1,-3.787500143E0,1.458750057E1
1.127660217E0,1.785000038E1,-3.731250048E0,1.625625038E1
1.137660217E0,2.525625038E1,-6.225000381E0,1.276875019E1
1.147660217E0,2.955000114E1,-8.306250572E0,7.406250477E0
1.157660217E0,2.638125038E1,-8.700000763E0,6.075000286E0
1.167660217E0,1.923750114E1,-6.056250095E0,8.306250572E0
1.177660217E0,1.567500019E1,-2.325000048E0,1.430625057E1
1.187660217E0,1.753125000E1,-4.031250000E0,1.738125038E1
1.197660217E0,2.514375114E1,-6.300000191E0,1.605000114E1
1.207660217E0,2.760000038E1,-9.993750572E0,8.193750381E0
1.217660217E0,2.473125076E1,-8.643750191E0,5.625000000E0
1.227660217E0,1.920000076E1,-5.887500286E0,8.756250381E0
1.237660217E0,1.524375057E1,-2.625000000E0,1.605000114E1
1.247660217E0,1.621875000E1,-3.018750191E0,1.700625038E1
1.257660217E0,2.291250038E1,-6.506250381E0,1.312500095E1
1.267660217E0,2.761875153E1,-9.018750191E0,8.737500191E0
1.277660217E0,2.634375191E1,-7.068750381E0,7.968750477E0
1.287660217E0,1.831875038E1,-6.525000095E0,1.085625076E1
1.297660217E0,1.351875019E1,-4.912500381E0,1.736250114E1
1.307660217E0,1.665000153E1,-3.112500191E0,1.826250076E1
1.317660217E0,2.236875153E1,-6.525000095E0,1.376250076E1
1.327660217E0,2.705625153E1,-9.075000763E0,8.437500000E0
1.337660217E0,2.525625038E1,-8.531250000E0,8.887500763E0
1.347660217E0,1.770000076E1,-6.093750477E0,1.051875019E1
1.357660217E0,1.460625076E1,-3.131250143E0,1.595625019E1
1.367660217E0,1.618125153E1,-4.387500286E0,1.884375000E1
1.377660217E0,2.240625000E1,-6.468750477E0,1.610625076E1
1.387660217E0,2.503125191E1,-9.468750000E0,1.021875000E1
1.397660217E0,2.585625076E1,-8.062500000E0,7.125000477E0
1.407660217E0,1.796250153E1,-5.643750191E0,9.225000381E0
1.417660217E0,1.374375057E1,-3.975000143E0,1.635000038E1
1.427660217E0,1.563750076E1,-4.387500286E0,2.025000000E1
1.437660217E0,2.040000153E1,-9.150000572E0,1.496250057E1
1.447660217E0,2.623125076E1,-8.625000000E0,9.506250381E0
1.457660217E0,2.499375153E1,-9.525000572E0,8.043750763E0
1.467660217E0,1.456875038E1,-2.962500095E0,1.687500000E1
1.477660217E0,1.456875038E1,-2.962500095E0,1.687500000E1
1.487660217E0,1.462500095E1,-4.650000095E0,1.858125114E1
1.497660217E0,2.508750153E1,-8.475000381E0,1.185000038E1
1.507660217E0,2.508750153E1,-8.475000381E0,1.185000038E1
1.517660217E0,2.431875038E1,-9.543750763E0,8.831250191E0
1.527660217E0,1.462500095E1,-4.875000000E0,1.593750095E1
1.537660217E0,1.419375038E1,-4.968750000E0,1.938750076E1
1.547660217E0,2.251875114E1,-6.768750191E0,1.644375038E1
1.557660217E0,2.520000076E1,-1.053750038E1,1.108125019E1
1.567660217E0,2.422500038E1,-1.036875057E1,7.800000191E0
1.577660217E0,1.875000000E1,-9.000000000E0,1.185000038E1
1.587660217E0,1.425000095E1,-4.725000381E0,1.640625000E1
1.597660217E0,1.440000057E1,-5.606250286E0,1.897500038E1
1.607660217E0,1.890000153E1,-1.057500076E1,1.854375076E1
1.617660217E0,2.589375114E1,-1.140000057E1,1.286250019E1
1.627660217E0,2.422500038E1,-1.128750038E1,8.831250191E0
1.637660217E0,1.790625000E1,-8.887500763E0,1.200000000E1
1.647660217E0,1.428750038E1,-6.131250381E0,1.698750114E1
1.657660217E0,1.316250038E1,-8.981250763E0,1.989375114E1
1.667660217E0,1.846875000E1,-1.027500057E1,1.882500076E1
1.677660217E0,2.490000153E1,-1.111875057E1,1.365000057E1
1.687660217E0,2.446875191E1,-1.273125076E1,7.368750095E0
1.697660217E0,1.845000076E1,-1.158750057E1,1.035000038E1
1.707660217E0,1.226250076E1,-7.387500286E0,1.635000038E1
1.717660217E0,1.378125095E1,-7.856250286E0,1.869375038E1
1.727660217E0,1.773750114E1,-1.128750038E1,1.768125153E1
1.737660217E0,2.484375191E1,-1.336875057E1,1.273125076E1
1.747660217E0,2.265000153E1,-1.344375038E1,8.400000572E0
1.757660217E0,1.762500000E1,-9.881250381E0,1.083750057E1
1.767660217E0,1.271250057E1,-9.750000000E0,1.575000095E1
1.777660217E0,1.241250038E1,-7.725000381E0,2.120625114E1
1.787660217E0,1.839375114E1,-1.076250076E1,1.839375114E1
1.797660217E0,2.107500076E1,-1.421250057E1,1.303125095E1
1.807660217E0,2.154375076E1,-1.522500038E1,9.187500000E0
1.817660217E0,1.458750057E1,-1.305000019E1,1.192500019E1
1.827660217E0,9.187500000E0,-1.087500000E1,1.683750153E1
1.837660217E0,1.083750057E1,-1.016250038E1,2.191875076E1
1.847660217E0,1.470000076E1,-1.288125038E1,1.816875076E1
1.857660217E0,2.015625000E1,-1.550625038E1,1.408125019E1
1.867660217E0,1.886250114E1,-1.618125153E1,9.618750572E0
1.877660217E0,1.297500038E1,-1.316250038E1,1.149375057E1
1.887660217E0,8.625000000E0,-9.975000381E0,1.582500076E1
1.897660217E0,6.581250191E0,-1.141875076E1,2.051250076E1
1.907660217E0,1.282500076E1,-1.200000000E1,2.015625000E1
1.917660217E0,1.813125038E1,-1.706250000E1,1.361250019E1
1.927660217E0,1.661250114E1,-1.835625076E1,9.693750381E0
1.937660217E0,1.156875038E1,-1.576875019E1,1.158750057E1
1.947660217E0,4.987500191E0,-1.350000095E1,1.696875000E1
1.957660217E0,6.487500191E0,-1.224375057E1,1.933125114E1
1.967660217E0,8.981250763E0,-1.479375076E1,1.841250038E1
1.977660217E0,1.177500057E1,-2.158125114E1,1.269375038E1
1.987660217E0,1.329375076E1,-1.980000114E1,1.048125076E1
1.997660217E0,6.393750191E0,-1.914375114E1,8.981250763E0
2.007660217E0,1.856250048E0,-1.353750038E1,1.638750076E1
2.017660217E0,7.125000358E-1,-1.546875095E1,1.813125038E1
2.027660217E0,5.925000191E0,-1.704375076E1,1.848750114E1
2.037660217E0,1.036875057E1,-2.085000038E1,1.327500057E1
2.047660217E0,1.040625000E1,-2.188125038E1,9.918750763E0
2.057660217E0,5.943750381E0,-2.008125114E1,1.078125000E1
2.067660217E0,4.500000179E-1,-1.666875076E1,1.449375057E1
2.077660217E0,-9.187500477E-1,-1.775625038E1,1.865625000E1
2.087660217E0,3.468750238E0,-2.068125153E1,1.805625153E1
2.097660217E0,6.375000477E0,-2.557500076E1,1.108125019E1
2.107660217E0,8.006250381E0,-2.711250114E1,8.981250763E0
2.117660217E0,3.600000143E0,-2.332500076E1,6.562500477E0
2.127660217E0,-2.981250048E0,-2.073750114E1,1.190625000E1
2.137660217E0,-3.187500238E0,-2.049375153E1,1.580625057E1
2.147660217E0,7.125000358E-1,-2.533125114E1,1.552500057E1
2.157660217E0,6.412500381E0,-2.878125191E1,9.937500000E0
2.167660217E0,7.631250381E0,-2.887500191E1,2.887500048E0
2.177660217E0,2.775000095E0,-2.694375038E1,3.431250095E0
2.187660217E0,-3.056250095E0,-2.439375114E1,5.025000095E0
2.197660217E0,-3.393750191E0,-2.448750114E1,8.943750381E0
2.207660217E0,1.275000095E0,-2.806875038E1,5.887500286E0
2.217660217E0,7.237500191E0,-3.073125076E1,-8.625000119E-1
2.227660217E0,7.218750477E0,-3.151875114E1,-6.881250381E0
2.237660217E0,4.068750381E0,-2.827500153E1,-8.662500381E0
2.247660217E0,1.500000060E-1,-2.385000038E1,-5.700000286E0
2.257660217E0,5.062500238E-1,-2.173125076E1,-4.162500381E0
2.267660217E0,4.556250095E0,-2.550000191E1,-6.412500381E0
2.277660217E0,1.100625038E1,-2.808750153E1,-1.160625076E1
2.287660217E0,1.230000019E1,-2.617500114E1,-2.023125076E1
2.297660217E0,8.418750763E0,-2.280000114E1,-2.107500076E1
2.307660217E0,5.381250381E0,-1.689375114E1,-1.854375076E1
2.317660217E0,4.762500286E0,-1.539375019E1,-1.396875095E1
2.327660217E0,1.057500076E1,-1.650000000E1,-1.522500038E1
2.337660217E0,1.552500057E1,-1.860000038E1,-2.216250038E1
2.347660217E0,1.693125153E1,-1.923750114E1,-2.572500038E1
2.357660217E0,1.411875057E1,-1.087500000E1,-2.589375114E1
2.367660217E0,1.091250038E1,-7.518750191E0,-2.347500038E1
2.377660217E0,8.062500000E0,-7.237500191E0,-1.783125114E1
2.387660217E0,1.430625057E1,-6.881250381E0,-1.905000114E1
2.397660217E0,1.875000000E1,-8.325000763E0,-2.353125000E1
2.407660217E0,2.199375153E1,-7.912500381E0,-2.752500153E1
2.417660217E0,1.895625114E1,-1.931250095E0,-2.782500076E1
2.427660217E0,1.306875038E1,-2.250000089E-1,-2.146875000E1
2.437660217E0,9.843750000E0,6.187500358E-1,-1.835625076E1
2.447660217E0,1.663125038E1,2.025000095E0,-1.606875038E1
2.457660217E0,2.206875038E1,-6.187500358E-1,-2.109375000E1
2.467660217E0,2.364375114E1,-7.687500119E-1,-2.454375076E1
2.477660217E0,1.989375114E1,2.943750143E0,-2.495625114E1
2.487660217E0,1.351875019E1,4.893750191E0,-2.064375114E1
2.497660217E0,1.239375019E1,7.350000381E0,-1.411875057E1
2.507660217E0,1.672500038E1,5.156250000E0,-1.149375057E1
2.517660217E0,2.529375076E1,6.487500191E0,-1.674375153E1
2.527660217E0,2.490000153E1,3.375000238E0,-1.991250038E1
2.537660217E0,2.126250076E1,8.043750763E0,-2.055000114E1
2.547660217E0,1.531875038E1,1.111875057E1,-1.588125038E1
2.557660217E0,1.357500076E1,1.351875019E1,-1.089375019E1
2.567660217E0,1.815000153E1,1.320000076E1,-9.525000572E0
2.577660217E0,2.476875114E1,1.066875076E1,-1.271250057E1
2.587660217E0,2.619375038E1,1.036875057E1,-1.535625076E1
2.597660217E0,2.150625038E1,1.183125019E1,-1.509375095E1
2.607660217E0,1.856250000E1,1.740000153E1,-1.301250076E1
2.617660217E0,1.477500057E1,1.689375114E1,-5.718750000E0
2.627660217E0,1.905000114E1,1.636875153E1,-4.968750000E0
2.637660217E0,2.501250076E1,1.663125038E1,-8.831250191E0
2.647660217E0,2.683125114E1,1.471875095E1,-1.323750019E1
2.657660217E0,2.328750038E1,1.899375153E1,-1.149375057E1
2.667660217E0,1.753125000E1,2.203125000E1,-9.000000000E0
2.677660217E0,1.698750114E1,2.280000114E1,-2.193750143E0
2.687660217E0,2.167500114E1,2.238750076E1,1.837500095E0
2.697660217E0,2.643750191E1,1.940625000E1,-2.512500048E0
2.707660217E0,2.730000114E1,1.670625114E1,-4.968750000E0
2.717660217E0,2.223750114E1,1.873125076E1,-6.618750095E0
2.727660217E0,1.888125038E1,2.216250038E1,-6.000000238E-1
2.737660217E0,1.740000153E1,2.521875191E1,5.100000381E0
2.747660217E0,1.876875114E1,2.190000153E1,7.706250191E0
2.757660217E0,2.666250038E1,2.040000153E1,5.212500095E0
2.767660217E0,2.868750191E1,2.056875038E1,7.875000238E-1
2.777660217E0,2.373750114E1,2.043750000E1,1.031250000E0
2.787660217E0,1.980000114E1,2.506875038E1,5.400000095E0
2.797660217E0,1.721250153E1,2.666250038E1,1.201875019E1
2.807660217E0,2.070000076E1,2.630625153E1,1.528125095E1
2.817660217E0,2.645625114E1,2.212500000E1,1.085625076E1
2.827660217E0,2.825625038E1,2.197500038E1,6.918750286E0
2.837660217E0,2.503125191E1,2.349375153E1,6.225000381E0
2.847660217E0,2.083125114E1,2.643750191E1,1.355625057E1
2.857660217E0,1.861875153E1,2.724375153E1,1.944375038E1
2.867660217E0,2.176875114E1,2.636250114E1,2.056875038E1
2.877660217E0,2.713125038E1,2.469375038E1,1.734375000E1
2.887660217E0,2.758125114E1,2.085000038E1,1.468125057E1
2.897660217E0,2.553750038E1,2.126250076E1,1.672500038E1
2.907660217E0,1.905000114E1,2.351250076E1,2.085000038E1
2.917660217E0,1.785000038E1,2.653125191E1,2.437500191E1
2.927660217E0,2.096250153E1,2.542500114E1,2.971875191E1
2.937660217E0,2.473125076E1,2.190000153E1,2.527500153E1
2.947660217E0,2.726250076E1,2.092500114E1,2.422500038E1
2.957660217E0,2.381250000E1,1.976250076E1,2.373750114E1
2.967660217E0,1.830000114E1,1.912500000E1,3.030000114E1
2.977660217E0,1.580625057E1,1.914375114E1,3.705000305E1
2.987660217E0,1.987500000E1,2.019375038E1,3.768750000E1
2.997660217E0,2.345625114E1,1.451250076E1,3.637500000E1
3.007660217E0,2.780625153E1,1.256250095E1,3.022500038E1
3.017660217E0,2.362500000E1,9.675000191E0,3.208125305E1
3.027660217E0,1.839375114E1,1.106250000E1,3.658125305E1
3.037660217E0,1.614375114E1,1.057500076E1,4.151250076E1
3.047660217E0,1.661250114E1,7.837500095E0,4.455000305E1
3.057660217E0,2.289375114E1,4.237500191E0,3.755625153E1
3.067660217E0,2.619375038E1,8.625000119E-1,3.418125153E1
3.077660217E0,2.589375114E1,7.500000000E-1,3.061875153E1
3.087660217E0,1.951875114E1,3.000000119E-1,3.388125229E1
3.097660217E0,1.655625153E1,1.837500095E0,3.879375076E1
3.107660217E0,1.972500038E1,7.500000000E-1,3.868125153E1
3.117660217E0,2.210625076E1,-4.837500095E0,3.691875076E1
3.127660217E0,2.769375038E1,-4.575000286E0,2.836875153E1
3.137660217E0,2.563125038E1,-5.231250286E0,2.565000153E1
3.147660217E0,2.178750038E1,-4.275000095E0,2.891250038E1
3.157660217E0,1.865625000E1,-2.287500143E0,3.346875000E1
3.167660217E0,1.831875038E1,-3.881250143E0,3.438750076E1
3.177660217E0,2.452500153E1,-5.962500095E0,3.056250191E1
3.187660217E0,2.728125191E1,-9.150000572E0,2.313750076E1
3.197660217E0,2.775000191E1,-7.575000286E0,2.236875153E1
3.207660217E0,2.036250114E1,-7.368750095E0,2.278125000E1
3.217660217E0,1.670625114E1,-6.525000095E0,2.730000114E1
3.227660217E0,2.043750000E1,-5.268750191E0,3.041250038E1
3.237660217E0,2.370000076E1,-7.106250286E0,2.490000153E1
3.247660217E0,2.610000038E1,-9.412500381E0,1.567500019E1
3.257660217E0,2.610000038E1,-9.412500381E0,1.567500019E1
3.267660217E0,2.216250038E1,-7.200000286E0,1.867500114E1
3.277660217E0,1.790625000E1,-6.506250381E0,2.508750153E1
3.287660217E0,1.893750000E1,-5.287500381E0,2.715000153E1
3.297660217E0,2.739375114E1,-8.362500191E0,1.650000000E1
3.307660217E0,2.675625038E1,-9.112500191E0,1.376250076E1
3.317660217E0,2.171250153E1,-6.206250191E0,1.561875057E1
3.327660217E0,1.792500114E1,-4.556250095E0,2.101875114E1
3.337660217E0,1.908750153E1,-4.218750000E0,2.488125038E1
3.347660217E0,2.313750076E1,-6.975000381E0,1.925625038E1
3.357660217E0,2.611875153E1,-7.237500191E0,1.440000057E1
3.367660217E0,2.610000038E1,-9.018750191E0,1.250625038E1
3.377660217E0,2.148750114E1,-7.143750191E0,1.665000153E1
3.387660217E0,1.903125000E1,-4.518750191E0,1.944375038E1
3.397660217E0,1.848750114E1,-4.518750191E0,2.100000000E1
3.407660217E0,2.326875114E1,-6.337500095E0,1.905000114E1
3.417660217E0,2.673750114E1,-7.893750191E0,1.194375038E1
3.427660217E0,2.636250114E1,-8.268750191E0,1.057500076E1
3.437660217E0,2.229375076E1,-7.331250191E0,1.351875019E1
3.447660217E0,1.921875000E1,-4.556250095E0,1.756875038E1
3.457660217E0,1.908750153E1,-3.206250191E0,2.103750038E1
3.467660217E0,2.206875038E1,-7.706250191E0,1.747500038E1
3.477660217E0,2.688750076E1,-8.981250763E0,1.201875019E1
3.487660217E0,2.733750153E1,-8.062500000E0,1.038750076E1
3.497660217E0,2.263125038E1,-5.756250381E0,1.230000019E1
3.507660217E0,1.848750114E1,-3.825000048E0,1.689375114E1
3.517660217E0,1.781250000E1,-4.237500191E0,2.100000000E1
3.527660217E0,2.079375076E1,-9.056250572E0,1.728750038E1
3.537660217E0,2.626875114E1,-8.887500763E0,1.156875038E1
3.547660217E0,2.716875076E1,-8.437500000E0,8.062500000E0
3.557660217E0,2.336250114E1,-6.731250286E0,9.862500191E0
3.567660217E0,1.916250038E1,-2.850000143E0,1.616250038E1
3.577660217E0,1.845000076E1,-3.656250238E0,1.781250000E1
3.587660217E0,2.238750076E1,-4.725000381E0,1.612500000E1
3.597660217E0,2.696250153E1,-6.956250191E0,1.061250019E1
3.607660217E0,2.666250038E1,-8.006250381E0,7.893750191E0
3.617660217E0,2.471250153E1,-6.675000191E0,8.737500191E0
3.627660217E0,2.056875038E1,-3.600000143E0,1.511250019E1
3.637660217E0,1.880625153E1,-3.300000191E0,1.839375114E1
3.647660217E0,2.338125038E1,-5.306250095E0,1.552500057E1
3.657660217E0,2.668125153E1,-7.968750477E0,8.981250763E0
3.667660217E0,2.765625191E1,-7.987500191E0,6.000000000E0
3.677660217E0,2.428125191E1,-5.418750286E0,9.262500763E0
3.687660217E0,2.006250000E1,-4.293750286E0,1.346250057E1
3.697660217E0,2.086875153E1,-1.931250095E0,1.762500000E1
3.707660217E0,2.248125076E1,-4.425000191E0,1.500000095E1
3.717660217E0,2.806875038E1,-4.143750191E0,6.768750191E0
3.727660217E0,2.585625076E1,-8.268750191E0,5.100000381E0
3.737660217E0,2.349375153E1,-6.918750286E0,7.837500095E0
3.747660217E0,2.040000153E1,-1.818750024E0,1.091250038E1
3.757660217E0,1.891875076E1,-3.618750095E0,1.811250114E1
3.767660217E0,2.248125076E1,-5.362500191E0,1.554375076E1
3.777660217E0,2.685000038E1,-7.500000477E0,8.625000000E0
3.787660217E0,2.715000153E1,-8.081250191E0,3.825000048E0
3.797660217E0,2.355000114E1,-4.912500381E0,5.643750191E0
3.807660217E0,2.133750153E1,-2.043750048E0,1.231875038E1
3.817660217E0,1.955625153E1,-1.537500024E0,1.730625153E1
3.827660217E0,2.105625153E1,-4.987500191E0,1.522500038E1
3.837660217E0,2.550000191E1,-8.081250191E0,7.125000477E0
3.847660217E0,2.718750191E1,-6.468750477E0,4.462500095E0
3.857660217E0,2.385000038E1,-6.581250191E0,8.287500381E0
3.867660217E0,2.116875076E1,-2.493750095E0,1.314375019E1
3.877660217E0,1.833750153E1,-2.718750000E0,1.710000038E1
3.887660217E0,2.135625076E1,-3.562500238E0,1.479375076E1
3.897660217E0,2.445000076E1,-8.268750191E0,8.568750381E0
3.907660217E0,2.656875038E1,-7.575000286E0,5.981250286E0
3.917660217E0,2.439375114E1,-6.581250191E0,7.012500286E0
3.927660217E0,1.951875114E1,-4.818750381E0,1.258125019E1
3.937660217E0,1.871250153E1,-3.825000048E0,1.687500000E1
3.947660217E0,2.090625000E1,-4.481250286E0,1.644375038E1
3.957660217E0,2.471250153E1,-6.656250477E0,9.206250191E0
3.967660217E0,2.621250153E1,-7.612500191E0,5.212500095E0
3.977660217E0,2.326875114E1,-6.618750095E0,8.287500381E0
3.987660217E0,1.953750038E1,-4.818750381E0,1.305000019E1
3.997660217E0,1.612500000E1,-3.618750095E0,1.800000000E1
4.007660217E0,1.951875114E1,-5.512500286E0,1.638750076E1
4.017660217E0,2.415000153E1,-7.312500477E0,1.005000019E1
4.027660217E0,2.482500076E1,-9.281250000E0,5.362500191E0
4.037660217E0,2.347500038E1,-7.237500191E0,7.725000381E0
4.047660217E0,1.873125076E1,-3.618750095E0,1.201875019E1
4.057660217E0,1.687500000E1,-2.175000191E0,1.725000000E1
4.067660217E0,1.899375153E1,-3.037500143E0,1.571250057E1
4.077660217E0,2.148750114E1,-7.593750477E0,1.106250000E1
4.087660217E0,2.514375114E1,-9.993750572E0,7.762500286E0
4.097660217E0,2.220000076E1,-8.287500381E0,7.200000286E0
4.107660217E0,1.976250076E1,-2.100000143E0,1.344375038E1
4.117660217E0,1.552500057E1,-2.531250000E0,1.901250076E1
4.127660217E0,1.760625076E1,-3.750000238E0,1.595625019E1
4.137660217E0,2.325000000E1,-5.887500286E0,1.166250038E1
4.147660217E0,2.398125076E1,-7.706250191E0,7.125000477E0
4.157660217E0,2.203125000E1,-6.075000286E0,7.650000095E0
4.167660217E0,1.710000038E1,-3.543750048E0,1.250625038E1
4.177660217E0,1.455000019E1,-2.137500048E0,1.790625000E1
4.187660217E0,1.762500000E1,-3.731250048E0,1.674375153E1
4.197660217E0,2.190000153E1,-5.925000191E0,1.325625038E1
4.207660217E0,2.527500153E1,-6.637500286E0,8.418750763E0
4.217660217E0,2.355000114E1,-4.687500000E0,8.756250381E0
4.227660217E0,1.805625153E1,-2.812500000E0,1.415625095E1
4.237660217E0,1.655625153E1,-2.175000191E0,1.833750153E1
4.247660217E0,1.785000038E1,-1.950000048E0,1.783125114E1
4.257660217E0,2.285625076E1,-4.818750381E0,1.126875019E1
4.267660217E0,2.666250038E1,-4.050000191E0,7.706250191E0
4.277660217E0,2.298750114E1,-4.725000381E0,8.756250381E0
4.287660217E0,1.891875076E1,-7.500000000E-1,1.271250057E1
4.297660217E0,1.456875038E1,-1.181250095E0,1.798125076E1
4.307660217E0,1.837500000E1,-5.062500238E-1,1.723125076E1
4.317660217E0,2.326875114E1,-2.850000143E0,1.329375076E1
4.327660217E0,2.512500191E1,-6.168750286E0,8.850000381E0
4.337660217E0,2.420625114E1,-4.443750381E0,1.044375038E1
4.347660217E0,1.843125153E1,-8.812500238E-1,1.477500057E1
4.357660217E0,1.546875095E1,9.375000596E-1,1.873125076E1
4.367660217E0,1.824375153E1,9.187500477E-1,1.773750114E1
4.377660217E0,2.225625038E1,-3.206250191E0,1.396875095E1
4.387660217E0,2.615625191E1,-3.393750191E0,1.016250038E1
4.397660217E0,2.401875114E1,-3.712500095E0,8.512500763E0
4.407660217E0,1.925625038E1,1.668750048E0,1.361250019E1
4.417660217E0,1.740000153E1,2.568750143E0,1.636875153E1
4.427660217E0,1.732500076E1,-1.012500048E0,1.869375038E1
4.437660217E0,2.304375076E1,-1.612500072E0,1.226250076E1
4.447660217E0,2.536875153E1,-6.337500095E0,7.612500191E0
4.457660217E0,2.407500076E1,-4.162500381E0,9.318750381E0
4.467660217E0,1.966875076E1,-2.250000089E-1,1.265625095E1
4.477660217E0,1.616250038E1,2.831250191E0,1.698750114E1
4.487660217E0,1.841250038E1,1.087500095E0,1.788750076E1
4.497660217E0,2.218125153E1,-2.756250143E0,1.314375019E1
4.507660217E0,2.480625153E1,-6.168750286E0,9.956250191E0
4.517660217E0,2.505000114E1,-2.718750000E0,7.931250095E0
4.527660217E0,2.124375153E1,-4.687500298E-1,1.203750038E1
4.537660217E0,1.691250038E1,3.056250095E0,1.790625000E1
4.547660217E0,1.721250153E1,8.437500596E-1,1.745625114E1
4.557660217E0,2.184375000E1,-3.618750095E0,1.134375000E1
4.567660217E0,2.396250153E1,-6.262500286E0,8.250000000E0
4.577660217E0,2.411250114E1,-3.412500143E0,7.706250191E0
4.587660217E0,2.041875076E1,-1.875000075E-2,1.310625076E1
4.597660217E0,1.698750114E1,2.700000048E0,1.620000076E1
4.607660217E0,1.717500114E1,1.631250024E0,1.738125038E1
4.617660217E0,2.150625038E1,-3.431250095E0,1.336875057E1
4.627660217E0,2.510625076E1,-3.787500143E0,9.431250572E0
4.637660217E0,2.698125076E1,-3.225000143E0,8.100000381E0
4.647660217E0,2.173125076E1,8.437500596E-1,1.301250076E1
4.657660217E0,1.711875153E1,3.037500143E0,1.680000114E1
4.667660217E0,1.676250076E1,2.250000089E-1,1.845000076E1
4.677660217E0,2.143125153E1,-3.300000191E0,1.241250038E1
4.687660217E0,2.531250191E1,-5.662500381E0,9.581250191E0
4.697660217E0,2.486250114E1,-3.206250191E0,7.518750191E0
4.707660217E0,2.355000114E1,1.875000119E0,1.164375019E1
4.717660217E0,1.875000000E1,2.343750000E0,1.651875114E1
4.727660217E0,1.828125000E1,1.368750095E0,1.676250076E1
4.737660217E0,2.268750000E1,-2.906250000E0,1.252500057E1
4.747660217E0,2.555625153E1,-4.406250000E0,9.018750191E0
4.757660217E0,2.718750191E1,-4.481250286E0,8.062500000E0
4.767660217E0,2.259375000E1,-1.125000045E-1,1.072500038E1
4.777660217E0,1.944375038E1,3.018750191E0,1.629375076E1
4.787660217E0,2.011875153E1,1.481250048E0,1.704375076E1
4.797660217E0,2.220000076E1,-3.262500048E0,1.162500000E1
4.807660217E0,2.508750153E1,-6.225000381E0,6.975000381E0
4.817660217E0,2.643750191E1,-4.931250095E0,4.968750000E0
4.827660217E0,2.437500191E1,-6.562500000E-1,9.337500572E0
4.837660217E0,2.017500114E1,4.875000119E-1,1.509375095E1
4.847660217E0,1.833750153E1,-2.625000179E-1,1.456875038E1
4.857660217E0,2.158125114E1,-5.006250381E0,1.335000038E1
4.867660217E0,2.527500153E1,-7.181250095E0,5.812500000E0
4.877660217E0,2.527500153E1,-4.706250191E0,3.881250143E0
4.887660217E0,2.293125153E1,0.000000000E0,7.893750191E0
4.897660217E0,1.923750114E1,2.587500095E0,1.211250019E1
4.907660217E0,1.875000000E1,-3.075000048E0,1.494375038E1
4.917660217E0,2.017500114E1,-8.681250572E0,8.512500763E0
4.927660217E0,2.482500076E1,-7.443750381E0,3.337500095E0
4.937660217E0,2.377500153E1,-4.275000095E0,5.587500095E0
4.947660217E0,2.263125038E1,3.375000060E-1,9.281250000E0
4.957660217E0,1.950000000E1,-6.937500238E-1,1.380000019E1
4.967660217E0,1.850625038E1,-4.556250095E0,1.303125095E1
4.977660217E0,2.283750153E1,-7.762500286E0,7.612500191E0
4.987660217E0,2.409375191E1,-7.612500191E0,3.993750095E0
4.997660217E0,2.008125114E1,-2.437500060E-1,1.110000038E1
5.007660217E0,2.008125114E1,-2.437500060E-1,1.110000038E1
5.017660217E0,1.965000153E1,2.812500000E-1,1.417500019E1
5.027660217E0,2.105625153E1,-4.593750000E0,1.205625057E1
5.037660217E0,2.491875076E1,-5.756250381E0,6.637500286E0
5.047660217E0,2.670000076E1,-4.481250286E0,3.375000238E0
5.057660217E0,2.495625114E1,-3.525000095E0,7.218750477E0
5.067660217E0,1.968750000E1,-1.125000000E0,1.477500057E1
5.077660217E0,1.968750000E1,-1.125000000E0,1.477500057E1
5.087660217E0,2.443125153E1,-8.287500381E0,7.781250477E0
5.097660217E0,2.829375076E1,-5.606250286E0,4.687500000E0
5.107660217E0,2.565000153E1,-5.550000191E0,6.768750191E0
5.117660217E0,1.991250038E1,-1.950000048E0,1.295625019E1
5.127660217E0,1.745625114E1,6.562500000E-1,1.543125057E1
5.137660217E0,2.002500153E1,-3.806250095E0,1.389375019E1
5.147660217E0,2.506875038E1,-5.381250381E0,8.793750763E0
5.157660217E0,2.670000076E1,-6.637500286E0,5.737500191E0
5.167660217E0,2.553750038E1,-5.887500286E0,6.787500381E0
5.177660217E0,2.139375114E1,-1.556250095E0,1.211250019E1
5.187660217E0,1.762500000E1,-9.375000596E-1,1.430625057E1
5.197660217E0,2.118750000E1,-3.712500095E0,1.526250076E1
5.207660217E0,2.501250076E1,-6.468750477E0,9.975000381E0
5.217660217E0,2.703750038E1,-6.600000381E0,5.737500191E0
5.227660217E0,2.617500114E1,-5.681250095E0,6.918750286E0
5.237660217E0,2.109375000E1,-2.981250048E0,1.303125095E1
5.247660217E0,1.858125114E1,-2.250000089E-1,1.563750076E1
5.257660217E0,2.137500000E1,-1.968750119E0,1.496250057E1
5.267660217E0,2.469375038E1,-6.675000191E0,8.437500000E0
5.277660217E0,2.784375191E1,-7.481250286E0,7.050000191E0
5.287660217E0,2.508750153E1,-6.206250191E0,7.762500286E0
5.297660217E0,2.141250038E1,-3.018750191E0,1.113750076E1
5.307660217E0,1.755000114E1,-3.000000000E0,1.479375076E1
5.317660217E0,1.980000114E1,-3.806250095E0,1.451250076E1
5.327660217E0,2.323125076E1,-8.212500572E0,7.650000095E0
5.337660217E0,2.630625153E1,-8.343750000E0,7.612500191E0
5.347660217E0,2.726250076E1,-4.612500191E0,9.318750381E0
5.357660217E0,2.143125153E1,-3.281250238E0,1.320000076E1
5.367660217E0,1.938750076E1,-1.500000060E-1,1.640625000E1
5.377660217E0,1.929375076E1,-4.312500000E0,1.503750038E1
5.387660217E0,2.441250038E1,-7.256250381E0,1.160625076E1
5.397660217E0,2.713125038E1,-8.493750572E0,5.887500286E0
5.407660217E0,2.570625114E1,-6.656250477E0,6.843750477E0
5.417660217E0,2.285625076E1,-3.337500095E0,1.333125019E1
5.427660217E0,1.792500114E1,-2.925000191E0,1.620000076E1
5.437660217E0,1.925625038E1,-3.825000048E0,1.531875038E1
5.447660217E0,2.340000153E1,-6.675000191E0,1.141875076E1
5.457660217E0,2.505000114E1,-7.818750381E0,6.637500286E0
5.467660217E0,2.529375076E1,-7.143750191E0,7.368750095E0
5.477660217E0,2.220000076E1,-2.756250143E0,1.346250057E1
5.487660217E0,1.914375114E1,-1.125000000E0,1.586250019E1
5.497660217E0,2.075625038E1,-9.187500477E-1,1.410000038E1
5.507660217E0,2.235000038E1,-6.768750191E0,1.066875076E1
5.517660217E0,2.632500076E1,-9.468750000E0,6.918750286E0
5.527660217E0,2.735625076E1,-5.775000095E0,6.750000477E0
5.537660217E0,2.248125076E1,-3.412500143E0,1.147500038E1
5.547660217E0,1.974375153E1,-1.368750095E0,1.760625076E1
5.557660217E0,1.970625114E1,-2.868750095E0,1.475625038E1
5.567660217E0,2.373750114E1,-6.656250477E0,1.171875000E1
5.577660217E0,2.615625191E1,-9.637500763E0,6.787500381E0
5.587660217E0,2.553750038E1,-7.125000477E0,7.668750286E0
5.597660217E0,2.364375114E1,-3.318750143E0,1.222500038E1
5.607660217E0,1.955625153E1,-2.381250143E0,1.518750095E1
5.617660217E0,2.146875000E1,-1.462500095E0,1.618125153E1
5.627660217E0,2.216250038E1,-5.475000381E0,1.181250000E1
5.637660217E0,2.585625076E1,-8.062500000E0,7.125000477E0
5.647660217E0,2.681250191E1,-5.775000095E0,7.856250286E0
5.657660217E0,2.334375000E1,-2.568750143E0,1.140000057E1
5.667660217E0,2.028750038E1,-1.350000024E0,1.680000114E1
5.677660217E0,2.019375038E1,-1.875000119E0,1.483125019E1
5.687660217E0,2.201250076E1,-7.406250477E0,1.134375000E1
5.697660217E0,2.595000076E1,-9.637500763E0,7.556250095E0
5.707660217E0,2.634375191E1,-8.512500763E0,6.993750095E0
5.717660217E0,2.274375153E1,-5.437500000E0,1.179375076E1
5.727660217E0,1.762500000E1,-3.112500191E0,1.575000095E1
5.737660217E0,1.751250076E1,-4.987500191E0,1.730625153E1
5.747660217E0,2.120625114E1,-6.618750095E0,1.269375038E1
5.757660217E0,2.467500114E1,-8.268750191E0,8.100000381E0
5.767660217E0,2.615625191E1,-7.237500191E0,7.837500095E0
5.777660217E0,2.310000038E1,-3.543750048E0,1.100625038E1
5.787660217E0,1.981875038E1,-2.025000095E0,1.655625153E1
5.797660217E0,1.781250000E1,-4.706250191E0,1.541250038E1
5.807660217E0,1.959375000E1,-7.950000286E0,1.378125095E1
5.817660217E0,2.536875153E1,-9.975000381E0,7.762500286E0
5.827660217E0,2.643750191E1,-8.625000000E0,8.418750763E0
5.837660217E0,2.463750076E1,-2.775000095E0,1.295625019E1
5.847660217E0,2.051250076E1,-1.050000072E0,1.584375095E1
5.857660217E0,1.878750038E1,-3.337500095E0,1.698750114E1
5.867660217E0,2.163750076E1,-6.937500477E0,1.194375038E1
5.877660217E0,2.553750038E1,-8.568750381E0,6.693750381E0
5.887660217E0,2.701875114E1,-5.793750286E0,6.750000477E0
5.897660217E0,2.317500114E1,-5.231250286E0,1.318125057E1
5.907660217E0,2.000625038E1,-3.393750191E0,1.822500038E1
5.917660217E0,2.010000038E1,-1.556250095E0,1.558125019E1
5.927660217E0,2.218125153E1,-7.218750477E0,1.149375057E1
5.937660217E0,2.675625038E1,-8.100000381E0,9.618750572E0
5.947660217E0,2.771250153E1,-8.437500000E0,6.975000381E0
5.957660217E0,2.246250153E1,-5.925000191E0,1.215000057E1
5.967660217E0,2.036250114E1,-3.243750095E0,1.665000153E1
5.977660217E0,1.899375153E1,-3.037500143E0,1.603125000E1
5.987660217E0,2.315625000E1,-5.231250286E0,1.271250057E1
5.997660217E0,2.536875153E1,-9.056250572E0,7.050000191E0
6.007660217E0,2.692500114E1,-7.950000286E0,9.431250572E0
6.017660217E0,2.516250038E1,-5.268750191E0,1.299375057E1
6.027660217E0,1.950000000E1,-3.787500143E0,1.608750153E1
6.037660217E0,2.006250000E1,-1.968750119E0,1.764375114E1
6.047660217E0,2.235000038E1,-4.987500191E0,1.177500057E1
6.057660217E0,2.572500038E1,-9.318750381E0,8.175000191E0
6.067660217E0,2.728125191E1,-8.118750572E0,7.725000381E0
6.077660217E0,2.347500038E1,-6.187500477E0,1.185000038E1
6.087660217E0,2.090625000E1,-2.943750143E0,1.490625095E1
6.097660217E0,1.880625153E1,-3.543750048E0,1.530000019E1
6.107660217E0,2.212500000E1,-5.925000191E0,1.278750038E1
6.117660217E0,2.649375153E1,-6.618750095E0,6.525000095E0
6.127660217E0,2.596875191E1,-7.650000095E0,4.593750000E0
6.137660217E0,2.493750191E1,-4.050000191E0,1.196250057E1
6.147660217E0,2.028750038E1,-1.593750119E0,1.370625019E1
6.157660217E0,1.890000153E1,-2.718750000E0,1.631250000E1
6.167660217E0,2.128125000E1,-6.037500381E0,1.093125057E1
6.177660217E0,2.677500153E1,-7.368750095E0,7.668750286E0
6.187660217E0,2.850000191E1,-5.418750286E0,5.925000191E0
6.197660217E0,2.418750191E1,-4.481250286E0,9.037500381E0
6.207660217E0,1.974375153E1,-1.893750072E0,1.515000057E1
6.217660217E0,1.970625114E1,-1.687500030E-1,1.485000038E1
6.227660217E0,2.293125153E1,-3.712500095E0,1.117500019E1
6.237660217E0,2.735625076E1,-5.568750381E0,8.775000572E0
6.247660217E0,2.701875114E1,-6.412500381E0,6.975000381E0
6.257660217E0,2.484375191E1,-2.775000095E0,1.216875076E1
6.267660217E0,2.118750000E1,2.437500060E-1,1.509375095E1
6.277660217E0,1.918125153E1,-4.687500298E-1,1.721250153E1
6.287660217E0,2.203125000E1,-3.225000143E0,1.396875095E1
6.297660217E0,2.671875191E1,-5.456250191E0,8.606250763E0
6.307660217E0,2.842500114E1,-4.725000381E0,8.062500000E0
6.317660217E0,2.653125191E1,-1.237500072E0,1.278750038E1
6.327660217E0,2.041875076E1,1.068750024E0,1.848750114E1
6.337660217E0,2.019375038E1,1.050000072E0,1.801875114E1
6.347660217E0,2.124375153E1,-2.400000095E0,1.687500000E1
6.357660217E0,2.692500114E1,-5.006250381E0,1.310625076E1
6.367660217E0,2.805000114E1,-4.575000286E0,8.512500763E0
6.377660217E0,2.454375076E1,-2.418750048E0,1.432500076E1
6.387660217E0,2.071875000E1,1.556250095E0,1.858125114E1
6.397660217E0,1.897500038E1,1.350000024E0,2.036250114E1
6.407660217E0,2.068125153E1,-2.418750048E0,1.766250038E1
6.417660217E0,2.448750114E1,-5.606250286E0,1.411875057E1
6.427660217E0,2.456250191E1,-4.800000191E0,1.406250095E1
6.437660217E0,2.210625076E1,-2.493750095E0,1.734375000E1
6.447660217E0,1.796250153E1,3.750000000E-1,2.169375038E1
6.457660217E0,1.545000076E1,1.368750095E0,2.321250153E1
6.467660217E0,1.841250038E1,-1.068750024E0,1.963125038E1
6.477660217E0,2.190000153E1,-4.875000000E0,1.738125038E1
6.487660217E0,2.340000153E1,-6.225000381E0,1.700625038E1
6.497660217E0,1.845000076E1,-2.812500000E0,1.993125153E1
6.507660217E0,1.325625038E1,-7.500000000E-1,2.625000191E1
6.517660217E0,1.119375038E1,5.625000224E-2,2.527500153E1
6.527660217E0,1.301250076E1,-5.850000381E0,2.463750076E1
6.537660217E0,1.631250000E1,-7.687500477E0,1.974375153E1
6.547660217E0,1.927500153E1,-5.962500095E0,1.845000076E1
6.557660217E0,1.543125057E1,-4.987500191E0,2.218125153E1
6.567660217E0,9.206250191E0,-1.350000024E0,2.401875114E1
6.577660217E0,5.887500286E0,-4.125000000E0,2.851875114E1
6.587660217E0,9.318750381E0,-8.006250381E0,2.332500076E1
6.597660217E0,1.473750019E1,-1.222500038E1,1.890000153E1
6.607660217E0,1.621875000E1,-1.089375019E1,1.798125076E1
6.617660217E0,1.171875000E1,-8.925000191E0,1.897500038E1
6.627660217E0,6.525000095E0,-6.243750095E0,2.476875114E1
6.637660217E0,7.068750381E0,-7.181250095E0,2.390625000E1
6.647660217E0,8.550000191E0,-1.155000019E1,2.253750038E1
6.657660217E0,1.338750076E1,-1.552500057E1,1.715625000E1
6.667660217E0,1.398750019E1,-1.466250038E1,1.207500076E1
6.677660217E0,1.149375057E1,-1.331250095E1,1.481250095E1
6.687660217E0,8.512500763E0,-8.831250191E0,1.792500114E1
6.697660217E0,6.150000095E0,-8.925000191E0,1.985625076E1
6.707660217E0,9.412500381E0,-1.273125076E1,1.807500076E1
6.717660217E0,1.336875057E1,-1.507500076E1,9.768750191E0
6.727660217E0,1.481250095E1,-1.781250000E1,1.029375076E1
6.737660217E0,1.355625057E1,-1.271250057E1,8.643750191E0
6.747660217E0,8.868750572E0,-8.306250572E0,1.256250095E1
6.757660217E0,8.662500381E0,-9.225000381E0,1.468125057E1
6.767660217E0,1.141875076E1,-1.196250057E1,1.235625076E1
6.777660217E0,1.470000076E1,-1.595625019E1,9.356250763E0
6.787660217E0,1.736250114E1,-1.588125038E1,5.568750381E0
6.797660217E0,1.509375095E1,-1.331250095E1,6.787500381E0
6.807660217E0,1.104375076E1,-1.110000038E1,9.956250191E0
6.817660217E0,9.525000572E0,-8.625000000E0,1.102500057E1
6.827660217E0,1.145625019E1,-1.213125038E1,1.190625000E1
6.837660217E0,1.456875038E1,-1.567500019E1,8.250000000E0
6.847660217E0,1.381875038E1,-1.374375057E1,5.287500381E0
6.857660217E0,1.381875038E1,-1.374375057E1,5.287500381E0
6.867660217E0,9.787500381E0,-1.087500000E1,9.487500191E0
6.877660217E0,9.243750572E0,-1.355625057E1,1.033125019E1
6.887660217E0,1.057500076E1,-1.584375095E1,4.725000381E0
6.897660217E0,1.196250057E1,-1.743750000E1,9.375000596E-1
6.907660217E0,1.241250038E1,-1.385625076E1,3.750000238E0
6.917660217E0,6.731250286E0,-1.155000019E1,8.343750000E0
6.927660217E0,4.856250286E0,-9.750000000E0,9.300000191E0
6.937660217E0,5.231250286E0,-1.260000038E1,7.818750381E0
6.947660217E0,8.906250000E0,-1.696875000E1,1.725000024E0
6.957660217E0,1.008750057E1,-1.790625000E1,-7.125000358E-1
6.967660217E0,8.306250572E0,-1.518750095E1,-1.537500024E0
6.977660217E0,5.812500000E0,-1.061250019E1,3.750000238E0
6.987660217E0,2.287500143E0,-1.057500076E1,7.068750381E0
6.997660217E0,4.968750000E0,-1.057500076E1,7.181250095E0
7.007660217E0,1.018125057E1,-1.252500057E1,-8.625000119E-1
7.017660217E0,1.091250038E1,-1.651875114E1,-3.656250238E0
7.027660217E0,1.188750076E1,-9.431250572E0,-1.143750072E0
7.037660217E0,9.731250763E0,-7.556250095E0,3.262500048E0
7.047660217E0,8.193750381E0,-5.493750095E0,7.031250477E0
7.057660217E0,6.993750095E0,-8.625000000E0,4.331250191E0
7.067660217E0,1.136250019E1,-9.393750191E0,1.518750072E0
7.077660217E0,1.642500114E1,-1.218750095E1,-2.081250191E0
7.087660217E0,1.571250057E1,-7.556250095E0,9.937500358E-1
7.097660217E0,1.038750076E1,-7.293750286E0,5.268750191E0
7.107660217E0,7.200000286E0,-6.412500381E0,1.023750019E1
7.117660217E0,9.768750191E0,-8.193750381E0,8.643750191E0
7.127660217E0,1.400625038E1,-8.981250763E0,5.043750286E0
7.137660217E0,1.595625019E1,-1.209375095E1,2.775000095E0
7.147660217E0,1.456875038E1,-9.806250572E0,2.756250143E0
7.157660217E0,1.106250000E1,-7.368750095E0,6.975000381E0
7.167660217E0,8.850000381E0,-5.325000286E0,1.153125000E1
7.177660217E0,1.063125038E1,-5.587500095E0,9.975000381E0
7.187660217E0,1.374375057E1,-9.731250763E0,7.293750286E0
7.197660217E0,1.745625114E1,-1.104375076E1,2.812500000E0
7.207660217E0,1.490625095E1,-9.168750763E0,1.762500048E0
7.217660217E0,1.138125038E1,-7.143750191E0,9.000000000E0
7.227660217E0,9.375000000E0,-4.500000000E0,1.177500057E1
7.237660217E0,8.681250572E0,-8.175000191E0,1.192500019E1
7.247660217E0,1.441875076E1,-1.033125019E1,7.012500286E0
7.257660217E0,1.569375038E1,-1.130625057E1,3.168750048E0
7.267660217E0,1.554375076E1,-1.020000076E1,3.712500095E0
7.277660217E0,1.081875038E1,-7.162500381E0,9.468750000E0
7.287660217E0,9.656250000E0,-2.568750143E0,1.269375038E1
7.297660217E0,9.318750381E0,-7.368750095E0,1.108125019E1
7.307660217E0,1.132500076E1,-9.393750191E0,7.781250477E0
7.317660217E0,1.593750095E1,-1.065000057E1,3.431250095E0
7.327660217E0,1.588125038E1,-9.356250763E0,4.893750191E0
7.337660217E0,1.140000057E1,-6.506250381E0,9.093750000E0
7.347660217E0,9.900000572E0,-3.056250095E0,1.132500076E1
7.357660217E0,8.587500572E0,-5.175000191E0,1.246875095E1
7.367660217E0,1.215000057E1,-9.300000191E0,9.618750572E0
7.377660217E0,1.423125076E1,-1.106250000E1,3.487500191E0
7.387660217E0,1.205625057E1,-9.431250572E0,4.631250381E0
7.397660217E0,1.061250019E1,-5.625000000E0,8.568750381E0
7.407660217E0,7.087500095E0,-3.806250095E0,1.331250095E1
7.417660217E0,7.406250477E0,-5.681250095E0,1.378125095E1
7.427660217E0,1.070625019E1,-8.418750763E0,1.035000038E1
7.437660217E0,1.344375038E1,-9.318750381E0,5.850000381E0
7.447660217E0,1.306875038E1,-9.375000000E0,4.312500000E0
7.457660217E0,9.225000381E0,-5.493750095E0,1.061250019E1
7.467660217E0,6.431250095E0,-3.525000095E0,1.408125019E1
7.477660217E0,7.837500095E0,-4.537500381E0,1.413750076E1
7.487660217E0,1.061250019E1,-8.081250191E0,1.158750057E1
7.497660217E0,1.306875038E1,-1.001250076E1,4.518750191E0
7.507660217E0,1.353750038E1,-7.275000095E0,5.381250381E0
7.517660217E0,1.072500038E1,-6.206250191E0,9.862500191E0
7.527660217E0,6.468750477E0,-3.675000191E0,1.378125095E1
7.537660217E0,6.843750477E0,-6.300000191E0,1.524375057E1
7.547660217E0,1.106250000E1,-7.143750191E0,9.768750191E0
7.557660217E0,1.421250057E1,-9.093750000E0,6.768750191E0
7.567660217E0,1.445625019E1,-7.500000477E0,6.618750095E0
7.577660217E0,1.070625019E1,-5.718750000E0,1.091250038E1
7.587660217E0,7.856250286E0,-4.500000000E0,1.522500038E1
7.597660217E0,7.481250286E0,-5.175000191E0,1.466250038E1
7.607660217E0,1.087500000E1,-7.087500095E0,1.243125057E1
7.617660217E0,1.567500019E1,-1.087500000E1,7.518750191E0
7.627660217E0,1.406250095E1,-9.750000000E0,5.887500286E0
7.637660217E0,1.185000038E1,-7.106250286E0,9.768750191E0
7.647660217E0,8.531250000E0,-4.162500381E0,1.471875095E1
7.657660217E0,6.712500095E0,-6.656250477E0,1.449375057E1
7.667660217E0,1.136250019E1,-8.493750572E0,1.207500076E1
7.677660217E0,1.425000095E1,-1.173750019E1,8.081250191E0
7.687660217E0,1.485000038E1,-1.035000038E1,5.456250191E0
7.697660217E0,1.305000019E1,-7.181250095E0,1.021875000E1
7.707660217E0,9.543750763E0,-5.362500191E0,1.511250019E1
7.717660217E0,8.850000381E0,-6.018750191E0,1.565625095E1
7.727660217E0,1.091250038E1,-9.450000763E0,1.308750057E1
7.737660217E0,1.374375057E1,-1.314375019E1,1.008750057E1
7.747660217E0,1.601250076E1,-1.179375076E1,7.893750191E0
7.757660217E0,1.222500038E1,-9.431250572E0,1.042500019E1
7.767660217E0,9.825000763E0,-7.575000286E0,1.451250076E1
7.777660217E0,9.937500000E0,-6.412500381E0,1.629375076E1
7.787660217E0,1.068750000E1,-1.038750076E1,1.380000019E1
7.797660217E0,1.531875038E1,-1.215000057E1,7.931250095E0
7.807660217E0,1.646250153E1,-1.175625038E1,8.193750381E0
7.817660217E0,1.500000095E1,-7.987500191E0,1.087500000E1
7.827660217E0,1.016250038E1,-5.475000381E0,1.528125095E1
7.837660217E0,1.040625000E1,-6.993750095E0,1.758750153E1
7.847660217E0,1.231875038E1,-9.825000763E0,1.310625076E1
7.857660217E0,1.545000076E1,-1.273125076E1,9.543750763E0
7.867660217E0,1.764375114E1,-1.186875057E1,7.256250381E0
7.877660217E0,1.471875095E1,-8.775000572E0,1.173750019E1
7.887660217E0,1.175625038E1,-5.381250381E0,1.524375057E1
7.897660217E0,1.050000000E1,-6.168750286E0,1.830000114E1
7.907660217E0,1.241250038E1,-1.057500076E1,1.503750038E1
7.917660217E0,1.674375153E1,-1.376250076E1,1.008750057E1
7.927660217E0,1.740000153E1,-1.138125038E1,8.943750381E0
7.937660217E0,1.537500095E1,-9.675000191E0,1.194375038E1
7.947660217E0,1.237500095E1,-5.831250191E0,1.449375057E1
7.957660217E0,1.291875076E1,-3.843750238E0,1.728750038E1
7.967660217E0,1.447500038E1,-9.187500000E0,1.458750057E1
7.977660217E0,1.689375114E1,-1.278750038E1,1.046250057E1
7.987660217E0,1.959375000E1,-1.051875019E1,6.487500191E0
7.997660217E0,1.888125038E1,-6.506250381E0,1.053750038E1
8.007660217E0,1.363125038E1,-5.137500286E0,1.456875038E1
8.017660217E0,1.216875076E1,-5.512500286E0,1.541250038E1
8.027660217E0,1.464375019E1,-8.081250191E0,1.402500057E1
8.037660217E0,1.717500114E1,-1.044375038E1,8.700000763E0
8.047660217E0,1.989375114E1,-9.693750381E0,7.200000286E0
8.057660217E0,1.762500000E1,-8.137500763E0,1.162500000E1
8.067660217E0,1.410000038E1,-5.718750000E0,1.524375057E1
8.077660217E0,1.117500019E1,-6.975000381E0,1.616250038E1
8.087660217E0,1.391250038E1,-8.587500572E0,1.485000038E1
8.097660217E0,1.710000038E1,-1.188750076E1,8.362500191E0
8.107660217E0,1.830000114E1,-1.134375000E1,8.137500763E0
8.117660217E0,1.766250038E1,-9.468750000E0,8.775000572E0
8.127660217E0,1.449375057E1,-5.775000095E0,1.226250076E1
8.137660217E0,1.329375076E1,-6.918750286E0,1.348125076E1
8.147660217E0,1.441875076E1,-8.643750191E0,1.110000038E1
8.157660217E0,1.843125153E1,-1.183125019E1,7.237500191E0
8.167660217E0,2.169375038E1,-1.170000076E1,4.518750191E0
8.177660217E0,2.105625153E1,-8.362500191E0,6.918750286E0
8.187660217E0,1.751250076E1,-6.600000381E0,1.010625076E1
8.197660217E0,1.486875057E1,-6.862500191E0,1.188750076E1
8.207660217E0,1.530000019E1,-1.072500038E1,8.437500000E0
8.217660217E0,1.906875038E1,-1.156875038E1,3.768750191E0
8.227660217E0,2.070000076E1,-1.310625076E1,1.218750000E0
8.237660217E0,2.120625114E1,-8.137500763E0,2.512500048E0
8.247660217E0,1.651875114E1,-5.493750095E0,5.643750191E0
8.257660217E0,1.520625019E1,-5.831250191E0,8.043750763E0
8.267660217E0,1.541250038E1,-8.850000381E0,7.200000286E0
8.277660217E0,1.927500153E1,-1.065000057E1,2.118750095E0
8.287660217E0,2.116875076E1,-1.149375057E1,1.237500072E0
8.297660217E0,2.103750038E1,-7.050000191E0,2.118750095E0
8.307660217E0,1.781250000E1,-7.762500286E0,6.600000381E0
8.317660217E0,1.687500000E1,-4.950000286E0,7.931250095E0
8.327660217E0,1.792500114E1,-5.681250095E0,7.368750095E0
8.337660217E0,1.983750153E1,-8.831250191E0,3.525000095E0
8.347660217E0,2.338125038E1,-8.850000381E0,1.125000000E0
8.357660217E0,2.236875153E1,-6.806250095E0,2.700000048E0
8.367660217E0,2.043750000E1,-2.512500048E0,8.156250000E0
8.377660217E0,1.888125038E1,-7.875000238E-1,1.115625000E1
8.387660217E0,1.933125114E1,-4.631250381E0,8.493750572E0
8.397660217E0,2.122500038E1,-9.656250000E0,4.987500191E0
8.407660217E0,2.295000076E1,-9.450000763E0,3.225000143E0
8.417660217E0,2.345625114E1,-7.275000095E0,6.618750095E0
8.427660217E0,2.098125076E1,-5.400000095E0,1.166250038E1
8.437660217E0,1.927500153E1,-4.031250000E0,1.361250019E1
8.447660217E0,1.766250038E1,-8.400000572E0,1.368750095E1
8.457660217E0,2.118750000E1,-8.625000000E0,8.493750572E0
8.467660217E0,2.358750153E1,-1.173750019E1,5.118750095E0
8.477660217E0,2.220000076E1,-8.287500381E0,6.881250381E0
8.487660217E0,1.925625038E1,-5.831250191E0,1.141875076E1
8.497660217E0,1.646250153E1,-5.306250095E0,1.344375038E1
8.507660217E0,1.507500076E1,-9.881250381E0,1.072500038E1
8.517660217E0,1.828125000E1,-1.156875038E1,5.025000095E0
8.527660217E0,2.107500076E1,-1.271250057E1,3.356250048E0
8.537660217E0,2.233125114E1,-1.181250000E1,5.137500286E0
8.547660217E0,1.882500076E1,-8.756250381E0,9.168750763E0
8.557660217E0,1.621875000E1,-8.025000572E0,1.258125019E1
8.567660217E0,1.635000038E1,-9.150000572E0,1.158750057E1
8.577660217E0,1.963125038E1,-1.224375057E1,6.937500477E0
8.587660217E0,2.103750038E1,-1.430625057E1,3.037500143E0
8.597660217E0,2.086875153E1,-6.768750191E0,7.556250095E0
8.607660217E0,2.086875153E1,-6.768750191E0,7.556250095E0
8.617660217E0,2.008125114E1,-4.818750381E0,1.179375076E1
8.627660217E0,1.841250038E1,-8.100000381E0,1.083750057E1
8.637660217E0,2.220000076E1,-1.121250057E1,4.012500286E0
8.647660217E0,2.341875076E1,-1.265625095E1,3.562500179E-1
8.657660217E0,2.555625153E1,-9.318750381E0,2.081250191E0
8.667660217E0,2.257500076E1,-4.593750000E0,8.606250763E0
8.677660217E0,2.265000153E1,-7.031250477E0,5.681250095E0
8.687660217E0,2.518125153E1,-8.475000381E0,-8.062500358E-1
8.697660217E0,2.544375038E1,-1.072500038E1,-2.812500000E0
8.707660217E0,2.683125114E1,-8.437500000E0,-3.487500191E0
8.717660217E0,2.679375076E1,-6.862500191E0,2.156250000E0
8.727660217E0,2.578125191E1,-2.756250143E0,4.800000191E0
8.737660217E0,2.576250076E1,-5.493750095E0,2.850000143E0
8.747660217E0,2.715000153E1,-6.975000381E0,-2.681250095E0
8.757660217E0,2.716875076E1,-6.806250095E0,-8.325000763E0
8.767660217E0,3.048750114E1,-4.181250095E0,-6.562500477E0
8.777660217E0,2.940000153E1,-3.131250143E0,4.125000238E-1
8.787660217E0,2.765625191E1,-6.375000477E-1,3.037500143E0
8.797660217E0,2.904375076E1,-7.500000000E-1,1.312500000E0
8.807660217E0,2.900625038E1,-3.337500095E0,-7.387500286E0
8.817660217E0,2.915625191E1,-2.906250000E0,-9.300000191E0
8.827660217E0,2.953125191E1,-2.531250000E0,-7.931250095E0
8.837660217E0,3.101250076E1,1.950000048E0,-2.700000048E0
8.847660217E0,3.457500076E1,4.593750000E0,-4.687500298E-1
8.857660217E0,3.331875229E1,4.387500286E0,-6.056250095E0
8.867660217E0,3.052500153E1,1.818750024E0,-1.299375057E1
8.877660217E0,2.835000038E1,5.062500238E-1,-1.582500076E1
8.887660217E0,2.863125038E1,8.437500596E-1,-1.006875038E1
8.897660217E0,3.371250153E1,5.250000000E0,-1.005000019E1
8.907660217E0,3.386250305E1,8.081250191E0,-1.123125076E1
8.917660217E0,3.268125153E1,6.900000095E0,-1.766250038E1
8.927660217E0,2.820000076E1,6.581250191E0,-1.944375038E1
8.937660217E0,2.259375000E1,-8.250000477E-1,-1.764375114E1
8.947660217E0,2.563125038E1,6.750000119E-1,-1.531875038E1
8.957660217E0,2.983125114E1,3.618750095E0,-1.563750076E1
8.967660217E0,3.090000153E1,3.900000095E0,-1.942500114E1
8.977660217E0,3.048750114E1,5.643750191E0,-2.441250038E1
8.987660217E0,2.259375000E1,2.362500191E0,-2.323125076E1
8.997660217E0,2.040000153E1,-1.931250095E0,-1.846875000E1
9.007660217E0,2.499375153E1,-1.612500072E0,-1.668750000E1
9.017660217E0,3.114375114E1,-1.237500072E0,-1.650000000E1
9.027660217E0,3.491250229E1,3.093750238E0,-2.300625038E1
9.037660217E0,3.105000114E1,2.962500095E0,-2.544375038E1
9.047660217E0,2.583750153E1,3.000000119E-1,-2.482500076E1
9.057660217E0,2.225625038E1,-2.606250048E0,-1.875000000E1
9.067660217E0,2.728125191E1,-4.556250095E0,-1.350000095E1
9.077660217E0,3.369375229E1,-1.556250095E0,-1.681875038E1
9.087660217E0,3.800625229E1,9.187500477E-1,-2.240625000E1
9.097660217E0,3.316875076E1,6.375000477E-1,-2.840625191E1
9.107660217E0,2.720625114E1,-2.006250143E0,-2.512500191E1
9.117660217E0,2.565000153E1,-2.812500000E0,-1.627500153E1
9.127660217E0,2.930625153E1,-6.525000095E0,-1.541250038E1
9.137660217E0,3.523125076E1,-5.493750095E0,-1.965000153E1
9.147660217E0,3.888750076E1,-2.925000191E0,-2.694375038E1
9.157660217E0,3.506250000E1,-2.625000000E0,-3.067500114E1
9.167660217E0,2.981250191E1,-3.956250191E0,-2.735625076E1
9.177660217E0,2.724375153E1,-4.968750000E0,-2.332500076E1
9.187660217E0,2.986875153E1,-7.575000286E0,-2.032500076E1
9.197660217E0,3.819375229E1,-6.393750191E0,-2.430000114E1
9.207660217E0,3.896250153E1,-6.843750477E0,-3.146250153E1
9.217660217E0,3.658125305E1,-4.781250000E0,-3.191250038E1
9.227660217E0,2.971875191E1,-7.181250095E0,-2.926875114E1
9.237660217E0,2.700000191E1,-8.325000763E0,-2.460000038E1
9.247660217E0,3.202500153E1,-8.081250191E0,-2.032500076E1
9.257660217E0,3.673125076E1,-1.123125076E1,-2.450625038E1
9.267660217E0,4.126875305E1,-8.118750572E0,-3.155625153E1
9.277660217E0,3.633750153E1,-7.743750095E0,-3.603750229E1
9.287660217E0,2.791875076E1,-1.050000000E1,-3.099375153E1
9.297660217E0,2.662500191E1,-1.140000057E1,-2.621250153E1
9.307660217E0,3.099375153E1,-1.046250057E1,-2.448750114E1
9.317660217E0,3.785625076E1,-1.119375038E1,-2.563125038E1
9.327660217E0,4.003125000E1,-9.562500000E0,-3.532500076E1
9.337660217E0,3.643125153E1,-1.046250057E1,-3.768750000E1
9.347660217E0,3.073125076E1,-9.206250191E0,-3.035625076E1
9.357660217E0,2.797500038E1,-1.111875057E1,-2.454375076E1
9.367660217E0,3.101250076E1,-1.012500000E1,-2.388750076E1
9.377660217E0,3.675000000E1,-1.203750038E1,-2.553750038E1
9.387660217E0,3.781875229E1,-1.170000076E1,-3.307500076E1
9.397660217E0,3.536250305E1,-1.046250057E1,-3.455625153E1
9.407660217E0,2.880000114E1,-1.231875038E1,-3.039375114E1
9.417660217E0,2.580000114E1,-1.278750038E1,-2.280000114E1
9.427660217E0,3.039375114E1,-1.246875095E1,-2.148750114E1
9.437660217E0,3.543750000E1,-1.230000019E1,-2.611875153E1
9.447660217E0,3.815625000E1,-1.166250038E1,-3.262500000E1
9.457660217E0,3.322500229E1,-1.023750019E1,-3.328125000E1
9.467660217E0,2.945625114E1,-9.375000000E0,-2.829375076E1
9.477660217E0,2.625000191E1,-1.100625038E1,-2.248125076E1
9.487660217E0,2.941875076E1,-1.186875057E1,-1.980000114E1
9.497660217E0,3.476250076E1,-1.145625019E1,-2.304375076E1
9.507660217E0,3.590625000E1,-9.056250572E0,-3.061875153E1
9.517660217E0,3.251250076E1,-1.155000019E1,-3.348750305E1
9.527660217E0,2.932500076E1,-9.093750000E0,-2.941875076E1
9.537660217E0,2.716875076E1,-1.010625076E1,-1.991250038E1
9.547660217E0,2.840625191E1,-8.887500763E0,-1.893750000E1
9.557660217E0,3.281250000E1,-9.825000763E0,-2.268750000E1
9.567660217E0,3.543750000E1,-9.431250572E0,-3.181875038E1
9.577660217E0,3.360000229E1,-8.925000191E0,-3.277500153E1
9.587660217E0,2.598750114E1,-1.036875057E1,-2.769375038E1
9.597660217E0,2.343750000E1,-1.020000076E1,-2.126250076E1
9.607660217E0,2.623125076E1,-9.656250000E0,-1.901250076E1
9.617660217E0,3.320625305E1,-1.051875019E1,-2.544375038E1
9.627660217E0,3.371250153E1,-9.562500000E0,-3.256875229E1
9.637660217E0,3.112500191E1,-9.037500381E0,-3.131250191E1
9.647660217E0,2.512500191E1,-9.656250000E0,-2.851875114E1
9.657660217E0,2.326875114E1,-9.112500191E0,-2.197500038E1
9.667660217E0,2.576250076E1,-9.075000763E0,-1.998750114E1
9.677660217E0,3.046875191E1,-9.525000572E0,-2.360625076E1
9.687660217E0,3.399375153E1,-7.612500191E0,-3.133125114E1
9.697660217E0,3.026250076E1,-9.168750763E0,-3.395625305E1
9.707660217E0,2.441250038E1,-9.431250572E0,-3.071250153E1
9.717660217E0,2.310000038E1,-8.043750763E0,-2.315625000E1
9.727660217E0,2.533125114E1,-8.981250763E0,-2.139375114E1
9.737660217E0,3.056250191E1,-1.006875038E1,-2.670000076E1
9.747660217E0,3.238125229E1,-7.931250095E0,-3.440625000E1
9.757660217E0,3.151875114E1,-7.012500286E0,-3.352500153E1
9.767660217E0,2.521875191E1,-8.437500000E0,-3.112500191E1
9.777660217E0,2.238750076E1,-8.437500000E0,-2.388750076E1
9.787660217E0,2.589375114E1,-8.962500572E0,-2.171250153E1
9.797660217E0,2.962500191E1,-9.000000000E0,-2.598750114E1
9.807660217E0,3.251250076E1,-9.993750572E0,-3.485625076E1
9.817660217E0,3.142500114E1,-6.600000381E0,-3.575625229E1
9.827660217E0,2.461875153E1,-8.512500763E0,-3.219375229E1
9.837660217E0,2.257500076E1,-8.775000572E0,-2.542500114E1
9.847660217E0,2.495625114E1,-1.029375076E1,-2.221875000E1
9.857660217E0,2.876250076E1,-8.906250000E0,-2.660625076E1
9.867660217E0,3.442500305E1,-8.156250000E0,-3.519375229E1
9.877660217E0,2.998125076E1,-9.262500763E0,-3.691875076E1
9.887660217E0,2.476875114E1,-1.051875019E1,-3.110625076E1
9.897660217E0,2.345625114E1,-9.168750763E0,-2.431875038E1
9.907660217E0,2.420625114E1,-9.862500191E0,-2.270625114E1
9.917660217E0,2.994375038E1,-1.117500019E1,-2.518125153E1
9.927660217E0,3.375000000E1,-8.793750763E0,-3.420000076E1
9.937660217E0,3.050625038E1,-9.056250572E0,-3.678750229E1
9.947660217E0,2.508750153E1,-8.775000572E0,-3.108750153E1
9.957660217E0,2.332500076E1,-1.012500000E1,-2.439375114E1
9.967660217E0,2.587500191E1,-8.981250763E0,-2.250000000E1
9.977660217E0,2.951250076E1,-9.318750381E0,-2.565000153E1
9.987660217E0,3.290625000E1,-9.600000381E0,-3.255000305E1
9.997660217E0,3.125625038E1,-7.068750381E0,-3.508125305E1
1.000766022E1,2.611875153E1,-8.718750000E0,-3.142500114E1
1.001766022E1,2.143125153E1,-1.038750076E1,-2.418750191E1
1.002766022E1,2.478750038E1,-1.076250076E1,-2.169375038E1
1.003766022E1,3.015000153E1,-1.027500057E1,-2.730000114E1
1.004766022E1,3.376875305E1,-8.756250381E0,-3.264375305E1
1.005766022E1,3.196875191E1,-7.537500381E0,-3.600000000E1
1.006766022E1,2.739375114E1,-8.531250000E0,-3.318750000E1
1.007766022E1,2.191875076E1,-1.117500019E1,-2.521875191E1
1.008766022E1,2.488125038E1,-1.014375019E1,-2.268750000E1
1.009766022E1,2.986875153E1,-1.198125076E1,-2.542500114E1
1.010766022E1,3.425625229E1,-9.225000381E0,-3.354375076E1
1.011766022E1,3.101250076E1,-1.040625000E1,-3.511875153E1
1.012766022E1,2.645625114E1,-9.000000000E0,-3.125625038E1
1.013766022E1,2.287500000E1,-1.128750038E1,-2.538750076E1
1.014766022E1,2.557500076E1,-9.806250572E0,-2.304375076E1
1.015766022E1,3.073125076E1,-1.143750000E1,-2.533125114E1
1.016766022E1,3.465000153E1,-9.675000191E0,-3.350625229E1
1.017766022E1,3.234375000E1,-8.925000191E0,-3.556875229E1
1.018766022E1,2.791875076E1,-9.262500763E0,-3.204375076E1
1.019766022E1,2.461875153E1,-9.618750572E0,-2.585625076E1
1.020766022E1,2.546250153E1,-1.012500000E1,-2.302500153E1
1.021766022E1,2.981250191E1,-1.057500076E1,-2.632500076E1
1.022766022E1,3.309375000E1,-9.112500191E0,-3.258750153E1
1.023766022E1,3.150000191E1,-8.512500763E0,-3.605625153E1
1.024766022E1,2.756250191E1,-8.343750000E0,-3.303750229E1
1.025766022E1,2.418750191E1,-8.043750763E0,-2.551875114E1
1.026766022E1,2.613750076E1,-9.768750191E0,-2.353125000E1
1.027766022E1,3.007500076E1,-9.618750572E0,-2.625000191E1
1.028766022E1,3.322500229E1,-8.981250763E0,-3.401250076E1
1.029766022E1,3.172500038E1,-7.856250286E0,-3.611250305E1
1.030766022E1,2.576250076E1,-8.118750572E0,-3.225000000E1
1.031766022E1,2.463750076E1,-6.787500381E0,-2.703750038E1
1.032766022E1,2.467500114E1,-1.036875057E1,-2.471250153E1
1.033766022E1,3.095625114E1,-1.021875000E1,-2.731875038E1
1.034766022E1,3.345000076E1,-7.837500095E0,-3.286875153E1
1.035766022E1,3.305625153E1,-8.231250763E0,-3.517500305E1
1.036766022E1,2.589375114E1,-9.487500191E0,-3.635625076E1
1.037766022E1,2.255625153E1,-9.337500572E0,-2.913750076E1
1.038766022E1,2.461875153E1,-8.962500572E0,-2.559375191E1
1.039766022E1,2.919375038E1,-8.006250381E0,-2.919375038E1
1.040766022E1,3.298125076E1,-9.018750191E0,-3.463125229E1
1.041766022E1,2.812500191E1,-7.106250286E0,-3.519375229E1
1.042766022E1,2.812500191E1,-7.106250286E0,-3.519375229E1
1.043766022E1,2.413125038E1,-7.818750381E0,-2.865000153E1
1.044766022E1,2.928750038E1,-8.325000763E0,-2.979375076E1
1.045766022E1,2.928750038E1,-8.325000763E0,-2.979375076E1
1.046766022E1,3.161250114E1,-8.400000572E0,-3.841875076E1
1.047766022E1,2.859375191E1,-7.350000381E0,-3.361875153E1
1.048766022E1,2.439375114E1,-9.206250191E0,-2.838750076E1
1.049766022E1,2.518125153E1,-9.881250381E0,-2.536875153E1
1.050766022E1,3.121875191E1,-9.750000000E0,-2.829375076E1
1.051766022E1,3.303750229E1,-1.250625038E1,-3.511875153E1
1.052766022E1,3.360000229E1,-8.456250191E0,-3.890625000E1
1.053766022E1,2.694375038E1,-1.061250019E1,-3.346875000E1
1.054766022E1,2.578125191E1,-9.112500191E0,-2.731875038E1
1.055766022E1,2.514375114E1,-1.271250057E1,-2.497500038E1
1.056766022E1,3.056250191E1,-1.308750057E1,-2.690625191E1
1.057766022E1,3.658125305E1,-9.975000381E0,-3.071250153E1
1.058766022E1,3.485625076E1,-9.168750763E0,-3.245625305E1
1.059766022E1,3.091875076E1,-8.100000381E0,-3.076875114E1
1.060766022E1,2.737500191E1,-8.475000381E0,-2.505000114E1
1.061766022E1,2.810625076E1,-1.021875000E1,-2.086875153E1
1.062766022E1,3.339375305E1,-7.837500095E0,-2.645625114E1
1.063766022E1,3.798750305E1,-7.050000191E0,-3.112500191E1
1.064766022E1,3.791250229E1,-7.162500381E0,-3.534375000E1
1.065766022E1,3.292500305E1,-5.325000286E0,-3.258750153E1
1.066766022E1,2.934375191E1,-4.312500000E0,-2.778750038E1
1.067766022E1,3.101250076E1,-4.950000286E0,-2.587500191E1
1.068766022E1,3.495000076E1,-6.862500191E0,-2.938125038E1
1.069766022E1,3.789375305E1,-6.562500477E0,-3.648750305E1
1.070766022E1,3.748125076E1,-6.656250477E0,-3.958125305E1
1.071766022E1,3.159375191E1,-7.593750477E0,-3.785625076E1
1.072766022E1,2.670000076E1,-1.044375038E1,-3.223125076E1
1.073766022E1,2.551875114E1,-1.248750019E1,-2.891250038E1
1.074766022E1,3.193125153E1,-1.376250076E1,-3.219375229E1
1.075766022E1,3.324375153E1,-1.374375057E1,-3.487500000E1
1.076766022E1,3.232500076E1,-1.018125057E1,-3.530625153E1
1.077766022E1,2.441250038E1,-1.117500019E1,-3.120000076E1
1.078766022E1,1.996875000E1,-1.038750076E1,-2.651250076E1
1.079766022E1,1.995000076E1,-1.233750057E1,-2.274375153E1
1.080766022E1,2.428125191E1,-1.023750019E1,-2.486250114E1
1.081766022E1,2.709375191E1,-1.003125000E1,-2.960625076E1
1.082766022E1,2.634375191E1,-7.781250477E0,-3.243750000E1
1.083766022E1,2.199375153E1,-8.456250191E0,-3.013125038E1
1.084766022E1,1.646250153E1,-1.003125000E1,-2.319375038E1
1.085766022E1,1.730625153E1,-1.044375038E1,-2.270625114E1
1.086766022E1,2.096250153E1,-9.843750000E0,-2.625000191E1
1.087766022E1,2.677500153E1,-8.381250381E0,-3.255000305E1
1.088766022E1,2.591250038E1,-8.306250572E0,-3.348750305E1
1.089766022E1,2.296875000E1,-9.693750381E0,-3.129375076E1
1.090766022E1,1.875000000E1,-1.001250076E1,-2.806875038E1
1.091766022E1,1.968750000E1,-1.261875057E1,-2.709375191E1
1.092766022E1,2.465625191E1,-1.063125038E1,-2.859375191E1
1.093766022E1,2.925000191E1,-1.098750019E1,-3.504375076E1
1.094766022E1,3.026250076E1,-1.040625000E1,-3.290625000E1
1.095766022E1,2.587500191E1,-9.656250000E0,-3.071250153E1
1.096766022E1,2.120625114E1,-1.218750095E1,-2.606250191E1
1.097766022E1,2.130000114E1,-1.074375057E1,-2.555625153E1
1.098766022E1,2.611875153E1,-1.119375038E1,-2.919375038E1
1.099766022E1,2.951250076E1,-1.132500076E1,-3.001875114E1
1.100766022E1,3.088125038E1,-9.281250000E0,-3.410625076E1
1.101766022E1,2.715000153E1,-1.141875076E1,-2.808750153E1
1.102766022E1,2.233125114E1,-1.005000019E1,-2.563125038E1
1.103766022E1,2.371875000E1,-1.055625057E1,-2.373750114E1
1.104766022E1,2.836875153E1,-1.021875000E1,-2.775000191E1
1.105766022E1,3.161250114E1,-1.012500000E1,-3.155625153E1
1.106766022E1,3.125625038E1,-1.016250038E1,-3.232500076E1
1.107766022E1,2.840625191E1,-9.487500191E0,-3.015000153E1
1.108766022E1,2.373750114E1,-9.618750572E0,-2.396250153E1
1.109766022E1,2.325000000E1,-1.091250038E1,-2.431875038E1
1.110766022E1,2.900625038E1,-9.731250763E0,-2.842500114E1
1.111766022E1,3.191250038E1,-1.023750019E1,-3.030000114E1
1.112766022E1,3.176250076E1,-8.737500191E0,-3.354375076E1
1.113766022E1,2.752500153E1,-8.587500572E0,-2.958750153E1
1.114766022E1,2.441250038E1,-7.743750095E0,-2.647500038E1
1.115766022E1,2.392500114E1,-9.656250000E0,-2.583750153E1
1.116766022E1,2.833125114E1,-8.831250191E0,-2.863125038E1
1.117766022E1,3.271875000E1,-8.006250381E0,-3.189375114E1
1.118766022E1,3.228750229E1,-9.150000572E0,-3.226875305E1
1.119766022E1,2.835000038E1,-7.875000477E0,-2.825625038E1
1.120766022E1,2.325000000E1,-9.375000000E0,-2.553750038E1
1.121766022E1,2.371875000E1,-9.937500000E0,-2.426250076E1
1.122766022E1,2.733750153E1,-1.029375076E1,-2.818125153E1
1.123766022E1,3.112500191E1,-9.037500381E0,-3.131250191E1
1.124766022E1,3.157500076E1,-1.110000038E1,-3.240000153E1
1.125766022E1,2.801250076E1,-7.575000286E0,-2.874375153E1
1.126766022E1,2.463750076E1,-8.643750191E0,-2.499375153E1
1.127766022E1,2.364375114E1,-1.044375038E1,-2.514375114E1
1.128766022E1,2.786250114E1,-8.850000381E0,-2.863125038E1
1.129766022E1,3.151875114E1,-9.187500000E0,-3.148125076E1
1.130766022E1,3.148125076E1,-9.225000381E0,-3.303750229E1
1.131766022E1,2.820000076E1,-9.768750191E0,-2.808750153E1
1.132766022E1,2.375625038E1,-9.206250191E0,-2.651250076E1
1.133766022E1,2.113125038E1,-1.027500057E1,-2.512500191E1
1.134766022E1,2.720625114E1,-1.095000076E1,-2.859375191E1
1.135766022E1,3.056250191E1,-9.918750763E0,-3.311250305E1
1.136766022E1,3.155625153E1,-8.437500000E0,-3.309375000E1
1.137766022E1,2.733750153E1,-7.518750191E0,-3.076875114E1
1.138766022E1,2.152500153E1,-1.072500038E1,-2.525625038E1
1.139766022E1,2.334375000E1,-1.033125019E1,-2.610000038E1
1.140766022E1,2.589375114E1,-1.025625038E1,-2.910000038E1
1.141766022E1,3.071250153E1,-9.750000000E0,-3.360000229E1
1.142766022E1,3.142500114E1,-9.075000763E0,-3.350625229E1
1.143766022E1,2.563125038E1,-9.468750000E0,-2.917500114E1
1.144766022E1,2.160000038E1,-9.318750381E0,-2.615625191E1
1.145766022E1,2.160000038E1,-1.149375057E1,-2.409375191E1
1.146766022E1,2.514375114E1,-1.138125038E1,-2.853750038E1
1.147766022E1,2.981250191E1,-1.010625076E1,-3.292500305E1
1.148766022E1,3.176250076E1,-8.737500191E0,-3.354375076E1
1.149766022E1,2.568750191E1,-9.937500000E0,-2.866875076E1
1.150766022E1,2.081250000E1,-1.111875057E1,-2.613750076E1
1.151766022E1,2.270625114E1,-9.975000381E0,-2.345625114E1
1.152766022E1,2.565000153E1,-1.121250057E1,-2.917500114E1
1.153766022E1,2.962500191E1,-1.008750057E1,-3.136875153E1
1.154766022E1,2.853750038E1,-1.029375076E1,-3.118125153E1
1.155766022E1,2.638125038E1,-7.500000477E0,-2.778750038E1
1.156766022E1,1.998750114E1,-1.014375019E1,-2.340000153E1
1.157766022E1,2.180625153E1,-9.093750000E0,-2.366250038E1
1.158766022E1,2.390625000E1,-9.993750572E0,-2.675625038E1
1.159766022E1,2.936250114E1,-8.043750763E0,-3.136875153E1
1.160766022E1,3.033750153E1,-6.375000477E0,-2.996250153E1
1.161766022E1,2.473125076E1,-6.281250477E0,-2.581875038E1
1.162766022E1,2.068125153E1,-8.231250763E0,-2.435625076E1
1.163766022E1,2.058750153E1,-7.275000095E0,-2.411250114E1
1.164766022E1,2.613750076E1,-7.200000286E0,-2.827500153E1
1.165766022E1,3.011250114E1,-6.918750286E0,-3.226875305E1
1.166766022E1,3.170625114E1,-6.506250381E0,-3.247500229E1
1.167766022E1,2.763750076E1,-7.031250477E0,-3.097500038E1
1.168766022E1,2.304375076E1,-5.418750286E0,-2.523750114E1
1.169766022E1,2.488125038E1,-7.068750381E0,-2.576250076E1
1.170766022E1,2.911875153E1,-8.081250191E0,-3.215625000E1
1.171766022E1,3.318750000E1,-9.037500381E0,-3.588750076E1
1.172766022E1,3.382500076E1,-8.212500572E0,-3.596250153E1
1.173766022E1,3.043125153E1,-8.793750763E0,-3.211875153E1
1.174766022E1,2.512500191E1,-9.637500763E0,-2.820000076E1
1.175766022E1,2.435625076E1,-9.675000191E0,-2.741250038E1
1.176766022E1,2.968125153E1,-9.825000763E0,-3.405000305E1
1.177766022E1,3.230625153E1,-1.113750076E1,-3.538125229E1
1.178766022E1,3.386250305E1,-1.087500000E1,-3.496875000E1
1.179766022E1,2.975625038E1,-9.975000381E0,-3.341250229E1
1.180766022E1,2.400000000E1,-1.033125019E1,-2.750625038E1
1.181766022E1,2.441250038E1,-1.096875000E1,-2.917500114E1
1.182766022E1,2.806875038E1,-1.149375057E1,-3.373125076E1
1.183766022E1,3.414375305E1,-1.070625019E1,-3.513750076E1
1.184766022E1,3.376875305E1,-1.053750038E1,-3.420000076E1
1.185766022E1,2.857500076E1,-9.562500000E0,-3.311250305E1
1.186766022E1,2.407500076E1,-9.525000572E0,-2.726250076E1
1.187766022E1,2.311875153E1,-1.147500038E1,-2.739375114E1
1.188766022E1,2.784375191E1,-1.128750038E1,-3.091875076E1
1.189766022E1,3.442500305E1,-9.075000763E0,-3.418125153E1
1.190766022E1,3.350625229E1,-9.975000381E0,-3.628125000E1
1.191766022E1,2.917500114E1,-9.787500381E0,-3.138750076E1
1.192766022E1,2.461875153E1,-8.962500572E0,-2.559375191E1
1.193766022E1,2.471250153E1,-1.014375019E1,-2.848125076E1
1.194766022E1,2.859375191E1,-1.106250000E1,-3.001875114E1
1.195766022E1,3.382500076E1,-9.768750191E0,-3.506250000E1
1.196766022E1,3.386250305E1,-8.175000191E0,-3.472500229E1
1.197766022E1,2.962500191E1,-8.531250000E0,-3.228750229E1
1.198766022E1,2.461875153E1,-8.662500381E0,-2.625000191E1
1.199766022E1,2.428125191E1,-9.318750381E0,-2.587500191E1
1.200766022E1,2.821875191E1,-1.089375019E1,-2.908125114E1
1.201766022E1,3.382500076E1,-1.068750000E1,-3.403125000E1
1.202766022E1,3.256875229E1,-1.168125057E1,-3.300000000E1
1.203766022E1,2.966250038E1,-1.003125000E1,-2.949375153E1
1.204766022E1,2.535000038E1,-1.003125000E1,-2.521875191E1
1.205766022E1,2.458125114E1,-9.412500381E0,-2.431875038E1
1.206766022E1,2.970000076E1,-7.800000191E0,-2.889375114E1
1.207766022E1,3.196875191E1,-9.993750572E0,-3.328125000E1
1.208766022E1,3.369375229E1,-8.325000763E0,-3.423750305E1
1.209766022E1,2.979375076E1,-7.425000191E0,-3.315000153E1
1.210766022E1,2.416875076E1,-9.225000381E0,-2.806875038E1
1.211766022E1,2.368125153E1,-9.693750381E0,-2.709375191E1
1.212766022E1,2.675625038E1,-1.128750038E1,-2.855625153E1
1.213766022E1,3.423750305E1,-9.018750191E0,-3.153750038E1
1.214766022E1,3.358125305E1,-7.725000381E0,-3.506250000E1
1.215766022E1,2.803125191E1,-8.925000191E0,-3.206250000E1
1.216766022E1,2.328750038E1,-1.108125019E1,-2.478750038E1
1.217766022E1,2.244375038E1,-1.066875076E1,-2.527500153E1
1.218766022E1,2.656875038E1,-9.075000763E0,-2.812500191E1
1.219766022E1,3.127500153E1,-1.035000038E1,-3.356250000E1
1.220766022E1,3.260625076E1,-9.187500000E0,-3.414375305E1
1.221766022E1,2.885625076E1,-7.068750381E0,-2.941875076E1
1.222766022E1,2.400000000E1,-9.168750763E0,-2.572500038E1
1.223766022E1,2.165625000E1,-1.038750076E1,-2.480625153E1
1.224766022E1,2.628750038E1,-9.562500000E0,-2.776875114E1
1.225766022E1,3.060000038E1,-1.006875038E1,-3.326250076E1
1.226766022E1,2.632500076E1,-9.337500572E0,-3.153750038E1
1.227766022E1,2.161875153E1,-1.198125076E1,-2.514375114E1
1.228766022E1,2.049375153E1,-1.081875038E1,-2.600625038E1
1.229766022E1,2.482500076E1,-1.046250057E1,-2.891250038E1
1.230766022E1,2.992500114E1,-9.487500191E0,-3.345000076E1
1.231766022E1,3.063750076E1,-1.025625038E1,-3.418125153E1
1.232766022E1,2.741250038E1,-1.096875000E1,-3.016875076E1
1.233766022E1,2.208750153E1,-9.768750191E0,-2.626875114E1
1.234766022E1,2.056875038E1,-1.125000000E1,-2.473125076E1
1.235766022E1,2.371875000E1,-1.256250095E1,-2.778750038E1
1.236766022E1,3.024375153E1,-1.074375057E1,-3.382500076E1
1.237766022E1,3.170625114E1,-9.225000381E0,-3.335625076E1
1.238766022E1,2.643750191E1,-9.956250191E0,-3.133125114E1
1.239766022E1,2.281875038E1,-8.756250381E0,-2.542500114E1
1.240766022E1,2.118750000E1,-1.136250019E1,-2.456250191E1
1.241766022E1,2.456250191E1,-1.121250057E1,-2.651250076E1
1.242766022E1,2.971875191E1,-1.072500038E1,-3.193125153E1
1.243766022E1,3.112500191E1,-1.010625076E1,-3.545625305E1
1.244766022E1,2.782500076E1,-9.543750763E0,-3.045000076E1
1.245766022E1,2.259375000E1,-9.075000763E0,-2.478750038E1
1.246766022E1,2.073750114E1,-1.138125038E1,-2.424375153E1
1.247766022E1,2.576250076E1,-1.185000038E1,-2.928750038E1
1.248766022E1,3.028125191E1,-1.130625057E1,-3.112500191E1
1.249766022E1,3.183750153E1,-1.035000038E1,-3.435000229E1
1.250766022E1,2.656875038E1,-9.300000191E0,-3.045000076E1
1.251766022E1,2.257500076E1,-9.093750000E0,-2.587500191E1
1.252766022E1,2.199375153E1,-1.194375038E1,-2.405625153E1
1.253766022E1,2.598750114E1,-1.035000038E1,-2.707500076E1
1.254766022E1,2.990625191E1,-1.083750057E1,-3.022500038E1
1.255766022E1,3.294375229E1,-1.100625038E1,-3.211875153E1
1.256766022E1,2.707500076E1,-1.006875038E1,-3.071250153E1
1.257766022E1,2.368125153E1,-9.450000763E0,-2.383125114E1
1.258766022E1,2.173125076E1,-9.600000381E0,-2.488125038E1
1.259766022E1,2.566875076E1,-1.096875000E1,-2.608125114E1
1.260766022E1,3.005625153E1,-1.070625019E1,-3.195000076E1
1.261766022E1,3.174375153E1,-1.021875000E1,-3.575625229E1
1.262766022E1,2.885625076E1,-8.531250000E0,-3.071250153E1
1.263766022E1,2.381250000E1,-7.800000191E0,-2.724375153E1
1.264766022E1,2.161875153E1,-7.743750095E0,-2.628750038E1
1.265766022E1,2.482500076E1,-1.046250057E1,-2.891250038E1
1.266766022E1,3.015000153E1,-8.850000381E0,-3.397500229E1
1.267766022E1,3.157500076E1,-8.925000191E0,-3.414375305E1
1.268766022E1,3.058125114E1,-6.562500477E0,-3.198750114E1
1.269766022E1,2.411250114E1,-8.550000191E0,-2.640000153E1
1.270766022E1,2.259375000E1,-9.075000763E0,-2.478750038E1
1.271766022E1,2.458125114E1,-1.025625038E1,-2.643750191E1
1.272766022E1,3.088125038E1,-1.155000019E1,-2.985000038E1
1.273766022E1,3.253125000E1,-9.975000381E0,-3.361875153E1
1.274766022E1,2.910000038E1,-8.812500000E0,-3.020625114E1
1.275766022E1,2.274375153E1,-9.337500572E0,-2.287500000E1
1.276766022E1,2.066250038E1,-1.042500019E1,-2.338125038E1
1.277766022E1,2.473125076E1,-1.104375076E1,-2.668125153E1
1.278766022E1,2.970000076E1,-1.198125076E1,-3.151875114E1
1.279766022E1,3.127500153E1,-1.036875057E1,-3.403125000E1
1.280766022E1,2.874375153E1,-7.612500191E0,-3.140625191E1
1.281766022E1,2.298750114E1,-9.206250191E0,-2.493750191E1
1.282766022E1,2.160000038E1,-1.025625038E1,-2.512500191E1
1.283766022E1,2.566875076E1,-8.193750381E0,-2.833125114E1
1.284766022E1,3.054375076E1,-9.712500572E0,-3.110625076E1
1.285766022E1,3.185625076E1,-6.900000095E0,-3.603750229E1
1.286766022E1,2.775000191E1,-7.950000286E0,-3.011250114E1
1.287766022E1,2.315625000E1,-9.975000381E0,-2.456250191E1
1.288766022E1,1.901250076E1,-1.035000038E1,-2.321250153E1
1.289766022E1,2.345625114E1,-9.693750381E0,-2.660625076E1
1.290766022E1,2.880000114E1,-8.381250381E0,-3.086250114E1
1.291766022E1,3.170625114E1,-9.843750000E0,-3.266250229E1
1.292766022E1,2.795625114E1,-6.731250286E0,-3.240000153E1
1.293766022E1,2.246250153E1,-7.237500191E0,-2.681250191E1
1.294766022E1,2.088750076E1,-6.693750381E0,-2.666250038E1
1.295766022E1,2.336250114E1,-8.737500191E0,-2.623125076E1
1.296766022E1,2.844375038E1,-9.056250572E0,-3.144375038E1
1.297766022E1,3.041250038E1,-7.875000477E0,-3.343125153E1
1.298766022E1,2.806875038E1,-8.587500572E0,-3.069375038E1
1.299766022E1,2.109375000E1,-9.487500191E0,-2.550000191E1
1.300766022E1,2.017500114E1,-7.856250286E0,-2.109375000E1
1.301766022E1,2.133750153E1,-1.121250057E1,-2.551875114E1
1.302766022E1,2.846250153E1,-8.400000572E0,-3.054375076E1
1.303766022E1,3.033750153E1,-8.156250000E0,-3.153750038E1
1.304766022E1,2.795625114E1,-9.187500000E0,-2.938125038E1
1.305766022E1,2.238750076E1,-9.281250000E0,-2.615625191E1
1.306766022E1,1.942500114E1,-1.076250076E1,-2.176875114E1
1.307766022E1,2.296875000E1,-1.016250038E1,-2.469375038E1
1.308766022E1,2.735625076E1,-1.050000000E1,-2.988750076E1
1.309766022E1,3.054375076E1,-9.918750763E0,-3.343125153E1
1.310766022E1,2.964375114E1,-7.893750191E0,-3.232500076E1
1.311766022E1,2.250000000E1,-9.581250191E0,-2.613750076E1
1.312766022E1,2.122500038E1,-9.375000000E0,-2.754375076E1
1.313766022E1,2.405625153E1,-1.048125076E1,-2.733750153E1
1.314766022E1,2.955000114E1,-9.318750381E0,-3.253125000E1
1.315766022E1,3.380625153E1,-7.387500286E0,-3.478125000E1
1.316766022E1,3.086250114E1,-7.331250191E0,-3.161250114E1
1.317766022E1,2.533125114E1,-8.512500763E0,-2.784375191E1
1.318766022E1,2.340000153E1,-9.018750191E0,-2.448750114E1
1.319766022E1,2.450625038E1,-8.362500191E0,-2.658750153E1
1.320766022E1,2.955000114E1,-1.089375019E1,-3.161250114E1
1.321766022E1,3.228750229E1,-1.001250076E1,-3.515625000E1
1.322766022E1,3.185625076E1,-7.931250095E0,-3.283125305E1
1.323766022E1,2.666250038E1,-8.268750191E0,-2.741250038E1
1.324766022E1,2.370000076E1,-9.656250000E0,-2.583750153E1
1.325766022E1,2.548125076E1,-8.381250381E0,-2.925000191E1
1.326766022E1,3.196875191E1,-9.768750191E0,-3.080625153E1
1.327766022E1,3.350625229E1,-9.750000000E0,-3.348750305E1
1.328766022E1,3.204375076E1,-9.187500000E0,-3.303750229E1
1.329766022E1,2.735625076E1,-9.037500381E0,-2.876250076E1
1.330766022E1,2.443125153E1,-1.134375000E1,-2.476875114E1
1.331766022E1,2.505000114E1,-1.200000000E1,-2.722500038E1
1.332766022E1,3.061875153E1,-1.128750038E1,-3.112500191E1
1.333766022E1,3.448125076E1,-8.587500572E0,-3.406875229E1
1.334766022E1,3.217500305E1,-8.850000381E0,-3.228750229E1
1.335766022E1,2.546250153E1,-1.085625076E1,-2.733750153E1
1.336766022E1,2.293125153E1,-1.061250019E1,-2.371875000E1
1.337766022E1,2.422500038E1,-1.029375076E1,-2.720625114E1
1.338766022E1,2.835000038E1,-1.048125076E1,-3.163125038E1
1.339766022E1,3.315000153E1,-8.643750191E0,-3.279375076E1
1.340766022E1,2.992500114E1,-9.787500381E0,-3.296250153E1
1.341766022E1,2.512500191E1,-1.121250057E1,-2.761875153E1
1.342766022E1,2.356875038E1,-8.756250381E0,-2.731875038E1
1.343766022E1,2.383125114E1,-1.008750057E1,-3.018750191E1
1.344766022E1,2.720625114E1,-8.175000191E0,-3.133125114E1
1.345766022E1,3.376875305E1,-8.062500000E0,-3.645000076E1
1.346766022E1,3.255000305E1,-7.481250286E0,-3.553125000E1
1.347766022E1,2.823750114E1,-6.937500477E0,-2.880000114E1
1.348766022E1,2.285625076E1,-9.543750763E0,-2.536875153E1
1.349766022E1,2.379375076E1,-9.375000000E0,-2.711250114E1
1.350766022E1,2.814375114E1,-9.225000381E0,-3.157500076E1
1.351766022E1,3.236250305E1,-8.362500191E0,-3.234375000E1
1.352766022E1,3.258750153E1,-8.343750000E0,-3.234375000E1
1.353766022E1,2.563125038E1,-8.625000000E0,-2.658750153E1
1.354766022E1,2.229375076E1,-1.050000000E1,-2.433750153E1
1.355766022E1,2.276250076E1,-1.160625076E1,-2.566875076E1
1.356766022E1,2.664375114E1,-1.096875000E1,-2.827500153E1
1.357766022E1,3.127500153E1,-7.968750477E0,-3.281250000E1
1.358766022E1,2.949375153E1,-1.040625000E1,-3.165000153E1
1.359766022E1,2.730000114E1,-9.506250381E0,-2.825625038E1
1.360766022E1,2.319375038E1,-8.681250572E0,-2.310000038E1
1.361766022E1,2.235000038E1,-1.126875019E1,-2.381250000E1
1.362766022E1,2.773125076E1,-1.012500000E1,-2.866875076E1
1.363766022E1,3.088125038E1,-9.075000763E0,-3.210000229E1
1.364766022E1,3.159375191E1,-8.362500191E0,-3.076875114E1
1.365766022E1,2.651250076E1,-8.906250000E0,-2.782500076E1
1.366766022E1,2.229375076E1,-1.027500057E1,-2.154375076E1
1.367766022E1,2.296875000E1,-1.140000057E1,-2.366250038E1
1.368766022E1,2.529375076E1,-1.104375076E1,-2.746875191E1
1.369766022E1,2.988750076E1,-1.085625076E1,-3.131250191E1
1.370766022E1,3.043125153E1,-1.001250076E1,-3.030000114E1
1.371766022E1,2.701875114E1,-7.893750191E0,-2.634375191E1
1.372766022E1,2.272500038E1,-9.975000381E0,-2.298750114E1
1.373766022E1,2.340000153E1,-8.700000763E0,-2.465625191E1
1.374766022E1,2.565000153E1,-1.192500019E1,-2.568750191E1
1.375766022E1,2.971875191E1,-1.070625019E1,-3.116250038E1
1.376766022E1,2.994375038E1,-1.018125057E1,-2.964375114E1
1.377766022E1,2.795625114E1,-7.425000191E0,-2.827500153E1
1.378766022E1,2.231250000E1,-1.108125019E1,-2.225625038E1
1.379766022E1,2.295000076E1,-9.637500763E0,-2.332500076E1
1.380766022E1,2.548125076E1,-1.055625057E1,-2.750625038E1
1.381766022E1,3.000000191E1,-9.937500000E0,-3.264375305E1
1.382766022E1,3.125625038E1,-9.225000381E0,-3.255000305E1
1.383766022E1,2.679375076E1,-1.029375076E1,-2.709375191E1
1.384766022E1,2.373750114E1,-1.055625057E1,-2.341875076E1
1.385766022E1,2.203125000E1,-1.033125019E1,-2.341875076E1
1.386766022E1,2.649375153E1,-1.089375019E1,-2.484375191E1
1.387766022E1,3.028125191E1,-8.906250000E0,-3.037500191E1
1.388766022E1,3.123750114E1,-8.700000763E0,-3.088125038E1
1.389766022E1,2.761875153E1,-8.043750763E0,-2.760000038E1
1.390766022E1,2.317500114E1,-9.956250191E0,-2.345625114E1
1.391766022E1,2.212500000E1,-1.044375038E1,-2.137500000E1
1.392766022E1,2.400000000E1,-1.123125076E1,-2.617500114E1
1.393766022E1,2.893125153E1,-1.042500019E1,-3.101250076E1
1.394766022E1,3.121875191E1,-8.437500000E0,-3.230625153E1
1.395766022E1,2.881875038E1,-6.900000095E0,-2.880000114E1
1.396766022E1,2.386875153E1,-7.500000477E0,-2.212500000E1
1.397766022E1,2.100000000E1,-1.008750057E1,-2.373750114E1
1.398766022E1,2.520000076E1,-9.843750000E0,-2.428125191E1
1.399766022E1,2.968125153E1,-8.756250381E0,-2.913750076E1
1.400766022E1,3.048750114E1,-9.243750572E0,-3.144375038E1
1.401766022E1,2.306250000E1,-9.337500572E0,-2.398125076E1
1.402766022E1,2.306250000E1,-9.337500572E0,-2.398125076E1
1.403766022E1,2.133750153E1,-1.100625038E1,-2.351250076E1
1.404766022E1,2.424375153E1,-1.153125000E1,-2.568750191E1
1.405766022E1,2.754375076E1,-1.186875057E1,-2.836875153E1
1.406766022E1,3.185625076E1,-8.625000000E0,-2.917500114E1
1.407766022E1,2.469375038E1,-7.631250381E0,-2.306250000E1
1.408766022E1,2.165625000E1,-1.038750076E1,-2.450625038E1
1.409766022E1,2.493750191E1,-1.055625057E1,-2.610000038E1
1.410766022E1,2.971875191E1,-1.018125057E1,-2.932500076E1
1.411766022E1,3.208125305E1,-6.150000095E0,-3.142500114E1
1.412766022E1,2.941875076E1,-7.987500191E0,-2.919375038E1
1.413766022E1,2.606250191E1,-7.462500095E0,-2.591250038E1
1.414766022E1,2.229375076E1,-9.562500000E0,-2.458125114E1
1.415766022E1,2.488125038E1,-1.194375038E1,-2.458125114E1
1.416766022E1,3.007500076E1,-1.036875057E1,-3.103125191E1
1.417766022E1,3.318750000E1,-7.668750286E0,-3.163125038E1
1.418766022E1,2.956875038E1,-8.156250000E0,-3.011250114E1
1.419766022E1,2.501250076E1,-9.112500191E0,-2.574375153E1
1.420766022E1,2.143125153E1,-8.625000000E0,-2.340000153E1
1.421766022E1,2.445000076E1,-1.155000019E1,-2.694375038E1
1.422766022E1,3.003750038E1,-9.881250381E0,-3.045000076E1
1.423766022E1,3.176250076E1,-9.975000381E0,-3.219375229E1
1.424766022E1,2.866875076E1,-9.412500381E0,-2.780625153E1
1.425766022E1,2.463750076E1,-8.962500572E0,-2.529375076E1
1.426766022E1,2.212500000E1,-1.003125000E1,-2.422500038E1
1.427766022E1,2.503125191E1,-1.025625038E1,-2.722500038E1
1.428766022E1,2.953125191E1,-8.212500572E0,-3.183750153E1
1.429766022E1,3.058125114E1,-8.962500572E0,-3.303750229E1
1.430766022E1,2.979375076E1,-9.375000000E0,-2.908125114E1
1.431766022E1,2.503125191E1,-9.318750381E0,-2.745000076E1
1.432766022E1,2.206875038E1,-1.050000000E1,-2.386875153E1
1.433766022E1,2.486250114E1,-1.040625000E1,-2.658750153E1
1.434766022E1,2.934375191E1,-9.318750381E0,-3.174375153E1
1.435766022E1,2.973750114E1,-9.975000381E0,-3.388125229E1
1.436766022E1,3.048750114E1,-7.781250477E0,-3.016875076E1
1.437766022E1,2.428125191E1,-1.046250057E1,-2.733750153E1
1.438766022E1,2.161875153E1,-1.106250000E1,-2.647500038E1
1.439766022E1,2.373750114E1,-9.225000381E0,-2.760000038E1
1.440766022E1,2.880000114E1,-1.110000038E1,-3.189375114E1
1.441766022E1,3.093750191E1,-1.006875038E1,-3.405000305E1
1.442766022E1,2.908125114E1,-8.512500763E0,-3.071250153E1
1.443766022E1,2.501250076E1,-1.151250076E1,-2.696250153E1
1.444766022E1,2.210625076E1,-1.068750000E1,-2.525625038E1
1.445766022E1,2.323125076E1,-1.209375095E1,-2.688750076E1
1.446766022E1,2.863125038E1,-9.993750572E0,-3.198750114E1
1.447766022E1,3.131250191E1,-9.693750381E0,-3.251250076E1
1.448766022E1,3.099375153E1,-8.456250191E0,-3.262500000E1
1.449766022E1,2.542500114E1,-1.038750076E1,-2.737500191E1
1.450766022E1,2.210625076E1,-1.066875076E1,-2.448750114E1
1.451766022E1,2.300625038E1,-1.211250019E1,-2.686875153E1
1.452766022E1,2.812500191E1,-1.027500057E1,-2.928750038E1
1.453766022E1,3.140625191E1,-1.065000057E1,-3.307500076E1
1.454766022E1,3.065625191E1,-9.993750572E0,-3.060000038E1
1.455766022E1,2.559375191E1,-1.021875000E1,-2.754375076E1
1.456766022E1,2.152500153E1,-1.228125095E1,-2.433750153E1
1.457766022E1,2.281875038E1,-1.207500076E1,-2.531250191E1
1.458766022E1,2.883750153E1,-8.868750572E0,-3.161250114E1
1.459766022E1,3.238125229E1,-1.010625076E1,-3.266250229E1
1.460766022E1,3.045000076E1,-9.993750572E0,-2.998125076E1
1.461766022E1,2.553750038E1,-1.006875038E1,-2.739375114E1
1.462766022E1,2.302500153E1,-1.093125057E1,-2.431875038E1
1.463766022E1,2.285625076E1,-1.132500076E1,-2.694375038E1
1.464766022E1,2.951250076E1,-1.016250038E1,-2.776875114E1
1.465766022E1,3.210000229E1,-1.005000019E1,-2.968125153E1
1.466766022E1,3.095625114E1,-9.206250191E0,-3.114375114E1
1.467766022E1,2.581875038E1,-1.175625038E1,-2.600625038E1
1.468766022E1,2.375625038E1,-8.981250763E0,-2.371875000E1
1.469766022E1,2.415000153E1,-1.089375019E1,-2.512500191E1
1.470766022E1,2.805000114E1,-1.108125019E1,-2.955000114E1
1.471766022E1,3.116250038E1,-9.825000763E0,-3.078750038E1
1.472766022E1,3.187500191E1,-1.006875038E1,-2.968125153E1
1.473766022E1,2.835000038E1,-7.875000477E0,-2.825625038E1
1.474766022E1,2.353125000E1,-9.600000381E0,-2.287500000E1
1.475766022E1,2.356875038E1,-1.123125076E1,-2.508750153E1
1.476766022E1,2.829375076E1,-1.010625076E1,-2.915625191E1
1.477766022E1,3.155625153E1,-1.089375019E1,-3.039375114E1
1.478766022E1,3.170625114E1,-8.043750763E0,-3.078750038E1
1.479766022E1,2.690625191E1,-1.038750076E1,-2.458125114E1
1.480766022E1,2.428125191E1,-9.300000191E0,-2.557500076E1
1.481766022E1,2.385000038E1,-9.300000191E0,-2.446875191E1
1.482766022E1,2.760000038E1,-1.078125000E1,-2.893125153E1
1.483766022E1,3.311250305E1,-9.075000763E0,-3.120000076E1
1.484766022E1,3.360000229E1,-8.700000763E0,-3.013125038E1
1.485766022E1,2.746875191E1,-9.356250763E0,-2.874375153E1
1.486766022E1,2.407500076E1,-1.021875000E1,-2.377500153E1
1.487766022E1,2.298750114E1,-1.136250019E1,-2.255625153E1
1.488766022E1,2.823750114E1,-9.956250191E0,-2.900625038E1
1.489766022E1,3.258750153E1,-9.900000572E0,-3.142500114E1
1.490766022E1,3.245625305E1,-7.856250286E0,-3.097500038E1
1.491766022E1,2.891250038E1,-1.115625000E1,-2.829375076E1
1.492766022E1,2.371875000E1,-9.637500763E0,-2.475000191E1
1.493766022E1,2.424375153E1,-1.005000019E1,-2.362500000E1
1.494766022E1,2.786250114E1,-9.468750000E0,-2.825625038E1
1.495766022E1,3.303750229E1,-8.962500572E0,-3.245625305E1
1.496766022E1,3.240000153E1,-1.008750057E1,-3.204375076E1
1.497766022E1,2.820000076E1,-8.025000572E0,-2.761875153E1
1.498766022E1,2.409375191E1,-1.020000076E1,-2.266875076E1
1.499766022E1,2.355000114E1,-1.010625076E1,-2.439375114E1
1.500766022E1,2.887500191E1,-1.005000019E1,-2.838750076E1
1.501766022E1,3.088125038E1,-1.125000000E1,-3.003750038E1
1.502766022E1,3.318750000E1,-8.587500572E0,-3.061875153E1
1.503766022E1,2.752500153E1,-1.010625076E1,-2.758125114E1
1.504766022E1,2.388750076E1,-9.262500763E0,-2.259375000E1
1.505766022E1,2.195625114E1,-1.113750076E1,-2.366250038E1
1.506766022E1,2.662500191E1,-1.046250057E1,-2.643750191E1
1.507766022E1,3.125625038E1,-9.937500000E0,-2.953125191E1
1.508766022E1,3.003750038E1,-1.134375000E1,-3.189375114E1
1.509766022E1,2.720625114E1,-1.010625076E1,-2.679375076E1
1.510766022E1,2.368125153E1,-9.450000763E0,-2.351250076E1
1.511766022E1,2.310000038E1,-1.104375076E1,-2.289375114E1
1.512766022E1,2.638125038E1,-9.975000381E0,-2.553750038E1
1.513766022E1,3.110625076E1,-7.893750191E0,-2.985000038E1
1.514766022E1,3.195000076E1,-1.102500057E1,-3.054375076E1
1.515766022E1,2.902500153E1,-8.137500763E0,-2.823750114E1
1.516766022E1,2.338125038E1,-1.027500057E1,-2.422500038E1
1.517766022E1,2.238750076E1,-8.437500000E0,-2.435625076E1
1.518766022E1,2.640000153E1,-1.141875076E1,-2.621250153E1
1.519766022E1,2.988750076E1,-9.075000763E0,-2.973750114E1
1.520766022E1,3.166875076E1,-8.812500000E0,-2.962500191E1
1.521766022E1,2.810625076E1,-8.812500000E0,-2.786250114E1
1.522766022E1,2.356875038E1,-1.008750057E1,-2.360625076E1
1.523766022E1,2.043750000E1,-1.042500019E1,-2.291250038E1
1.524766022E1,2.568750191E1,-1.209375095E1,-2.660625076E1
1.525766022E1,3.078750038E1,-9.675000191E0,-3.031875038E1
1.526766022E1,3.210000229E1,-1.005000019E1,-2.938125038E1
1.527766022E1,2.992500114E1,-7.800000191E0,-2.938125038E1
1.528766022E1,2.300625038E1,-9.168750763E0,-2.353125000E1
1.529766022E1,2.182500076E1,-1.145625019E1,-2.362500000E1
1.530766022E1,2.529375076E1,-9.262500763E0,-2.589375114E1
1.531766022E1,3.003750038E1,-1.110000038E1,-2.910000038E1
1.532766022E1,3.335625076E1,-8.118750572E0,-3.142500114E1
1.533766022E1,2.831250191E1,-8.325000763E0,-2.728125191E1
1.534766022E1,2.296875000E1,-9.225000381E0,-2.570625114E1
1.535766022E1,2.176875114E1,-8.625000000E0,-2.401875114E1
1.536766022E1,2.430000114E1,-9.487500191E0,-2.679375076E1
1.537766022E1,3.105000114E1,-9.918750763E0,-2.842500114E1
1.538766022E1,3.155625153E1,-9.656250000E0,-3.174375153E1
1.539766022E1,2.943750191E1,-7.012500286E0,-2.865000153E1
1.540766022E1,2.422500038E1,-1.008750057E1,-2.518125153E1
1.541766022E1,2.139375114E1,-1.001250076E1,-2.156250000E1
1.542766022E1,2.480625153E1,-1.096875000E1,-2.371875000E1
1.543766022E1,2.878125191E1,-1.087500000E1,-2.941875076E1
1.544766022E1,3.292500305E1,-9.581250191E0,-3.178125191E1
1.545766022E1,3.001875114E1,-8.137500763E0,-3.045000076E1
1.546766022E1,2.418750191E1,-9.918750763E0,-2.426250076E1
1.547766022E1,2.379375076E1,-8.925000191E0,-2.184375000E1
1.548766022E1,2.394375038E1,-1.108125019E1,-2.634375191E1
1.549766022E1,3.020625114E1,-9.393750191E0,-3.080625153E1
1.550766022E1,3.206250000E1,-9.168750763E0,-3.226875305E1
1.551766022E1,2.962500191E1,-9.225000381E0,-2.878125191E1
1.552766022E1,2.401875114E1,-1.006875038E1,-2.362500000E1
1.553766022E1,2.293125153E1,-9.450000763E0,-2.193750000E1
1.554766022E1,2.621250153E1,-1.012500000E1,-2.490000153E1
1.555766022E1,3.090000153E1,-8.118750572E0,-3.155625153E1
1.556766022E1,3.296250153E1,-8.812500000E0,-3.309375000E1
1.557766022E1,2.908125114E1,-8.531250000E0,-3.148125076E1
1.558766022E1,2.394375038E1,-9.918750763E0,-2.426250076E1
1.559766022E1,2.338125038E1,-1.005000019E1,-2.173125076E1
1.560766022E1,2.565000153E1,-1.016250038E1,-2.490000153E1
1.561766022E1,3.131250191E1,-9.375000000E0,-3.240000153E1
1.562766022E1,3.363750076E1,-7.856250286E0,-3.412500000E1
1.563766022E1,2.951250076E1,-7.387500286E0,-3.050625038E1
1.564766022E1,2.390625000E1,-8.531250000E0,-2.531250191E1
1.565766022E1,2.130000114E1,-1.051875019E1,-2.244375038E1
1.566766022E1,2.596875191E1,-1.014375019E1,-2.536875153E1
1.567766022E1,3.127500153E1,-1.014375019E1,-3.123750114E1
1.568766022E1,3.328125000E1,-7.987500191E0,-3.238125229E1
1.569766022E1,3.033750153E1,-5.962500095E0,-3.281250000E1
1.570766022E1,2.482500076E1,-9.000000000E0,-2.716875076E1
1.571766022E1,2.079375076E1,-9.750000000E0,-2.250000000E1
1.572766022E1,2.703750038E1,-8.793750763E0,-2.456250191E1
1.573766022E1,3.097500038E1,-1.003125000E1,-3.217500305E1
1.574766022E1,3.288750076E1,-8.700000763E0,-3.403125000E1
1.575766022E1,3.120000076E1,-6.075000286E0,-3.266250229E1
1.576766022E1,2.293125153E1,-1.020000076E1,-2.656875038E1
1.577766022E1,2.086875153E1,-1.166250038E1,-2.313750076E1
1.578766022E1,2.542500114E1,-1.192500019E1,-2.536875153E1
1.579766022E1,3.121875191E1,-9.993750572E0,-3.140625191E1
1.580766022E1,3.333750153E1,-7.743750095E0,-3.506250000E1
1.581766022E1,3.065625191E1,-6.281250477E0,-3.388125229E1
1.582766022E1,2.428125191E1,-6.206250191E0,-2.833125114E1
1.583766022E1,2.576250076E1,-9.843750000E0,-2.491875076E1
1.584766022E1,2.576250076E1,-9.843750000E0,-2.491875076E1
1.585766022E1,3.114375114E1,-9.862500191E0,-3.234375000E1
1.586766022E1,2.930625153E1,-5.418750286E0,-3.378750229E1
1.587766022E1,2.930625153E1,-5.418750286E0,-3.378750229E1
1.588766022E1,2.328750038E1,-7.387500286E0,-2.851875114E1
1.589766022E1,2.548125076E1,-1.053750038E1,-2.673750114E1
1.590766022E1,3.140625191E1,-8.868750572E0,-3.150000191E1
1.591766022E1,3.279375076E1,-6.206250191E0,-3.579375076E1
1.592766022E1,2.801250076E1,-6.468750477E0,-3.508125305E1
1.593766022E1,2.302500153E1,-8.362500191E0,-2.906250191E1
1.594766022E1,1.981875038E1,-9.693750381E0,-2.373750114E1
1.595766022E1,2.383125114E1,-1.140000057E1,-2.600625038E1
1.596766022E1,3.181875038E1,-8.887500763E0,-3.305625153E1
1.597766022E1,3.264375305E1,-8.343750000E0,-3.811875153E1
1.598766022E1,2.739375114E1,-7.293750286E0,-3.453750229E1
1.599766022E1,2.165625000E1,-9.675000191E0,-2.799375153E1
1.600766022E1,1.880625153E1,-1.366875076E1,-2.246250153E1
1.601766022E1,2.598750114E1,-1.130625057E1,-2.715000153E1
1.602766022E1,3.163125038E1,-1.125000000E1,-3.223125076E1
1.603766022E1,3.245625305E1,-9.843750000E0,-3.502500153E1
1.604766022E1,2.758125114E1,-8.550000191E0,-3.459375000E1
1.605766022E1,2.171250153E1,-9.843750000E0,-2.844375038E1
1.606766022E1,2.160000038E1,-1.063125038E1,-2.150625038E1
1.607766022E1,2.531250191E1,-1.201875019E1,-2.285625076E1
1.608766022E1,3.253125000E1,-9.750000000E0,-3.159375191E1
1.609766022E1,3.298125076E1,-9.037500381E0,-3.541875076E1
1.610766022E1,2.880000114E1,-8.906250000E0,-3.316875076E1
1.611766022E1,2.287500000E1,-1.005000019E1,-2.641875076E1
1.612766022E1,2.028750038E1,-9.712500572E0,-1.983750153E1
1.613766022E1,2.533125114E1,-1.074375057E1,-2.250000000E1
1.614766022E1,3.110625076E1,-1.185000038E1,-2.983125114E1
1.615766022E1,3.365625000E1,-9.618750572E0,-3.521250153E1
1.616766022E1,3.005625153E1,-8.456250191E0,-3.650625229E1
1.617766022E1,2.280000114E1,-9.618750572E0,-2.833125114E1
1.618766022E1,2.055000114E1,-1.072500038E1,-2.257500076E1
1.619766022E1,2.540625191E1,-9.956250191E0,-2.255625153E1
1.620766022E1,3.236250305E1,-9.918750763E0,-3.110625076E1
1.621766022E1,3.526875305E1,-7.650000095E0,-3.618750000E1
1.622766022E1,2.838750076E1,-9.112500191E0,-3.408750153E1
1.623766022E1,2.340000153E1,-9.225000381E0,-2.649375153E1
1.624766022E1,2.098125076E1,-9.337500572E0,-1.910625076E1
1.625766022E1,2.536875153E1,-1.072500038E1,-2.139375114E1
1.626766022E1,3.264375305E1,-9.825000763E0,-2.846250153E1
1.627766022E1,3.369375229E1,-8.643750191E0,-3.436875153E1
1.628766022E1,3.088125038E1,-6.581250191E0,-3.356250000E1
1.629766022E1,2.330625153E1,-1.130625057E1,-2.694375038E1
1.630766022E1,2.199375153E1,-1.108125019E1,-2.178750038E1
1.631766022E1,2.403750038E1,-1.220625019E1,-2.047500038E1
1.632766022E1,3.108750153E1,-1.010625076E1,-2.936250114E1
1.633766022E1,3.298125076E1,-1.057500076E1,-3.388125229E1
1.634766022E1,2.940000153E1,-5.756250381E0,-3.453750229E1
1.635766022E1,2.276250076E1,-1.036875057E1,-2.640000153E1
1.636766022E1,2.015625000E1,-1.160625076E1,-1.890000153E1
1.637766022E1,2.503125191E1,-1.342500019E1,-2.163750076E1
1.638766022E1,3.283125305E1,-9.881250381E0,-3.065625191E1
1.639766022E1,3.313125229E1,-7.106250286E0,-3.480000305E1
1.640766022E1,2.977500153E1,-6.637500286E0,-3.275625229E1
1.641766022E1,2.257500076E1,-7.537500381E0,-2.677500153E1
1.642766022E1,2.013750076E1,-1.318125057E1,-1.876875114E1
1.643766022E1,2.677500153E1,-1.475625038E1,-2.139375114E1
1.644766022E1,3.200625229E1,-1.213125038E1,-3.015000153E1
1.645766022E1,3.311250305E1,-7.143750191E0,-3.556875229E1
1.646766022E1,2.776875114E1,-5.662500381E0,-3.358125305E1
1.647766022E1,1.936875153E1,-1.023750019E1,-2.557500076E1
1.648766022E1,2.231250000E1,-1.147500038E1,-1.942500114E1
1.649766022E1,2.806875038E1,-1.151250076E1,-2.184375000E1
1.650766022E1,3.320625305E1,-1.074375057E1,-2.823750114E1
1.651766022E1,3.313125229E1,-9.281250000E0,-3.320625305E1
1.652766022E1,2.814375114E1,-6.750000477E0,-3.380625153E1
1.653766022E1,2.064375114E1,-7.968750477E0,-2.671875191E1
1.654766022E1,2.103750038E1,-1.220625019E1,-1.980000114E1
1.655766022E1,2.835000038E1,-1.018125057E1,-2.008125114E1
1.656766022E1,3.427500153E1,-1.145625019E1,-2.773125076E1
1.657766022E1,3.322500229E1,-1.078125000E1,-3.590625000E1
1.658766022E1,2.765625191E1,-8.062500000E0,-3.416250229E1
1.659766022E1,2.171250153E1,-7.462500095E0,-2.771250153E1
1.660766022E1,2.071875000E1,-9.112500191E0,-2.176875114E1
1.661766022E1,2.808750153E1,-1.149375057E1,-2.122500038E1
1.662766022E1,3.348750305E1,-1.149375057E1,-2.771250153E1
1.663766022E1,3.517500305E1,-8.868750572E0,-3.405000305E1
1.664766022E1,2.786250114E1,-8.081250191E0,-3.525000000E1
1.665766022E1,2.008125114E1,-9.768750191E0,-2.748750114E1
1.666766022E1,2.122500038E1,-1.108125019E1,-1.989375114E1
1.667766022E1,2.715000153E1,-1.012500000E1,-2.070000076E1
1.668766022E1,3.376875305E1,-1.070625019E1,-2.857500076E1
1.669766022E1,3.301875305E1,-9.206250191E0,-3.601875305E1
1.670766022E1,2.821875191E1,-8.043750763E0,-3.526875305E1
1.671766022E1,2.036250114E1,-9.900000572E0,-2.733750153E1
1.672766022E1,2.058750153E1,-1.066875076E1,-2.070000076E1
1.673766022E1,2.713125038E1,-1.014375019E1,-2.148750114E1
1.674766022E1,3.328125000E1,-1.085625076E1,-2.683125114E1
1.675766022E1,3.378750229E1,-1.020000076E1,-3.361875153E1
1.676766022E1,2.634375191E1,-9.768750191E0,-3.603750229E1
1.677766022E1,2.182500076E1,-8.587500572E0,-2.917500114E1
1.678766022E1,2.085000038E1,-1.145625019E1,-2.111250114E1
1.679766022E1,2.566875076E1,-1.166250038E1,-2.180625153E1
1.680766022E1,3.365625000E1,-9.562500000E0,-2.647500038E1
1.681766022E1,3.466875076E1,-8.643750191E0,-3.626250076E1
1.682766022E1,2.838750076E1,-8.512500763E0,-3.508125305E1
1.683766022E1,2.111250114E1,-8.775000572E0,-2.821875191E1
1.684766022E1,2.030625153E1,-1.147500038E1,-2.032500076E1
1.685766022E1,2.580000114E1,-1.196250057E1,-2.146875000E1
1.686766022E1,3.285000229E1,-1.140000057E1,-2.833125114E1
1.687766022E1,3.455625153E1,-7.818750381E0,-3.444375229E1
1.688766022E1,2.872500038E1,-9.637500763E0,-3.686250305E1
1.689766022E1,2.145000076E1,-9.900000572E0,-2.953125191E1
1.690766022E1,2.041875076E1,-1.115625000E1,-2.066250038E1
1.691766022E1,2.647500038E1,-1.108125019E1,-1.966875076E1
1.692766022E1,3.210000229E1,-1.158750057E1,-2.816250038E1
1.693766022E1,3.545625305E1,-8.081250191E0,-3.444375229E1
1.694766022E1,2.821875191E1,-9.506250381E0,-3.624375153E1
1.695766022E1,2.304375076E1,-1.012500000E1,-2.985000038E1
1.696766022E1,1.863750076E1,-1.258125019E1,-2.302500153E1
1.697766022E1,2.538750076E1,-1.130625057E1,-1.980000114E1
1.698766022E1,3.337500000E1,-1.057500076E1,-2.842500114E1
1.699766022E1,3.465000153E1,-9.900000572E0,-3.600000000E1
1.700766022E1,2.863125038E1,-9.300000191E0,-3.579375076E1
1.701766022E1,2.291250038E1,-8.700000763E0,-2.934375191E1
1.702766022E1,2.086875153E1,-1.196250057E1,-2.280000114E1
1.703766022E1,2.535000038E1,-1.136250019E1,-2.165625000E1
1.704766022E1,3.208125305E1,-1.140000057E1,-2.675625038E1
1.705766022E1,3.493125153E1,-8.906250000E0,-3.466875076E1
1.706766022E1,2.986875153E1,-8.962500572E0,-3.725625229E1
1.707766022E1,2.289375114E1,-7.800000191E0,-3.114375114E1
1.708766022E1,1.901250076E1,-1.036875057E1,-2.351250076E1
1.709766022E1,2.570625114E1,-1.130625057E1,-2.026875114E1
1.710766022E1,3.391875076E1,-1.033125019E1,-2.641875076E1
1.711766022E1,3.451875305E1,-8.793750763E0,-3.560625076E1
1.712766022E1,2.956875038E1,-8.212500572E0,-3.840000153E1
1.713766022E1,2.371875000E1,-6.993750095E0,-3.309375000E1
1.714766022E1,1.948125076E1,-9.375000000E0,-2.345625114E1
1.715766022E1,2.563125038E1,-9.731250763E0,-2.055000114E1
1.716766022E1,3.133125114E1,-1.006875038E1,-2.857500076E1
1.717766022E1,3.433125305E1,-8.962500572E0,-3.590625000E1
1.718766022E1,3.045000076E1,-6.731250286E0,-3.806250000E1
1.719766022E1,2.175000000E1,-7.875000477E0,-3.142500114E1
1.720766022E1,1.867500114E1,-9.431250572E0,-2.375625038E1
1.721766022E1,2.242500114E1,-1.293750095E1,-2.101875114E1
1.722766022E1,3.255000305E1,-1.010625076E1,-2.688750076E1
1.723766022E1,3.348750305E1,-8.231250763E0,-3.626250076E1
1.724766022E1,2.863125038E1,-6.825000286E0,-3.802500153E1
1.725766022E1,2.156250000E1,-8.043750763E0,-3.204375076E1
1.726766022E1,1.681875038E1,-1.051875019E1,-2.426250076E1
1.727766022E1,2.253750038E1,-1.108125019E1,-2.257500076E1
1.728766022E1,2.908125114E1,-1.224375057E1,-2.790000153E1
1.729766022E1,3.277500153E1,-9.243750572E0,-3.710625076E1
1.730766022E1,2.913750076E1,-6.356250286E0,-3.916875076E1
1.731766022E1,2.098125076E1,-8.100000381E0,-3.264375305E1
1.732766022E1,1.779375076E1,-1.029375076E1,-2.413125038E1
1.733766022E1,2.321250153E1,-1.136250019E1,-2.334375000E1
1.734766022E1,2.985000038E1,-1.222500038E1,-2.900625038E1
1.735766022E1,3.228750229E1,-1.023750019E1,-3.765000153E1
1.736766022E1,2.733750153E1,-9.131250381E0,-3.796875000E1
1.737766022E1,2.253750038E1,-9.600000381E0,-3.301875305E1
1.738766022E1,1.916250038E1,-1.083750057E1,-2.364375114E1
1.739766022E1,2.231250000E1,-1.348125076E1,-2.362500000E1
1.740766022E1,3.013125038E1,-1.173750019E1,-2.951250076E1
1.741766022E1,3.352500153E1,-9.975000381E0,-3.596250153E1
1.742766022E1,3.007500076E1,-8.662500381E0,-3.853125000E1
1.743766022E1,2.272500038E1,-9.731250763E0,-3.238125229E1
1.744766022E1,1.989375114E1,-1.065000057E1,-2.430000114E1
1.745766022E1,2.373750114E1,-1.200000000E1,-2.454375076E1
1.746766022E1,3.125625038E1,-1.149375057E1,-2.831250191E1
1.747766022E1,3.373125076E1,-1.119375038E1,-3.525000000E1
1.748766022E1,3.003750038E1,-9.412500381E0,-3.675000000E1
1.749766022E1,2.381250000E1,-9.806250572E0,-3.146250153E1
1.750766022E1,2.122500038E1,-9.150000572E0,-2.475000191E1
1.751766022E1,2.370000076E1,-1.036875057E1,-2.250000000E1
1.752766022E1,3.127500153E1,-1.145625019E1,-2.675625038E1
1.753766022E1,3.324375153E1,-9.806250572E0,-3.504375076E1
1.754766022E1,3.015000153E1,-9.937500000E0,-3.950625229E1
1.755766022E1,2.482500076E1,-8.531250000E0,-3.361875153E1
1.756766022E1,2.073750114E1,-1.014375019E1,-2.559375191E1
1.757766022E1,2.371875000E1,-1.033125019E1,-2.094375038E1
1.758766022E1,2.932500076E1,-1.156875038E1,-2.716875076E1
1.759766022E1,3.326250076E1,-9.562500000E0,-3.178125191E1
1.760766022E1,3.121875191E1,-9.506250381E0,-3.721875000E1
1.761766022E1,2.431875038E1,-9.318750381E0,-3.213750076E1
1.762766022E1,2.195625114E1,-8.662500381E0,-2.559375191E1
1.763766022E1,2.377500153E1,-1.080000019E1,-2.090625000E1
1.764766022E1,3.076875114E1,-8.925000191E0,-2.600625038E1
1.765766022E1,3.403125000E1,-1.018125057E1,-3.300000000E1
1.766766022E1,3.213750076E1,-7.350000381E0,-3.570000076E1
1.767766022E1,2.563125038E1,-9.712500572E0,-3.196875191E1
1.768766022E1,2.411250114E1,-1.016250038E1,-2.128125000E1
1.769766022E1,2.411250114E1,-1.016250038E1,-2.128125000E1
1.770766022E1,3.026250076E1,-9.112500191E0,-2.583750153E1
1.771766022E1,3.305625153E1,-9.150000572E0,-3.416250229E1
1.772766022E1,2.568750191E1,-9.225000381E0,-3.215625000E1
1.773766022E1,2.163750076E1,-1.040625000E1,-2.527500153E1
1.774766022E1,2.469375038E1,-8.868750572E0,-2.186250114E1
1.775766022E1,2.831250191E1,-1.201875019E1,-2.383125114E1
1.776766022E1,3.438750076E1,-1.012500000E1,-3.174375153E1
1.777766022E1,3.181875038E1,-8.212500572E0,-3.750000000E1
1.778766022E1,2.664375114E1,-9.056250572E0,-3.343125153E1
1.779766022E1,2.176875114E1,-1.008750057E1,-2.531250191E1
1.780766022E1,2.394375038E1,-1.033125019E1,-2.141250038E1
1.781766022E1,2.951250076E1,-1.087500000E1,-2.473125076E1
1.782766022E1,3.322500229E1,-1.023750019E1,-3.360000229E1
1.783766022E1,3.249375153E1,-8.493750572E0,-3.748125076E1
1.784766022E1,2.820000076E1,-8.456250191E0,-3.273750305E1
1.785766022E1,2.216250038E1,-1.021875000E1,-2.514375114E1
1.786766022E1,2.467500114E1,-1.108125019E1,-2.135625076E1
1.787766022E1,2.932500076E1,-1.104375076E1,-2.488125038E1
1.788766022E1,3.356250000E1,-8.137500763E0,-3.221250153E1
1.789766022E1,3.311250305E1,-8.925000191E0,-3.746250153E1
1.790766022E1,2.750625038E1,-9.150000572E0,-3.298125076E1
1.791766022E1,2.298750114E1,-1.098750019E1,-2.619375038E1
1.792766022E1,2.235000038E1,-1.040625000E1,-2.090625000E1
1.793766022E1,2.911875153E1,-9.581250191E0,-2.280000114E1
1.794766022E1,3.457500076E1,-8.718750000E0,-3.264375305E1
1.795766022E1,3.174375153E1,-1.021875000E1,-3.575625229E1
1.796766022E1,2.685000038E1,-8.737500191E0,-3.408750153E1
1.797766022E1,2.235000038E1,-1.003125000E1,-2.484375191E1
1.798766022E1,2.351250076E1,-1.053750038E1,-2.263125038E1
1.799766022E1,2.733750153E1,-1.100625038E1,-2.516250038E1
1.800766022E1,3.375000000E1,-9.187500000E0,-3.088125038E1
1.801766022E1,3.410625076E1,-7.743750095E0,-3.693750000E1
1.802766022E1,2.825625038E1,-8.606250763E0,-3.256875229E1
1.803766022E1,2.281875038E1,-8.737500191E0,-2.497500038E1
1.804766022E1,2.214375114E1,-1.040625000E1,-2.028750038E1
1.805766022E1,2.776875114E1,-1.110000038E1,-2.343750000E1
1.806766022E1,3.181875038E1,-1.014375019E1,-3.264375305E1
1.807766022E1,3.123750114E1,-9.468750000E0,-3.613125229E1
1.808766022E1,2.893125153E1,-8.268750191E0,-3.307500076E1
1.809766022E1,2.311875153E1,-8.793750763E0,-2.761875153E1
1.810766022E1,2.330625153E1,-1.085625076E1,-2.167500114E1
1.811766022E1,2.773125076E1,-1.115625000E1,-2.531250191E1
1.812766022E1,3.226875305E1,-1.072500038E1,-3.166875076E1
1.813766022E1,3.271875000E1,-9.093750000E0,-3.697500229E1
1.814766022E1,2.786250114E1,-9.337500572E0,-3.498750305E1
1.815766022E1,2.341875076E1,-9.750000000E0,-2.818125153E1
1.816766022E1,2.199375153E1,-1.108125019E1,-2.178750038E1
1.817766022E1,2.722500038E1,-1.132500076E1,-2.465625191E1
1.818766022E1,3.260625076E1,-1.010625076E1,-3.313125229E1
1.819766022E1,3.230625153E1,-8.962500572E0,-3.744375229E1
1.820766022E1,2.863125038E1,-9.318750381E0,-3.611250305E1
1.821766022E1,2.216250038E1,-1.044375038E1,-2.793750191E1
1.822766022E1,2.173125076E1,-1.207500076E1,-2.233125114E1
1.823766022E1,2.698125076E1,-9.900000572E0,-2.400000000E1
1.824766022E1,3.288750076E1,-1.085625076E1,-3.198750114E1
1.825766022E1,3.311250305E1,-1.036875057E1,-3.843750000E1
1.826766022E1,2.836875153E1,-9.375000000E0,-3.796875000E1
1.827766022E1,2.358750153E1,-9.581250191E0,-2.865000153E1
1.828766022E1,2.332500076E1,-1.104375076E1,-2.291250038E1
1.829766022E1,2.585625076E1,-1.170000076E1,-2.415000153E1
1.830766022E1,3.200625229E1,-1.119375038E1,-3.069375038E1
1.831766022E1,3.294375229E1,-1.085625076E1,-3.838125229E1
1.832766022E1,2.775000191E1,-1.016250038E1,-3.633750153E1
1.833766022E1,2.360625076E1,-1.008750057E1,-2.986875153E1
1.834766022E1,2.214375114E1,-1.065000057E1,-2.338125038E1
1.835766022E1,2.611875153E1,-1.134375000E1,-2.276250076E1
1.836766022E1,3.315000153E1,-9.243750572E0,-3.165000153E1
1.837766022E1,3.309375000E1,-8.943750381E0,-3.855000305E1
1.838766022E1,2.988750076E1,-1.110000038E1,-3.440625000E1
1.839766022E1,2.300625038E1,-9.637500763E0,-2.911875153E1
1.840766022E1,2.263125038E1,-1.025625038E1,-2.156250000E1
1.841766022E1,2.606250191E1,-1.119375038E1,-2.293125153E1
1.842766022E1,3.099375153E1,-1.093125057E1,-3.037500191E1
1.843766022E1,3.181875038E1,-1.119375038E1,-3.693750000E1
1.844766022E1,2.722500038E1,-1.046250057E1,-3.442500305E1
1.845766022E1,2.340000153E1,-9.243750572E0,-2.728125191E1
1.846766022E1,2.244375038E1,-8.362500191E0,-2.139375114E1
1.847766022E1,2.583750153E1,-9.431250572E0,-2.152500153E1
1.848766022E1,3.249375153E1,-8.943750381E0,-3.088125038E1
1.849766022E1,3.226875305E1,-1.027500057E1,-3.858750153E1
1.850766022E1,2.848125076E1,-8.212500572E0,-3.618750000E1
1.851766022E1,2.261250114E1,-7.725000381E0,-2.818125153E1
1.852766022E1,2.115000153E1,-1.065000057E1,-2.150625038E1
1.853766022E1,2.506875038E1,-1.081875038E1,-2.435625076E1
1.854766022E1,2.970000076E1,-1.196250057E1,-3.090000153E1
1.855766022E1,3.311250305E1,-1.068750000E1,-3.825000000E1
1.856766022E1,2.908125114E1,-8.362500191E0,-3.712500000E1
1.857766022E1,2.274375153E1,-9.150000572E0,-2.851875114E1
1.858766022E1,2.113125038E1,-1.066875076E1,-2.180625153E1
1.859766022E1,2.310000038E1,-1.200000000E1,-2.266875076E1
1.860766022E1,3.011250114E1,-1.083750057E1,-3.131250191E1
1.861766022E1,3.159375191E1,-9.375000000E0,-3.911250305E1
1.862766022E1,2.925000191E1,-9.450000763E0,-3.673125076E1
1.863766022E1,2.308125114E1,-8.850000381E0,-2.949375153E1
1.864766022E1,2.081250000E1,-8.493750572E0,-2.276250076E1
1.865766022E1,2.313750076E1,-9.450000763E0,-2.240625000E1
1.866766022E1,2.975625038E1,-9.412500381E0,-3.048750114E1
1.867766022E1,3.234375000E1,-9.768750191E0,-3.815625000E1
1.868766022E1,2.872500038E1,-9.243750572E0,-3.986250305E1
1.869766022E1,2.345625114E1,-6.525000095E0,-3.219375229E1
1.870766022E1,1.921875000E1,-7.350000381E0,-2.409375191E1
1.871766022E1,2.381250000E1,-7.575000286E0,-2.506875038E1
1.872766022E1,2.775000191E1,-9.412500381E0,-3.170625114E1
1.873766022E1,3.226875305E1,-7.237500191E0,-3.789375305E1
1.874766022E1,2.625000191E1,-1.145625019E1,-3.978750229E1
1.875766022E1,2.178750038E1,-9.581250191E0,-3.035625076E1
1.876766022E1,1.931250000E1,-6.768750191E0,-2.585625076E1
1.877766022E1,2.268750000E1,-5.475000381E0,-2.649375153E1
1.878766022E1,2.651250076E1,-9.393750191E0,-3.388125229E1
1.879766022E1,2.795625114E1,-1.668750000E1,-3.189375114E1
1.880766022E1,2.741250038E1,-1.861875153E1,-2.593125153E1
1.881766022E1,2.430000114E1,-1.323750019E1,-2.430000114E1
1.882766022E1,2.585625076E1,-7.687500477E0,-2.791875076E1
1.883766022E1,2.891250038E1,-4.368750095E0,-3.495000076E1
1.884766022E1,2.910000038E1,-7.406250477E0,-3.705000305E1
1.885766022E1,2.715000153E1,-1.102500057E1,-3.125625038E1
1.886766022E1,2.285625076E1,-1.434375095E1,-2.731875038E1
1.887766022E1,2.330625153E1,-1.108125019E1,-2.446875191E1
1.888766022E1,2.525625038E1,-7.762500286E0,-2.915625191E1
1.889766022E1,3.009375191E1,-5.381250381E0,-3.427500153E1
1.890766022E1,3.136875153E1,-7.368750095E0,-3.459375000E1
1.891766022E1,2.823750114E1,-1.018125057E1,-3.211875153E1
1.892766022E1,2.334375000E1,-1.293750095E1,-2.900625038E1
1.893766022E1,2.272500038E1,-1.196250057E1,-2.656875038E1
1.894766022E1,2.478750038E1,-1.029375076E1,-2.799375153E1
1.895766022E1,2.971875191E1,-8.006250381E0,-3.091875076E1
1.896766022E1,3.273750305E1,-7.293750286E0,-3.461250305E1
1.897766022E1,2.985000038E1,-9.375000000E0,-3.517500305E1
1.898766022E1,2.413125038E1,-1.020000076E1,-2.925000191E1
1.899766022E1,2.218125153E1,-1.166250038E1,-2.611875153E1
1.900766022E1,2.356875038E1,-9.393750191E0,-2.711250114E1
1.901766022E1,2.823750114E1,-8.943750381E0,-3.270000076E1
1.902766022E1,3.200625229E1,-7.481250286E0,-3.412500000E1
1.903766022E1,3.262500000E1,-7.912500381E0,-3.361875153E1
1.904766022E1,2.557500076E1,-1.110000038E1,-3.043125153E1
1.905766022E1,2.146875000E1,-1.057500076E1,-2.542500114E1
1.906766022E1,2.439375114E1,-1.014375019E1,-2.737500191E1
1.907766022E1,2.865000153E1,-9.750000000E0,-2.840625191E1
1.908766022E1,3.273750305E1,-8.212500572E0,-3.330000305E1
1.909766022E1,3.084375191E1,-8.193750381E0,-3.420000076E1
1.910766022E1,2.628750038E1,-8.325000763E0,-2.880000114E1
1.911766022E1,2.345625114E1,-9.693750381E0,-2.630625153E1
1.912766022E1,2.347500038E1,-9.675000191E0,-2.583750153E1
1.913766022E1,2.898750114E1,-9.131250381E0,-2.971875191E1
1.914766022E1,3.367500305E1,-7.818750381E0,-3.255000305E1
1.915766022E1,3.200625229E1,-8.418750763E0,-3.341250229E1
1.916766022E1,2.786250114E1,-8.250000000E0,-3.009375191E1
1.917766022E1,2.205000114E1,-9.300000191E0,-2.647500038E1
1.918766022E1,2.291250038E1,-9.693750381E0,-2.520000076E1
1.919766022E1,2.741250038E1,-9.187500000E0,-2.827500153E1
1.920766022E1,3.215625000E1,-8.868750572E0,-3.337500000E1
1.921766022E1,3.288750076E1,-7.856250286E0,-3.255000305E1
1.922766022E1,2.743125153E1,-1.001250076E1,-2.962500191E1
1.923766022E1,2.383125114E1,-9.337500572E0,-2.555625153E1
1.924766022E1,2.276250076E1,-1.160625076E1,-2.503125191E1
1.925766022E1,2.855625153E1,-9.112500191E0,-2.831250191E1
1.926766022E1,3.277500153E1,-8.175000191E0,-3.219375229E1
1.927766022E1,3.234375000E1,-8.400000572E0,-3.343125153E1
1.928766022E1,2.773125076E1,-9.206250191E0,-2.938125038E1
1.929766022E1,2.265000153E1,-9.225000381E0,-2.491875076E1
1.930766022E1,2.182500076E1,-9.300000191E0,-2.568750191E1
1.931766022E1,2.701875114E1,-9.375000000E0,-2.810625076E1
1.932766022E1,3.187500191E1,-9.375000000E0,-3.348750305E1
1.933766022E1,3.279375076E1,-7.743750095E0,-3.380625153E1
1.934766022E1,2.853750038E1,-7.593750477E0,-3.030000114E1
1.935766022E1,2.304375076E1,-9.356250763E0,-2.476875114E1
1.936766022E1,2.300625038E1,-1.095000076E1,-2.510625076E1
1.937766022E1,2.694375038E1,-1.016250038E1,-2.835000038E1
1.938766022E1,3.253125000E1,-9.731250763E0,-3.082500076E1
1.939766022E1,3.245625305E1,-9.618750572E0,-3.223125076E1
1.940766022E1,2.900625038E1,-8.400000572E0,-3.211875153E1
1.941766022E1,2.390625000E1,-8.756250381E0,-2.810625076E1
1.942766022E1,2.340000153E1,-9.225000381E0,-2.649375153E1
1.943766022E1,2.576250076E1,-1.091250038E1,-2.998125076E1
1.944766022E1,3.142500114E1,-1.153125000E1,-3.048750114E1
1.945766022E1,3.369375229E1,-8.325000763E0,-3.423750305E1
1.946766022E1,2.953125191E1,-7.575000286E0,-3.219375229E1
1.947766022E1,2.403750038E1,-9.337500572E0,-2.634375191E1
1.948766022E1,2.283750153E1,-1.050000000E1,-2.576250076E1
1.949766022E1,2.651250076E1,-9.543750763E0,-2.776875114E1
1.950766022E1,3.335625076E1,-8.118750572E0,-3.095625114E1
1.951766022E1,3.335625076E1,-8.118750572E0,-3.095625114E1
1.952766022E1,2.895000076E1,-8.231250763E0,-3.181875038E1
1.953766022E1,2.216250038E1,-1.021875000E1,-2.514375114E1
1.954766022E1,2.793750191E1,-9.000000000E0,-2.814375114E1
1.955766022E1,3.230625153E1,-9.131250381E0,-3.118125153E1
1.956766022E1,3.360000229E1,-7.687500477E0,-3.382500076E1
1.957766022E1,2.981250191E1,-6.581250191E0,-3.088125038E1
1.958766022E1,2.491875076E1,-7.256250381E0,-2.700000191E1
1.959766022E1,2.366250038E1,-9.487500191E0,-2.491875076E1
1.960766022E1,2.634375191E1,-1.147500038E1,-2.885625076E1
1.961766022E1,3.180000114E1,-7.781250477E0,-3.268125153E1
1.962766022E1,3.234375000E1,-8.400000572E0,-3.373125076E1
1.963766022E1,2.960625076E1,-8.325000763E0,-3.026250076E1
1.964766022E1,2.443125153E1,-9.150000572E0,-2.621250153E1
1.965766022E1,2.193750000E1,-1.023750019E1,-2.544375038E1
1.966766022E1,2.797500038E1,-8.962500572E0,-2.658750153E1
1.967766022E1,3.168750191E1,-1.025625038E1,-3.030000114E1
1.968766022E1,3.309375000E1,-8.175000191E0,-3.283125305E1
1.969766022E1,3.054375076E1,-6.375000477E0,-3.106875038E1
1.970766022E1,2.585625076E1,-7.706250191E0,-2.838750076E1
1.971766022E1,2.131875038E1,-1.125000000E1,-2.660625076E1
1.972766022E1,2.568750191E1,-9.393750191E0,-2.621250153E1
1.973766022E1,2.975625038E1,-9.956250191E0,-3.309375000E1
1.974766022E1,3.288750076E1,-8.700000763E0,-3.435000229E1
1.975766022E1,3.129375076E1,-6.393750191E0,-3.341250229E1
1.976766022E1,2.555625153E1,-1.003125000E1,-2.630625153E1
1.977766022E1,2.283750153E1,-1.027500057E1,-2.296875000E1
1.978766022E1,2.604375076E1,-1.050000000E1,-2.720625114E1
1.979766022E1,3.045000076E1,-8.456250191E0,-3.151875114E1
1.980766022E1,3.253125000E1,-9.993750572E0,-3.438750076E1
1.981766022E1,3.138750076E1,-8.043750763E0,-2.968125153E1
1.982766022E1,2.446875191E1,-9.356250763E0,-2.775000191E1
1.983766022E1,2.341875076E1,-9.225000381E0,-2.619375038E1
1.984766022E1,2.671875191E1,-8.925000191E0,-2.908125114E1
1.985766022E1,3.050625038E1,-1.036875057E1,-3.213750076E1
1.986766022E1,3.433125305E1,-8.756250381E0,-3.343125153E1
1.987766022E1,3.157500076E1,-9.637500763E0,-3.065625191E1
1.988766022E1,2.441250038E1,-9.187500000E0,-2.761875153E1
1.989766022E1,2.364375114E1,-9.506250381E0,-2.568750191E1
1.990766022E1,2.501250076E1,-1.005000019E1,-2.551875114E1
1.991766022E1,3.103125191E1,-8.925000191E0,-3.258750153E1
1.992766022E1,3.425625229E1,-8.006250381E0,-3.504375076E1
1.993766022E1,3.191250038E1,-6.300000191E0,-3.078750038E1
1.994766022E1,2.831250191E1,-8.306250572E0,-2.649375153E1
1.995766022E1,2.366250038E1,-8.231250763E0,-2.565000153E1
1.996766022E1,2.645625114E1,-9.375000000E0,-2.731875038E1
1.997766022E1,3.007500076E1,-1.036875057E1,-3.135000038E1
1.998766022E1,3.461250305E1,-8.887500763E0,-3.358125305E1
1.999766022E1,3.390000153E1,-6.656250477E0,-3.108750153E1
2.000766022E1,2.829375076E1,-8.343750000E0,-2.790000153E1
2.001766022E1,2.400000000E1,-8.231250763E0,-2.596875191E1
2.002766022E1,2.668125153E1,-9.168750763E0,-2.561250114E1
2.003766022E1,3.112500191E1,-9.018750191E0,-3.054375076E1
2.004766022E1,3.350625229E1,-9.750000000E0,-3.348750305E1
2.005766022E1,3.247500229E1,-8.962500572E0,-3.166875076E1
2.006766022E1,2.851875114E1,-7.406250477E0,-2.891250038E1
2.007766022E1,2.272500038E1,-1.018125057E1,-2.546250153E1
2.008766022E1,2.720625114E1,-7.931250095E0,-2.821875191E1
2.009766022E1,3.045000076E1,-8.456250191E0,-3.120000076E1
2.010766022E1,3.412500000E1,-9.900000572E0,-3.442500305E1
2.011766022E1,3.365625000E1,-6.918750286E0,-3.435000229E1
2.012766022E1,2.896875191E1,-7.987500191E0,-2.840625191E1
2.013766022E1,2.441250038E1,-9.600000381E0,-2.476875114E1
2.014766022E1,2.535000038E1,-1.025625038E1,-2.801250076E1
2.015766022E1,3.052500153E1,-1.035000038E1,-3.136875153E1
2.016766022E1,3.504375076E1,-6.825000286E0,-3.391875076E1
2.017766022E1,3.298125076E1,-7.256250381E0,-3.384375000E1
2.018766022E1,2.887500191E1,-8.812500000E0,-2.943750191E1
2.019766022E1,2.430000114E1,-8.362500191E0,-2.548125076E1
2.020766022E1,2.520000076E1,-1.038750076E1,-2.658750153E1
2.021766022E1,3.063750076E1,-1.003125000E1,-3.170625114E1
2.022766022E1,3.315000153E1,-8.868750572E0,-3.526875305E1
2.023766022E1,3.303750229E1,-8.943750381E0,-3.213750076E1
2.024766022E1,2.707500076E1,-1.046250057E1,-2.754375076E1
2.025766022E1,2.452500153E1,-9.487500191E0,-2.728125191E1
2.026766022E1,2.512500191E1,-8.718750000E0,-2.953125191E1
2.027766022E1,2.814375114E1,-1.141875076E1,-3.030000114E1
2.028766022E1,3.288750076E1,-1.003125000E1,-3.048750114E1
2.029766022E1,3.138750076E1,-8.887500763E0,-3.226875305E1
2.030766022E1,2.748750114E1,-8.400000572E0,-2.835000038E1
2.031766022E1,2.321250153E1,-1.096875000E1,-2.651250076E1
2.032766022E1,2.435625076E1,-9.675000191E0,-2.741250038E1
2.033766022E1,2.760000038E1,-1.224375057E1,-3.099375153E1
2.034766022E1,3.219375229E1,-1.061250019E1,-3.307500076E1
2.035766022E1,3.238125229E1,-8.887500763E0,-3.416250229E1
2.036766022E1,2.872500038E1,-8.962500572E0,-2.878125191E1
2.037766022E1,2.360625076E1,-8.718750000E0,-2.576250076E1
2.038766022E1,2.411250114E1,-1.093125057E1,-2.700000191E1
2.039766022E1,2.840625191E1,-9.787500381E0,-2.949375153E1
2.040766022E1,3.204375076E1,-1.098750019E1,-3.493125153E1
2.041766022E1,3.281250000E1,-8.962500572E0,-3.213750076E1
2.042766022E1,2.808750153E1,-8.550000191E0,-2.958750153E1
2.043766022E1,2.471250153E1,-9.937500000E0,-2.645625114E1
2.044766022E1,2.373750114E1,-1.108125019E1,-2.557500076E1
2.045766022E1,2.816250038E1,-1.074375057E1,-2.925000191E1
2.046766022E1,3.234375000E1,-1.014375019E1,-3.421875000E1
2.047766022E1,3.341250229E1,-8.568750381E0,-3.061875153E1
2.048766022E1,2.885625076E1,-1.006875038E1,-2.917500114E1
2.049766022E1,2.386875153E1,-1.044375038E1,-2.546250153E1
2.050766022E1,2.278125000E1,-1.305000019E1,-2.585625076E1
2.051766022E1,2.715000153E1,-1.320000076E1,-2.966250038E1
2.052766022E1,3.106875038E1,-1.065000057E1,-3.228750229E1
2.053766022E1,3.185625076E1,-8.850000381E0,-3.150000191E1
2.054766022E1,2.750625038E1,-1.108125019E1,-2.812500191E1
2.055766022E1,2.415000153E1,-1.089375019E1,-2.512500191E1
2.056766022E1,2.253750038E1,-1.038750076E1,-2.638125038E1
2.057766022E1,2.694375038E1,-1.016250038E1,-2.835000038E1
2.058766022E1,2.998125076E1,-9.731250763E0,-3.061875153E1
2.059766022E1,3.135000038E1,-9.637500763E0,-3.065625191E1
2.060766022E1,2.793750191E1,-8.156250000E0,-2.587500191E1
2.061766022E1,2.403750038E1,-9.337500572E0,-2.587500191E1
2.062766022E1,2.103750038E1,-1.173750019E1,-2.610000038E1
2.063766022E1,2.593125153E1,-9.600000381E0,-2.821875191E1
2.064766022E1,2.983125114E1,-1.008750057E1,-3.168750191E1
2.065766022E1,3.078750038E1,-8.437500000E0,-3.151875114E1
2.066766022E1,2.730000114E1,-8.587500572E0,-2.926875114E1
2.067766022E1,2.347500038E1,-9.656250000E0,-2.521875191E1
2.068766022E1,2.139375114E1,-1.200000000E1,-2.544375038E1
2.069766022E1,2.525625038E1,-1.147500038E1,-2.570625114E1
2.070766022E1,2.874375153E1,-1.093125057E1,-3.127500153E1
2.071766022E1,3.215625000E1,-8.025000572E0,-3.125625038E1
2.072766022E1,2.788125038E1,-8.831250191E0,-2.784375191E1
2.073766022E1,2.351250076E1,-9.937500000E0,-2.347500038E1
2.074766022E1,2.178750038E1,-1.005000019E1,-2.420625114E1
2.075766022E1,2.420625114E1,-1.156875038E1,-2.756250191E1
2.076766022E1,3.095625114E1,-9.206250191E0,-3.114375114E1
2.077766022E1,3.058125114E1,-9.637500763E0,-2.876250076E1
2.078766022E1,2.707500076E1,-9.825000763E0,-2.760000038E1
2.079766022E1,2.364375114E1,-9.506250381E0,-2.568750191E1
2.080766022E1,2.126250076E1,-1.149375057E1,-2.362500000E1
2.081766022E1,2.553750038E1,-1.006875038E1,-2.739375114E1
2.082766022E1,3.046875191E1,-1.018125057E1,-3.121875191E1
2.083766022E1,3.283125305E1,-7.706250191E0,-3.240000153E1
2.084766022E1,2.921250153E1,-9.412500381E0,-2.908125114E1
2.085766022E1,2.340000153E1,-1.140000057E1,-2.475000191E1
2.086766022E1,2.071875000E1,-1.141875076E1,-2.565000153E1
2.087766022E1,2.533125114E1,-9.431250572E0,-2.683125114E1
2.088766022E1,2.900625038E1,-1.087500000E1,-3.020625114E1
2.089766022E1,3.178125191E1,-9.956250191E0,-3.140625191E1
2.090766022E1,2.893125153E1,-8.756250381E0,-2.724375153E1
2.091766022E1,2.430000114E1,-9.281250000E0,-2.478750038E1
2.092766022E1,2.278125000E1,-1.158750057E1,-2.458125114E1
2.093766022E1,2.497500038E1,-1.010625076E1,-2.739375114E1
2.094766022E1,2.880000114E1,-1.085625076E1,-2.863125038E1
2.095766022E1,3.082500076E1,-1.108125019E1,-2.988750076E1
2.096766022E1,2.949375153E1,-9.337500572E0,-2.673750114E1
2.097766022E1,2.325000000E1,-1.059375000E1,-2.418750191E1
2.098766022E1,2.122500038E1,-1.216875076E1,-2.497500038E1
2.099766022E1,2.375625038E1,-1.128750038E1,-2.758125114E1
2.100766022E1,2.827500153E1,-1.106250000E1,-2.955000114E1
2.101766022E1,3.090000153E1,-9.037500381E0,-3.054375076E1
2.102766022E1,2.820000076E1,-1.132500076E1,-2.701875114E1
2.103766022E1,2.343750000E1,-1.096875000E1,-2.651250076E1
2.104766022E1,2.128125000E1,-1.055625057E1,-2.385000038E1
2.105766022E1,2.296875000E1,-1.192500019E1,-2.626875114E1
2.106766022E1,2.838750076E1,-1.044375038E1,-2.990625191E1
2.107766022E1,3.159375191E1,-9.618750572E0,-3.003750038E1
2.108766022E1,2.975625038E1,-8.887500763E0,-2.850000191E1
2.109766022E1,2.330625153E1,-1.016250038E1,-2.548125076E1
2.110766022E1,2.197500038E1,-8.643750191E0,-2.480625153E1
2.111766022E1,2.422500038E1,-8.437500000E0,-2.876250076E1
2.112766022E1,2.810625076E1,-8.118750572E0,-3.166875076E1
2.113766022E1,3.133125114E1,-5.643750191E0,-3.489375305E1
2.114766022E1,2.799375153E1,-6.656250477E0,-2.975625038E1
2.115766022E1,2.561250114E1,-6.262500286E0,-2.694375038E1
2.116766022E1,2.071875000E1,-7.687500477E0,-2.829375076E1
2.117766022E1,2.156250000E1,-9.375000000E0,-2.801250076E1
2.118766022E1,2.694375038E1,-8.231250763E0,-3.320625305E1
2.119766022E1,3.099375153E1,-6.281250477E0,-3.436875153E1
2.120766022E1,2.986875153E1,-6.487500191E0,-2.760000038E1
2.121766022E1,2.550000191E1,-8.137500763E0,-2.568750191E1
2.122766022E1,2.208750153E1,-9.243750572E0,-2.428125191E1
2.123766022E1,2.355000114E1,-8.775000572E0,-2.810625076E1
2.124766022E1,2.750625038E1,-1.016250038E1,-2.913750076E1
2.125766022E1,3.335625076E1,-7.181250095E0,-3.166875076E1
2.126766022E1,2.934375191E1,-7.537500381E0,-3.031875038E1
2.127766022E1,2.570625114E1,-6.581250191E0,-2.769375038E1
2.128766022E1,2.244375038E1,-7.893750191E0,-2.752500153E1
2.129766022E1,2.441250038E1,-7.331250191E0,-2.932500076E1
2.130766022E1,2.705625153E1,-9.150000572E0,-3.249375153E1
2.131766022E1,3.346875000E1,-7.800000191E0,-3.178125191E1
2.132766022E1,2.623125076E1,-7.950000286E0,-2.634375191E1
2.133766022E1,2.623125076E1,-7.950000286E0,-2.634375191E1
2.134766022E1,2.083125114E1,-9.543750763E0,-2.658750153E1
2.135766022E1,2.761875153E1,-8.287500381E0,-3.071250153E1
2.136766022E1,2.761875153E1,-8.287500381E0,-3.071250153E1
2.137766022E1,3.058125114E1,-8.325000763E0,-3.277500153E1
2.138766022E1,2.587500191E1,-8.512500763E0,-2.910000038E1
2.139766022E1,2.306250000E1,-9.562500000E0,-2.677500153E1
2.140766022E1,2.257500076E1,-1.055625057E1,-2.731875038E1
2.141766022E1,2.711250114E1,-9.318750381E0,-3.232500076E1
2.142766022E1,3.279375076E1,-7.762500286E0,-3.457500076E1
2.143766022E1,3.118125153E1,-5.868750095E0,-3.065625191E1
2.144766022E1,2.737500191E1,-7.481250286E0,-2.936250114E1
2.145766022E1,2.171250153E1,-9.225000381E0,-2.850000191E1
2.146766022E1,2.364375114E1,-9.131250381E0,-2.932500076E1
2.147766022E1,2.938125038E1,-8.868750572E0,-3.271875000E1
2.148766022E1,3.232500076E1,-8.718750000E0,-3.356250000E1
2.149766022E1,3.271875000E1,-7.087500095E0,-3.290625000E1
2.150766022E1,2.835000038E1,-9.318750381E0,-2.953125191E1
2.151766022E1,2.285625076E1,-1.006875038E1,-2.750625038E1
2.152766022E1,2.420625114E1,-1.117500019E1,-3.009375191E1
2.153766022E1,2.782500076E1,-1.130625057E1,-3.155625153E1
2.154766022E1,3.303750229E1,-1.074375057E1,-3.403125000E1
2.155766022E1,3.155625153E1,-8.437500000E0,-3.309375000E1
2.156766022E1,2.887500191E1,-8.831250191E0,-2.973750114E1
2.157766022E1,2.336250114E1,-1.143750000E1,-2.662500191E1
2.158766022E1,2.525625038E1,-1.085625076E1,-2.655000114E1
2.159766022E1,2.964375114E1,-8.812500000E0,-3.084375191E1
2.160766022E1,3.313125229E1,-9.900000572E0,-3.221250153E1
2.161766022E1,3.425625229E1,-9.525000572E0,-3.305625153E1
2.162766022E1,3.001875114E1,-9.375000000E0,-2.908125114E1
2.163766022E1,2.465625191E1,-9.150000572E0,-2.653125191E1
2.164766022E1,2.452500153E1,-1.104375076E1,-2.636250114E1
2.165766022E1,2.893125153E1,-8.981250763E0,-3.003750038E1
2.166766022E1,3.348750305E1,-9.243750572E0,-3.243750000E1
2.167766022E1,3.303750229E1,-8.025000572E0,-3.315000153E1
2.168766022E1,2.850000191E1,-9.900000572E0,-2.745000076E1
2.169766022E1,2.533125114E1,-8.287500381E0,-2.551875114E1
2.170766022E1,2.313750076E1,-1.145625019E1,-2.630625153E1
2.171766022E1,2.775000191E1,-1.033125019E1,-3.069375038E1
2.172766022E1,3.251250076E1,-1.070625019E1,-3.136875153E1
2.173766022E1,3.346875000E1,-9.037500381E0,-3.011250114E1
2.174766022E1,2.926875114E1,-9.881250381E0,-2.902500153E1
2.175766022E1,2.420625114E1,-1.010625076E1,-2.550000191E1
2.176766022E1,2.341875076E1,-1.136250019E1,-2.366250038E1
2.177766022E1,2.733750153E1,-1.083750057E1,-3.063750076E1
2.178766022E1,3.433125305E1,-8.531250000E0,-3.093750191E1
2.179766022E1,3.360000229E1,-8.925000191E0,-3.215625000E1
2.180766022E1,3.097500038E1,-8.025000572E0,-2.827500153E1
2.181766022E1,2.482500076E1,-1.001250076E1,-2.364375114E1
2.182766022E1,2.298750114E1,-1.036875057E1,-2.670000076E1
2.183766022E1,2.685000038E1,-1.076250076E1,-2.658750153E1
2.184766022E1,3.313125229E1,-8.137500763E0,-3.142500114E1
2.185766022E1,3.427500153E1,-7.743750095E0,-3.101250076E1
2.186766022E1,3.075000191E1,-7.725000381E0,-2.829375076E1
2.187766022E1,2.411250114E1,-9.468750000E0,-2.538750076E1
2.188766022E1,2.386875153E1,-1.042500019E1,-2.516250038E1
2.189766022E1,2.776875114E1,-8.550000191E0,-2.881875038E1
2.190766022E1,3.236250305E1,-9.281250000E0,-3.131250191E1
2.191766022E1,3.330000305E1,-8.887500763E0,-3.028125191E1
2.192766022E1,3.013125038E1,-7.293750286E0,-2.833125114E1
2.193766022E1,2.546250153E1,-7.950000286E0,-2.476875114E1
2.194766022E1,2.456250191E1,-8.512500763E0,-2.595000076E1
2.195766022E1,2.645625114E1,-8.156250000E0,-2.866875076E1
2.196766022E1,3.418125153E1,-8.025000572E0,-2.988750076E1
2.197766022E1,3.393750000E1,-8.062500000E0,-3.035625076E1
2.198766022E1,2.996250153E1,-8.362500191E0,-2.666250038E1
2.199766022E1,2.471250153E1,-6.693750381E0,-2.328750038E1
2.200766022E1,2.386875153E1,-6.262500286E0,-2.315625000E1
2.201766022E1,2.833125114E1,-7.050000191E0,-2.754375076E1
2.202766022E1,3.255000305E1,-6.693750381E0,-2.966250038E1
2.203766022E1,3.517500305E1,-5.306250095E0,-3.060000038E1
2.204766022E1,3.230625153E1,-5.662500381E0,-2.583750153E1
2.205766022E1,2.705625153E1,-6.093750477E0,-2.368125153E1
2.206766022E1,2.518125153E1,-6.956250191E0,-2.250000000E1
2.207766022E1,2.821875191E1,-8.681250572E0,-2.270625114E1
2.208766022E1,3.230625153E1,-1.014375019E1,-2.765625191E1
2.209766022E1,3.613125229E1,-8.831250191E0,-2.829375076E1
2.210766022E1,3.210000229E1,-8.062500000E0,-2.610000038E1
2.211766022E1,2.739375114E1,-7.931250095E0,-2.197500038E1
2.212766022E1,2.490000153E1,-8.587500572E0,-2.392500114E1
2.213766022E1,2.816250038E1,-9.393750191E0,-2.531250191E1
2.214766022E1,3.215625000E1,-9.600000381E0,-3.035625076E1
2.215766022E1,3.341250229E1,-1.003125000E1,-3.206250000E1
2.216766022E1,3.253125000E1,-8.887500763E0,-2.870625114E1
2.217766022E1,2.581875038E1,-9.993750572E0,-2.521875191E1
2.218766022E1,2.280000114E1,-1.031250000E1,-2.452500153E1
2.219766022E1,2.658750153E1,-9.975000381E0,-2.585625076E1
2.220766022E1,3.097500038E1,-9.168750763E0,-2.958750153E1
2.221766022E1,3.382500076E1,-8.906250000E0,-3.247500229E1
2.222766022E1,3.054375076E1,-1.031250000E1,-2.996250153E1
2.223766022E1,2.563125038E1,-7.462500095E0,-2.480625153E1
2.224766022E1,2.223750114E1,-9.412500381E0,-2.475000191E1
2.225766022E1,2.555625153E1,-8.493750572E0,-2.784375191E1
2.226766022E1,3.016875076E1,-8.531250000E0,-3.369375229E1
2.227766022E1,3.275625229E1,-8.812500000E0,-3.230625153E1
2.228766022E1,3.105000114E1,-9.300000191E0,-2.865000153E1
2.229766022E1,2.493750191E1,-7.443750381E0,-2.838750076E1
2.230766022E1,2.120625114E1,-9.187500000E0,-2.583750153E1
2.231766022E1,2.413125038E1,-9.675000191E0,-2.741250038E1
2.232766022E1,3.213750076E1,-9.618750572E0,-3.144375038E1
2.233766022E1,3.330000305E1,-8.175000191E0,-3.361875153E1
2.234766022E1,3.039375114E1,-7.050000191E0,-3.241875076E1
2.235766022E1,2.626875114E1,-8.118750572E0,-2.679375076E1
2.236766022E1,2.225625038E1,-9.393750191E0,-2.396250153E1
2.237766022E1,2.439375114E1,-8.700000763E0,-2.655000114E1
2.238766022E1,3.196875191E1,-7.293750286E0,-3.320625305E1
2.239766022E1,3.418125153E1,-8.268750191E0,-3.268125153E1
2.240766022E1,3.125625038E1,-8.700000763E0,-3.026250076E1
2.241766022E1,2.686875153E1,-8.250000000E0,-2.773125076E1
2.242766022E1,2.381250000E1,-7.575000286E0,-2.445000076E1
2.243766022E1,2.576250076E1,-8.287500381E0,-2.660625076E1
2.244766022E1,3.101250076E1,-7.200000286E0,-3.288750076E1
2.245766022E1,3.474375153E1,-7.631250381E0,-3.384375000E1
2.246766022E1,3.208125305E1,-7.893750191E0,-3.221250153E1
2.247766022E1,2.700000191E1,-7.631250381E0,-2.793750191E1
2.248766022E1,2.456250191E1,-6.131250381E0,-2.568750191E1
2.249766022E1,2.431875038E1,-1.001250076E1,-2.863125038E1
2.250766022E1,3.078750038E1,-8.437500000E0,-3.151875114E1
2.251766022E1,3.519375229E1,-7.293750286E0,-3.418125153E1
2.252766022E1,3.442500305E1,-8.137500763E0,-3.472500229E1
2.253766022E1,2.805000114E1,-7.837500095E0,-2.638125038E1
2.254766022E1,2.390625000E1,-9.056250572E0,-2.715000153E1
2.255766022E1,2.570625114E1,-9.600000381E0,-2.821875191E1
2.256766022E1,3.241875076E1,-7.893750191E0,-3.253125000E1
2.257766022E1,3.476250076E1,-7.818750381E0,-3.555000305E1
2.258766022E1,3.367500305E1,-9.056250572E0,-3.183750153E1
2.259766022E1,2.865000153E1,-8.831250191E0,-2.941875076E1
2.260766022E1,2.373750114E1,-9.225000381E0,-2.760000038E1
2.261766022E1,2.606250191E1,-9.881250381E0,-2.726250076E1
2.262766022E1,3.221250153E1,-1.027500057E1,-3.217500305E1
2.263766022E1,3.663750076E1,-8.493750572E0,-3.521250153E1
2.264766022E1,3.585000229E1,-8.212500572E0,-3.459375000E1
2.265766022E1,2.945625114E1,-9.412500381E0,-2.908125114E1
2.266766022E1,2.435625076E1,-1.119375038E1,-2.540625191E1
2.267766022E1,2.437500191E1,-1.141875076E1,-2.790000153E1
2.268766022E1,3.234375000E1,-9.318750381E0,-3.241875076E1
2.269766022E1,3.675000000E1,-9.412500381E0,-3.450000000E1
2.270766022E1,3.397500229E1,-1.001250076E1,-3.270000076E1
2.271766022E1,2.895000076E1,-1.020000076E1,-2.775000191E1
2.272766022E1,2.370000076E1,-1.203750038E1,-2.611875153E1
2.273766022E1,2.360625076E1,-1.194375038E1,-2.814375114E1
2.274766022E1,3.061875153E1,-1.130625057E1,-3.191250038E1
2.275766022E1,3.510000229E1,-9.675000191E0,-3.429375076E1
2.276766022E1,3.508125305E1,-9.450000763E0,-3.181875038E1
2.277766022E1,2.720625114E1,-1.008750057E1,-2.617500114E1
2.278766022E1,2.223750114E1,-1.250625038E1,-2.246250153E1
2.279766022E1,2.281875038E1,-1.207500076E1,-2.499375153E1
2.280766022E1,2.814375114E1,-1.201875019E1,-2.898750114E1
2.281766022E1,3.288750076E1,-9.618750572E0,-3.301875305E1
2.282766022E1,3.270000076E1,-1.106250000E1,-3.320625305E1
2.283766022E1,2.769375038E1,-9.412500381E0,-2.561250114E1
2.284766022E1,2.116875076E1,-1.021875000E1,-2.325000000E1
2.285766022E1,2.343750000E1,-1.040625000E1,-2.358750153E1
2.286766022E1,2.851875114E1,-1.164375019E1,-2.825625038E1
2.287766022E1,3.210000229E1,-9.656250000E0,-3.300000000E1
2.288766022E1,3.243750000E1,-1.057500076E1,-3.230625153E1
2.289766022E1,2.535000038E1,-1.005000019E1,-2.583750153E1
2.290766022E1,2.103750038E1,-1.149375057E1,-2.330625153E1
2.291766022E1,2.045625114E1,-1.216875076E1,-2.340000153E1
2.292766022E1,2.572500038E1,-1.134375000E1,-2.823750114E1
2.293766022E1,3.189375114E1,-9.337500572E0,-3.240000153E1
2.294766022E1,3.236250305E1,-9.281250000E0,-3.131250191E1
2.295766022E1,2.670000076E1,-1.089375019E1,-2.531250191E1
2.296766022E1,2.109375000E1,-1.050000000E1,-2.167500114E1
2.297766022E1,1.935000038E1,-1.063125038E1,-2.272500038E1
2.298766022E1,2.626875114E1,-1.050000000E1,-2.752500153E1
2.299766022E1,3.033750153E1,-9.693750381E0,-3.031875038E1
2.300766022E1,3.067500114E1,-9.975000381E0,-2.951250076E1
2.301766022E1,2.510625076E1,-9.450000763E0,-2.681250191E1
2.302766022E1,1.968750000E1,-8.850000381E0,-2.193750000E1
2.303766022E1,1.781250000E1,-1.027500057E1,-2.336250114E1
2.304766022E1,2.366250038E1,-1.096875000E1,-2.698125076E1
2.305766022E1,2.998125076E1,-9.431250572E0,-3.127500153E1
2.306766022E1,3.016875076E1,-9.243750572E0,-3.035625076E1
2.307766022E1,2.428125191E1,-1.023750019E1,-2.486250114E1
2.308766022E1,1.758750153E1,-1.068750000E1,-2.019375038E1
2.309766022E1,1.783125114E1,-1.023750019E1,-2.225625038E1
2.310766022E1,2.330625153E1,-9.525000572E0,-2.536875153E1
2.311766022E1,3.078750038E1,-8.437500000E0,-3.151875114E1
2.312766022E1,3.080625153E1,-8.418750763E0,-3.075000191E1
2.313766022E1,2.606250191E1,-8.081250191E0,-2.538750076E1
2.314766022E1,1.875000000E1,-7.800000191E0,-2.169375038E1
2.315766022E1,1.875000000E1,-7.800000191E0,-2.169375038E1
2.316766022E1,2.266875076E1,-9.431250572E0,-2.662500191E1
2.317766022E1,3.140625191E1,-8.868750572E0,-3.150000191E1
2.318766022E1,3.140625191E1,-8.868750572E0,-3.150000191E1
2.319766022E1,2.508750153E1,-8.231250763E0,-2.863125038E1
2.320766022E1,1.875000000E1,-8.325000763E0,-2.353125000E1
2.321766022E1,2.473125076E1,-8.362500191E0,-2.658750153E1
2.322766022E1,3.180000114E1,-8.400000572E0,-3.232500076E1
2.323766022E1,3.350625229E1,-5.812500000E0,-3.397500229E1
2.324766022E1,2.788125038E1,-7.293750286E0,-2.985000038E1
2.325766022E1,2.107500076E1,-9.300000191E0,-2.379375076E1
2.326766022E1,1.854375076E1,-8.925000191E0,-2.191875076E1
2.327766022E1,2.559375191E1,-8.456250191E0,-2.643750191E1
2.328766022E1,3.088125038E1,-8.137500763E0,-3.264375305E1
2.329766022E1,3.345000076E1,-7.837500095E0,-3.255000305E1
2.330766022E1,3.056250191E1,-6.337500095E0,-2.966250038E1
2.331766022E1,2.253750038E1,-8.081250191E0,-2.283750153E1
2.332766022E1,2.083125114E1,-8.456250191E0,-2.167500114E1
2.333766022E1,2.529375076E1,-9.262500763E0,-2.589375114E1
2.334766022E1,3.315000153E1,-7.725000381E0,-3.380625153E1
2.335766022E1,3.465000153E1,-6.675000191E0,-3.376875305E1
2.336766022E1,3.039375114E1,-6.825000286E0,-2.930625153E1
2.337766022E1,2.379375076E1,-6.131250381E0,-2.411250114E1
2.338766022E1,2.115000153E1,-8.493750572E0,-2.355000114E1
2.339766022E1,2.617500114E1,-8.925000191E0,-2.750625038E1
2.340766022E1,3.322500229E1,-6.300000191E0,-3.423750305E1
2.341766022E1,3.483750153E1,-7.931250095E0,-3.382500076E1
2.342766022E1,3.236250305E1,-4.200000286E0,-3.048750114E1
2.343766022E1,2.289375114E1,-8.268750191E0,-2.484375191E1
2.344766022E1,2.175000000E1,-6.862500191E0,-2.323125076E1
2.345766022E1,2.641875076E1,-1.012500000E1,-2.568750191E1
2.346766022E1,3.395625305E1,-8.268750191E0,-3.268125153E1
2.347766022E1,3.735000229E1,-7.181250095E0,-3.453750229E1
2.348766022E1,3.294375229E1,-6.843750477E0,-3.028125191E1
2.349766022E1,2.623125076E1,-7.087500095E0,-2.375625038E1
2.350766022E1,2.313750076E1,-8.231250763E0,-2.375625038E1
2.351766022E1,2.653125191E1,-7.125000477E0,-2.563125038E1
2.352766022E1,3.348750305E1,-9.243750572E0,-3.243750000E1
2.353766022E1,3.757500076E1,-7.800000191E0,-3.465000153E1
2.354766022E1,3.391875076E1,-8.100000381E0,-3.176250076E1
2.355766022E1,2.561250114E1,-7.500000477E0,-2.589375114E1
2.356766022E1,2.300625038E1,-6.787500381E0,-2.295000076E1
2.357766022E1,2.623125076E1,-9.393750191E0,-2.761875153E1
2.358766022E1,3.279375076E1,-7.762500286E0,-3.457500076E1
2.359766022E1,3.843750000E1,-5.718750000E0,-3.577500153E1
2.360766022E1,3.331875229E1,-6.393750191E0,-3.172500038E1
2.361766022E1,2.503125191E1,-7.537500381E0,-2.634375191E1
2.362766022E1,2.092500114E1,-9.637500763E0,-2.454375076E1
2.363766022E1,2.626875114E1,-8.100000381E0,-2.647500038E1
2.364766022E1,3.468750000E1,-6.843750477E0,-3.390000153E1
2.365766022E1,3.766875076E1,-7.200000286E0,-3.611250305E1
2.366766022E1,3.421875000E1,-6.056250095E0,-3.286875153E1
2.367766022E1,2.778750038E1,-5.193750381E0,-2.767500114E1
2.368766022E1,2.336250114E1,-7.293750286E0,-2.478750038E1
2.369766022E1,2.681250191E1,-9.056250572E0,-2.765625191E1
2.370766022E1,3.333750153E1,-8.362500191E0,-3.453750229E1
2.371766022E1,3.750000000E1,-9.431250572E0,-3.639375305E1
2.372766022E1,3.735000229E1,-6.018750191E0,-3.307500076E1
2.373766022E1,2.694375038E1,-7.462500095E0,-2.778750038E1
2.374766022E1,2.285625076E1,-8.700000763E0,-2.356875038E1
2.375766022E1,2.546250153E1,-9.637500763E0,-2.898750114E1
2.376766022E1,3.438750076E1,-7.350000381E0,-3.480000305E1
2.377766022E1,3.843750000E1,-8.100000381E0,-3.620625305E1
2.378766022E1,3.547500229E1,-7.125000477E0,-3.466875076E1
2.379766022E1,2.671875191E1,-8.175000191E0,-2.445000076E1
2.380766022E1,2.212500000E1,-8.268750191E0,-2.343750000E1
2.381766022E1,2.458125114E1,-9.037500381E0,-2.778750038E1
2.382766022E1,3.451875305E1,-7.012500286E0,-3.373125076E1
2.383766022E1,3.772500229E1,-6.731250286E0,-3.661875153E1
2.384766022E1,3.573750305E1,-7.293750286E0,-3.528750229E1
2.385766022E1,2.724375153E1,-5.437500000E0,-2.938125038E1
2.386766022E1,2.240625000E1,-9.037500381E0,-2.291250038E1
2.387766022E1,2.664375114E1,-9.206250191E0,-2.716875076E1
2.388766022E1,3.273750305E1,-9.993750572E0,-3.485625076E1
2.389766022E1,3.948750305E1,-8.868750572E0,-3.755625153E1
2.390766022E1,3.517500305E1,-7.312500477E0,-3.528750229E1
2.391766022E1,2.833125114E1,-8.512500763E0,-2.881875038E1
2.392766022E1,2.259375000E1,-9.693750381E0,-2.441250038E1
2.393766022E1,2.439375114E1,-1.016250038E1,-2.816250038E1
2.394766022E1,3.333750153E1,-9.918750763E0,-3.331875229E1
2.395766022E1,3.718125153E1,-8.175000191E0,-3.648750305E1
2.396766022E1,3.562500000E1,-9.693750381E0,-3.648750305E1
2.397766022E1,2.769375038E1,-8.193750381E0,-2.696250153E1
2.398766022E1,2.124375153E1,-1.036875057E1,-2.293125153E1
2.399766022E1,2.431875038E1,-9.487500191E0,-2.617500114E1
2.400766022E1,3.316875076E1,-9.225000381E0,-3.086250114E1
2.401766022E1,3.841875076E1,-8.118750572E0,-3.697500229E1
2.402766022E1,3.635625076E1,-8.962500572E0,-3.421875000E1
2.403766022E1,2.630625153E1,-9.525000572E0,-2.636250114E1
2.404766022E1,2.139375114E1,-9.693750381E0,-2.173125076E1
2.405766022E1,2.287500000E1,-1.005000019E1,-2.641875076E1
2.406766022E1,3.140625191E1,-1.003125000E1,-3.358125305E1
2.407766022E1,3.798750305E1,-8.118750572E0,-3.618750000E1
2.408766022E1,3.765000153E1,-6.993750095E0,-3.440625000E1
2.409766022E1,2.816250038E1,-7.218750477E0,-2.688750076E1
2.410766022E1,2.235000038E1,-7.331250191E0,-2.445000076E1
2.411766022E1,2.255625153E1,-9.112500191E0,-2.664375114E1
2.412766022E1,3.198750114E1,-9.056250572E0,-3.352500153E1
2.413766022E1,3.933750153E1,-8.362500191E0,-3.635625076E1
2.414766022E1,3.744375229E1,-5.943750381E0,-3.637500000E1
2.415766022E1,2.814375114E1,-6.300000191E0,-2.836875153E1
2.416766022E1,2.293125153E1,-8.418750763E0,-2.499375153E1
2.417766022E1,2.092500114E1,-1.018125057E1,-2.746875191E1
2.418766022E1,3.181875038E1,-8.906250000E0,-3.369375229E1
2.419766022E1,3.918750000E1,-5.737500191E0,-3.843750000E1
2.420766022E1,3.738750076E1,-5.793750286E0,-3.652500153E1
2.421766022E1,2.861250114E1,-7.125000477E0,-3.050625038E1
2.422766022E1,2.184375000E1,-7.500000477E0,-2.349375153E1
2.423766022E1,2.208750153E1,-1.072500038E1,-2.604375076E1
2.424766022E1,3.238125229E1,-7.331250191E0,-3.508125305E1
2.425766022E1,3.843750000E1,-6.768750191E0,-4.021875000E1
2.426766022E1,3.877500153E1,-6.637500286E0,-3.523125076E1
2.427766022E1,2.962500191E1,-6.543750286E0,-2.868750191E1
2.428766022E1,2.300625038E1,-9.168750763E0,-2.353125000E1
2.429766022E1,2.499375153E1,-9.150000572E0,-2.731875038E1
2.430766022E1,3.138750076E1,-9.112500191E0,-3.459375000E1
2.431766022E1,3.851250076E1,-6.693750381E0,-3.710625076E1
2.432766022E1,3.868125153E1,-6.225000381E0,-3.746250153E1
2.433766022E1,2.904375076E1,-7.406250477E0,-3.080625153E1
2.434766022E1,2.171250153E1,-1.117500019E1,-2.443125153E1
2.435766022E1,2.355000114E1,-1.241250038E1,-2.795625114E1
2.436766022E1,3.112500191E1,-1.010625076E1,-3.592500305E1
2.437766022E1,3.706875229E1,-9.262500763E0,-4.125000000E1
2.438766022E1,3.468750000E1,-7.368750095E0,-3.635625076E1
2.439766022E1,2.840625191E1,-9.787500381E0,-2.919375038E1
2.440766022E1,2.229375076E1,-1.111875057E1,-2.366250038E1
2.441766022E1,2.385000038E1,-1.314375019E1,-2.632500076E1
2.442766022E1,3.016875076E1,-1.278750038E1,-3.301875305E1
2.443766022E1,3.695625305E1,-9.656250000E0,-3.808125305E1
2.444766022E1,3.626250076E1,-7.631250381E0,-3.729375076E1
2.445766022E1,2.728125191E1,-9.843750000E0,-2.868750191E1
2.446766022E1,2.197500038E1,-1.196250057E1,-2.469375038E1
2.447766022E1,2.426250076E1,-1.181250000E1,-2.441250038E1
2.448766022E1,2.958750153E1,-1.106250000E1,-3.253125000E1
2.449766022E1,3.699375153E1,-1.138125038E1,-3.778125000E1
2.450766022E1,3.341250229E1,-1.027500057E1,-3.515625000E1
2.451766022E1,2.634375191E1,-1.179375076E1,-2.851875114E1
2.452766022E1,2.105625153E1,-9.693750381E0,-2.094375038E1
2.453766022E1,2.109375000E1,-1.072500038E1,-2.415000153E1
2.454766022E1,2.983125114E1,-1.008750057E1,-3.168750191E1
2.455766022E1,3.637500000E1,-1.093125057E1,-3.733125305E1
2.456766022E1,3.656250000E1,-8.043750763E0,-3.601875305E1
2.457766022E1,2.808750153E1,-8.850000381E0,-2.910000038E1
2.458766022E1,2.047500038E1,-1.038750076E1,-2.150625038E1
2.459766022E1,2.013750076E1,-1.301250076E1,-2.441250038E1
2.460766022E1,2.913750076E1,-1.106250000E1,-3.144375038E1
2.461766022E1,3.500625229E1,-9.787500381E0,-3.866250229E1
2.462766022E1,3.350625229E1,-1.153125000E1,-3.536250305E1
2.463766022E1,2.529375076E1,-1.104375076E1,-2.746875191E1
2.464766022E1,2.034375000E1,-1.125000000E1,-2.409375191E1
2.465766022E1,1.998750114E1,-1.014375019E1,-2.340000153E1
2.466766022E1,2.773125076E1,-1.190625000E1,-3.024375153E1
2.467766022E1,3.358125305E1,-1.218750095E1,-3.609375000E1
2.468766022E1,3.476250076E1,-1.021875000E1,-3.596250153E1
2.469766022E1,2.730000114E1,-1.035000038E1,-3.005625153E1
2.470766022E1,1.908750153E1,-1.048125076E1,-2.225625038E1
2.471766022E1,1.923750114E1,-1.126875019E1,-2.220000076E1
2.472766022E1,2.722500038E1,-1.239375019E1,-2.973750114E1
2.473766022E1,3.466875076E1,-1.166250038E1,-3.678750229E1
2.474766022E1,3.423750305E1,-1.280625057E1,-3.746250153E1
2.475766022E1,2.750625038E1,-1.170000076E1,-2.745000076E1
2.476766022E1,2.173125076E1,-7.818750381E0,-2.345625114E1
2.477766022E1,2.205000114E1,-7.837500095E0,-2.488125038E1
2.478766022E1,2.681250191E1,-1.081875038E1,-2.891250038E1
2.479766022E1,2.938125038E1,-1.280625057E1,-3.191250038E1
2.480766022E1,2.701875114E1,-1.723125076E1,-2.666250038E1
2.481766022E1,2.533125114E1,-1.314375019E1,-2.323125076E1
2.482766022E1,2.610000038E1,-1.096875000E1,-2.670000076E1
2.483766022E1,3.200625229E1,-9.956250191E0,-3.172500038E1
2.484766022E1,3.024375153E1,-8.043750763E0,-3.326250076E1
2.485766022E1,2.356875038E1,-1.031250000E1,-2.640000153E1
2.486766022E1,1.890000153E1,-1.065000057E1,-2.240625000E1
2.487766022E1,2.085000038E1,-1.216875076E1,-1.792500114E1
2.488766022E1,2.737500191E1,-1.025625038E1,-2.662500191E1
2.489766022E1,3.457500076E1,-7.762500286E0,-3.288750076E1
2.490766022E1,3.174375153E1,-8.456250191E0,-3.450000000E1
2.491766022E1,2.490000153E1,-9.656250000E0,-2.851875114E1
2.492766022E1,1.715625000E1,-1.059375000E1,-2.175000000E1
2.493766022E1,1.760625076E1,-1.181250000E1,-2.118750000E1
2.494766022E1,2.422500038E1,-1.008750057E1,-2.471250153E1
2.495766022E1,3.046875191E1,-1.020000076E1,-3.151875114E1
2.496766022E1,3.266250229E1,-9.637500763E0,-3.331875229E1
2.497766022E1,2.437500191E1,-7.162500381E0,-2.872500038E1
2.498766022E1,1.816875076E1,-1.085625076E1,-2.221875000E1
2.499766022E1,2.371875000E1,-1.035000038E1,-2.171250153E1
2.500766022E1,2.371875000E1,-1.035000038E1,-2.171250153E1
2.501766022E1,3.005625153E1,-9.862500191E0,-2.968125153E1
2.502766022E1,3.180000114E1,-8.700000763E0,-3.213750076E1
2.503766022E1,1.893750000E1,-9.375000000E0,-2.188125038E1
2.504766022E1,1.893750000E1,-9.375000000E0,-2.188125038E1
2.505766022E1,1.760625076E1,-9.206250191E0,-1.796250153E1
2.506766022E1,3.073125076E1,-9.206250191E0,-3.035625076E1
2.507766022E1,3.358125305E1,-8.118750572E0,-3.174375153E1
2.508766022E1,2.793750191E1,-7.462500095E0,-2.968125153E1
2.509766022E1,2.060625076E1,-7.237500191E0,-2.270625114E1
2.510766022E1,1.798125076E1,-9.562500000E0,-2.090625000E1
2.511766022E1,2.388750076E1,-9.243750572E0,-2.227500153E1
2.512766022E1,3.326250076E1,-7.556250095E0,-2.788125038E1
2.513766022E1,3.315000153E1,-8.643750191E0,-3.279375076E1
2.514766022E1,2.986875153E1,-7.331250191E0,-2.941875076E1
2.515766022E1,2.287500000E1,-8.062500000E0,-2.315625000E1
2.516766022E1,1.876875114E1,-8.700000763E0,-1.959375000E1
2.517766022E1,2.486250114E1,-8.400000572E0,-2.268750000E1
2.518766022E1,3.108750153E1,-1.008750057E1,-2.857500076E1
2.519766022E1,3.420000076E1,-7.293750286E0,-3.228750229E1
2.520766022E1,2.934375191E1,-7.537500381E0,-3.031875038E1
2.521766022E1,2.190000153E1,-8.268750191E0,-2.295000076E1
2.522766022E1,1.921875000E1,-9.825000763E0,-2.137500000E1
2.523766022E1,2.293125153E1,-1.059375000E1,-2.340000153E1
2.524766022E1,3.018750191E1,-1.252500057E1,-2.945625114E1
2.525766022E1,3.191250038E1,-1.256250095E1,-3.433125305E1
2.526766022E1,3.031875038E1,-7.331250191E0,-3.050625038E1
2.527766022E1,2.441250038E1,-8.662500381E0,-2.546250153E1
2.528766022E1,1.927500153E1,-1.029375076E1,-2.133750153E1
2.529766022E1,2.325000000E1,-1.276875019E1,-2.229375076E1
2.530766022E1,3.067500114E1,-1.276875019E1,-2.726250076E1
2.531766022E1,3.470625305E1,-1.200000000E1,-3.159375191E1
2.532766022E1,3.123750114E1,-9.956250191E0,-3.030000114E1
2.533766022E1,2.349375153E1,-1.057500076E1,-2.373750114E1
2.534766022E1,2.094375038E1,-9.187500000E0,-1.895625114E1
2.535766022E1,2.452500153E1,-1.119375038E1,-1.963125038E1
2.536766022E1,3.144375038E1,-1.252500057E1,-2.604375076E1
2.537766022E1,3.633750153E1,-1.123125076E1,-3.028125191E1
2.538766022E1,3.202500153E1,-8.137500763E0,-2.923125076E1
2.539766022E1,2.443125153E1,-7.687500477E0,-2.461875153E1
2.540766022E1,2.137500000E1,-9.187500000E0,-2.006250000E1
2.541766022E1,2.503125191E1,-9.487500191E0,-2.180625153E1
2.542766022E1,3.253125000E1,-1.012500000E1,-2.765625191E1
2.543766022E1,3.735000229E1,-6.937500477E0,-3.174375153E1
2.544766022E1,3.384375000E1,-6.206250191E0,-3.159375191E1
2.545766022E1,2.936250114E1,-5.137500286E0,-2.880000114E1
2.546766022E1,2.238750076E1,-8.193750381E0,-2.109375000E1
2.547766022E1,2.771250153E1,-8.850000381E0,-2.206875038E1
2.548766022E1,3.283125305E1,-9.637500763E0,-2.786250114E1
2.549766022E1,3.881250000E1,-8.962500572E0,-3.410625076E1
2.550766022E1,3.600000000E1,-6.618750095E0,-3.425625229E1
2.551766022E1,2.981250191E1,-6.337500095E0,-2.776875114E1
2.552766022E1,2.690625191E1,-6.431250095E0,-2.475000191E1
2.553766022E1,2.874375153E1,-8.400000572E0,-2.555625153E1
2.554766022E1,3.609375000E1,-1.040625000E1,-2.848125076E1
2.555766022E1,4.153125000E1,-8.212500572E0,-3.530625153E1
2.556766022E1,3.903750229E1,-7.406250477E0,-3.549375153E1
2.557766022E1,3.217500305E1,-7.087500095E0,-3.181875038E1
2.558766022E1,2.746875191E1,-9.112500191E0,-2.563125038E1
2.559766022E1,3.097500038E1,-8.718750000E0,-2.446875191E1
2.560766022E1,3.877500153E1,-8.568750381E0,-3.039375114E1
2.561766022E1,4.374375153E1,-9.168750763E0,-3.448125076E1
2.562766022E1,4.053750229E1,-9.375000000E0,-3.551250076E1
2.563766022E1,3.330000305E1,-9.525000572E0,-3.037500191E1
2.564766022E1,2.926875114E1,-9.112500191E0,-2.362500000E1
2.565766022E1,3.316875076E1,-8.550000191E0,-2.265000153E1
2.566766022E1,3.776250076E1,-1.170000076E1,-2.683125114E1
2.567766022E1,4.335000229E1,-1.089375019E1,-3.307500076E1
2.568766022E1,4.051875305E1,-8.887500763E0,-3.444375229E1
2.569766022E1,3.438750076E1,-9.581250191E0,-2.913750076E1
2.570766022E1,3.061875153E1,-9.075000763E0,-2.475000191E1
2.571766022E1,3.142500114E1,-1.147500038E1,-2.221875000E1
2.572766022E1,3.686250305E1,-1.235625076E1,-2.581875038E1
2.573766022E1,4.087500000E1,-1.066875076E1,-3.133125114E1
2.574766022E1,3.781875229E1,-9.900000572E0,-3.120000076E1
2.575766022E1,3.166875076E1,-1.005000019E1,-2.827500153E1
2.576766022E1,2.662500191E1,-1.115625000E1,-2.295000076E1
2.577766022E1,2.831250191E1,-1.117500019E1,-2.141250038E1
2.578766022E1,3.294375229E1,-1.250625038E1,-2.246250153E1
2.579766022E1,3.708750153E1,-1.288125038E1,-2.859375191E1
2.580766022E1,3.410625076E1,-1.038750076E1,-2.859375191E1
2.581766022E1,2.825625038E1,-1.126875019E1,-2.469375038E1
2.582766022E1,2.358750153E1,-1.046250057E1,-1.936875153E1
2.583766022E1,2.278125000E1,-1.205625057E1,-1.796250153E1
2.584766022E1,2.964375114E1,-1.093125057E1,-2.083125114E1
2.585766022E1,3.395625305E1,-8.737500191E0,-2.608125114E1
2.586766022E1,3.243750000E1,-7.031250477E0,-2.994375038E1
2.587766022E1,2.816250038E1,-5.437500000E0,-2.533125114E1
2.588766022E1,2.101875114E1,-6.506250381E0,-1.965000153E1
2.589766022E1,2.265000153E1,-7.012500286E0,-1.822500038E1
2.590766022E1,2.812500191E1,-7.425000191E0,-2.250000000E1
2.591766022E1,3.369375229E1,-5.268750191E0,-2.574375153E1
2.592766022E1,3.202500153E1,-4.218750000E0,-3.001875114E1
2.593766022E1,2.561250114E1,-5.325000286E0,-2.795625114E1
2.594766022E1,2.345625114E1,-4.687500000E0,-2.218125153E1
2.595766022E1,2.304375076E1,-6.112500191E0,-2.160000038E1
2.596766022E1,2.964375114E1,-6.281250477E0,-2.480625153E1
2.597766022E1,3.416250229E1,-5.343750000E0,-3.011250114E1
2.598766022E1,3.140625191E1,-5.550000191E0,-3.114375114E1
2.599766022E1,2.745000076E1,-6.037500381E0,-2.900625038E1
2.600766022E1,2.259375000E1,-6.375000477E0,-2.422500038E1
2.601766022E1,2.218125153E1,-8.418750763E0,-2.310000038E1
2.602766022E1,2.745000076E1,-7.350000381E0,-2.484375191E1
2.603766022E1,3.343125153E1,-6.075000286E0,-3.176250076E1
2.604766022E1,3.275625229E1,-5.493750095E0,-3.273750305E1
2.605766022E1,2.690625191E1,-6.281250477E0,-3.101250076E1
2.606766022E1,2.218125153E1,-7.725000381E0,-2.660625076E1
2.607766022E1,2.394375038E1,-6.712500095E0,-2.218125153E1
2.608766022E1,2.868750191E1,-7.012500286E0,-2.675625038E1
2.609766022E1,3.176250076E1,-8.212500572E0,-3.093750191E1
2.610766022E1,3.324375153E1,-5.868750095E0,-3.583125305E1
2.611766022E1,2.915625191E1,-5.568750381E0,-3.283125305E1
2.612766022E1,2.265000153E1,-6.731250286E0,-2.653125191E1
2.613766022E1,2.313750076E1,-9.075000763E0,-2.587500191E1
2.614766022E1,2.844375038E1,-9.431250572E0,-2.750625038E1
2.615766022E1,3.247500229E1,-7.218750477E0,-3.086250114E1
2.616766022E1,3.255000305E1,-7.481250286E0,-3.523125076E1
2.617766022E1,2.716875076E1,-7.293750286E0,-3.421875000E1
2.618766022E1,2.289375114E1,-8.493750572E0,-2.733750153E1
2.619766022E1,2.218125153E1,-8.625000000E0,-2.527500153E1
2.620766022E1,2.686875153E1,-9.187500000E0,-2.718750191E1
2.621766022E1,3.133125114E1,-9.356250763E0,-3.161250114E1
2.622766022E1,3.110625076E1,-6.581250191E0,-3.386250305E1
2.623766022E1,2.760000038E1,-6.750000477E0,-3.240000153E1
2.624766022E1,2.236875153E1,-8.475000381E0,-2.544375038E1
2.625766022E1,1.989375114E1,-9.412500381E0,-2.565000153E1
2.626766022E1,2.707500076E1,-8.043750763E0,-2.602500153E1
2.627766022E1,3.026250076E1,-8.943750381E0,-3.178125191E1
2.628766022E1,3.030000114E1,-8.193750381E0,-3.309375000E1
2.629766022E1,2.643750191E1,-8.718750000E0,-3.221250153E1
2.630766022E1,2.173125076E1,-9.187500000E0,-2.741250038E1
2.631766022E1,2.133750153E1,-9.768750191E0,-2.439375114E1
2.632766022E1,2.718750191E1,-8.981250763E0,-2.580000114E1
2.633766022E1,3.206250000E1,-8.943750381E0,-2.977500153E1
2.634766022E1,3.255000305E1,-8.400000572E0,-3.451875305E1
2.635766022E1,2.737500191E1,-8.550000191E0,-3.395625305E1
2.636766022E1,2.330625153E1,-7.368750095E0,-2.775000191E1
2.637766022E1,2.253750038E1,-7.368750095E0,-2.632500076E1
2.638766022E1,2.608125114E1,-9.225000381E0,-2.638125038E1
2.639766022E1,3.129375076E1,-9.412500381E0,-3.348750305E1
2.640766022E1,3.161250114E1,-6.393750191E0,-3.420000076E1
2.641766022E1,2.720625114E1,-7.462500095E0,-3.466875076E1
2.642766022E1,2.358750153E1,-6.581250191E0,-2.891250038E1
2.643766022E1,2.238750076E1,-9.056250572E0,-2.336250114E1
2.644766022E1,2.563125038E1,-8.625000000E0,-2.658750153E1
2.645766022E1,2.928750038E1,-9.150000572E0,-3.127500153E1
2.646766022E1,3.196875191E1,-9.075000763E0,-3.429375076E1
2.647766022E1,2.701875114E1,-8.587500572E0,-3.457500076E1
2.648766022E1,2.186250114E1,-8.550000191E0,-2.761875153E1
2.649766022E1,2.295000076E1,-7.462500095E0,-2.491875076E1
2.650766022E1,2.490000153E1,-9.450000763E0,-2.619375038E1
2.651766022E1,3.114375114E1,-1.078125000E1,-3.101250076E1
2.652766022E1,3.181875038E1,-9.731250763E0,-3.517500305E1
2.653766022E1,2.913750076E1,-7.125000477E0,-3.238125229E1
2.654766022E1,2.426250076E1,-8.625000000E0,-2.968125153E1
2.655766022E1,2.328750038E1,-8.400000572E0,-2.499375153E1
2.656766022E1,2.673750114E1,-9.300000191E0,-2.467500114E1
2.657766022E1,3.095625114E1,-9.206250191E0,-3.114375114E1
2.658766022E1,3.181875038E1,-7.968750477E0,-3.408750153E1
2.659766022E1,2.979375076E1,-7.443750381E0,-3.346875000E1
2.660766022E1,2.469375038E1,-8.418750763E0,-2.878125191E1
2.661766022E1,2.257500076E1,-8.775000572E0,-2.574375153E1
2.662766022E1,2.546250153E1,-9.093750000E0,-2.623125076E1
2.663766022E1,3.129375076E1,-1.010625076E1,-2.968125153E1
2.664766022E1,3.346875000E1,-8.043750763E0,-3.457500076E1
2.665766022E1,2.840625191E1,-7.537500381E0,-3.421875000E1
2.666766022E1,2.456250191E1,-1.029375076E1,-2.752500153E1
2.667766022E1,2.326875114E1,-9.356250763E0,-2.523750114E1
2.668766022E1,2.475000191E1,-1.104375076E1,-2.636250114E1
2.669766022E1,2.977500153E1,-1.033125019E1,-2.915625191E1
2.670766022E1,3.292500305E1,-8.325000763E0,-3.234375000E1
2.671766022E1,2.919375038E1,-8.231250763E0,-3.183750153E1
2.672766022E1,2.398125076E1,-9.412500381E0,-2.930625153E1
2.673766022E1,2.133750153E1,-8.531250000E0,-2.574375153E1
2.674766022E1,2.533125114E1,-1.005000019E1,-2.630625153E1
2.675766022E1,2.926875114E1,-9.881250381E0,-2.902500153E1
2.676766022E1,3.150000191E1,-9.731250763E0,-3.438750076E1
2.677766022E1,2.960625076E1,-8.550000191E0,-3.337500000E1
2.678766022E1,2.396250153E1,-8.287500381E0,-2.831250191E1
2.679766022E1,2.332500076E1,-8.568750381E0,-2.529375076E1
2.680766022E1,2.559375191E1,-9.993750572E0,-2.443125153E1
2.681766022E1,3.210000229E1,-9.656250000E0,-3.300000000E1
2.682766022E1,3.210000229E1,-9.656250000E0,-3.300000000E1
2.683766022E1,2.996250153E1,-8.812500000E0,-3.210000229E1
2.684766022E1,2.460000038E1,-9.225000381E0,-2.949375153E1
2.685766022E1,2.257500076E1,-8.550000191E0,-2.295000076E1
2.686766022E1,2.473125076E1,-1.051875019E1,-2.454375076E1
2.687766022E1,2.994375038E1,-1.016250038E1,-2.902500153E1
2.688766022E1,3.198750114E1,-7.500000477E0,-3.474375153E1
2.689766022E1,3.198750114E1,-7.500000477E0,-3.474375153E1
2.690766022E1,2.493750191E1,-8.156250000E0,-2.536875153E1
2.691766022E1,2.576250076E1,-9.843750000E0,-2.491875076E1
2.692766022E1,2.943750191E1,-9.731250763E0,-2.921250153E1
2.693766022E1,3.316875076E1,-7.687500477E0,-3.271875000E1
2.694766022E1,3.037500191E1,-7.087500095E0,-3.318750000E1
2.695766022E1,2.765625191E1,-8.231250763E0,-2.883750153E1
2.696766022E1,2.379375076E1,-9.150000572E0,-2.431875038E1
2.697766022E1,2.675625038E1,-9.281250000E0,-2.388750076E1
2.698766022E1,2.949375153E1,-8.943750381E0,-3.005625153E1
2.699766022E1,3.168750191E1,-1.025625038E1,-3.060000038E1
2.700766022E1,3.007500076E1,-9.131250381E0,-3.208125305E1
2.701766022E1,2.641875076E1,-7.031250477E0,-2.844375038E1
2.702766022E1,2.328750038E1,-9.318750381E0,-2.398125076E1
2.703766022E1,2.576250076E1,-1.106250000E1,-2.356875038E1
2.704766022E1,2.958750153E1,-1.059375000E1,-2.664375114E1
2.705766022E1,3.123750114E1,-1.018125057E1,-3.309375000E1
2.706766022E1,3.076875114E1,-7.912500381E0,-2.953125191E1
2.707766022E1,2.720625114E1,-7.931250095E0,-2.821875191E1
2.708766022E1,2.373750114E1,-9.918750763E0,-2.379375076E1
2.709766022E1,2.463750076E1,-1.018125057E1,-2.347500038E1
2.710766022E1,2.977500153E1,-8.850000381E0,-2.694375038E1
2.711766022E1,3.260625076E1,-8.325000763E0,-3.125625038E1
2.712766022E1,3.060000038E1,-8.925000191E0,-3.180000114E1
2.713766022E1,2.698125076E1,-8.568750381E0,-2.769375038E1
2.714766022E1,2.418750191E1,-9.600000381E0,-2.445000076E1
2.715766022E1,2.413125038E1,-1.036875057E1,-2.360625076E1
2.716766022E1,2.958750153E1,-9.056250572E0,-2.786250114E1
2.717766022E1,3.232500076E1,-9.956250191E0,-3.251250076E1
2.718766022E1,3.138750076E1,-8.268750191E0,-3.279375076E1
2.719766022E1,2.535000038E1,-9.018750191E0,-2.904375076E1
2.720766022E1,2.289375114E1,-1.065000057E1,-2.559375191E1
2.721766022E1,2.416875076E1,-1.085625076E1,-2.386875153E1
2.722766022E1,2.836875153E1,-1.001250076E1,-2.542500114E1
2.723766022E1,3.183750153E1,-8.868750572E0,-3.258750153E1
2.724766022E1,3.185625076E1,-8.850000381E0,-3.181875038E1
2.725766022E1,2.833125114E1,-7.575000286E0,-2.921250153E1
2.726766022E1,2.366250038E1,-9.262500763E0,-2.259375000E1
2.727766022E1,2.553750038E1,-8.062500000E0,-2.302500153E1
2.728766022E1,2.848125076E1,-9.693750381E0,-2.576250076E1
2.729766022E1,3.140625191E1,-9.787500381E0,-3.016875076E1
2.730766022E1,3.078750038E1,-9.900000572E0,-3.311250305E1
2.731766022E1,2.645625114E1,-9.000000000E0,-3.078750038E1
2.732766022E1,2.587500191E1,-7.443750381E0,-2.448750114E1
2.733766022E1,2.435625076E1,-8.287500381E0,-2.283750153E1
2.734766022E1,2.876250076E1,-8.906250000E0,-2.660625076E1
2.735766022E1,3.161250114E1,-1.012500000E1,-3.155625153E1
2.736766022E1,3.270000076E1,-8.043750763E0,-3.268125153E1
2.737766022E1,2.908125114E1,-7.387500286E0,-2.970000076E1
2.738766022E1,2.435625076E1,-9.975000381E0,-2.722500038E1
2.739766022E1,2.566875076E1,-9.206250191E0,-2.480625153E1
2.740766022E1,2.756250191E1,-1.029375076E1,-2.820000076E1
2.741766022E1,3.313125229E1,-8.118750572E0,-3.095625114E1
2.742766022E1,3.320625305E1,-8.793750763E0,-3.262500000E1
2.743766022E1,2.921250153E1,-8.175000191E0,-3.011250114E1
2.744766022E1,2.441250038E1,-9.900000572E0,-2.426250076E1
2.745766022E1,2.450625038E1,-8.362500191E0,-2.626875114E1
2.746766022E1,2.698125076E1,-8.568750381E0,-2.769375038E1
2.747766022E1,3.196875191E1,-8.231250763E0,-3.217500305E1
2.748766022E1,3.262500000E1,-7.912500381E0,-3.408750153E1
2.749766022E1,2.876250076E1,-7.593750477E0,-3.061875153E1
2.750766022E1,2.433750153E1,-8.531250000E0,-2.595000076E1
2.751766022E1,2.426250076E1,-7.950000286E0,-2.208750153E1
2.752766022E1,2.765625191E1,-1.040625000E1,-2.677500153E1
2.753766022E1,3.054375076E1,-9.393750191E0,-3.127500153E1
2.754766022E1,3.108750153E1,-8.156250000E0,-3.373125076E1
2.755766022E1,2.850000191E1,-7.968750477E0,-3.230625153E1
2.756766022E1,2.364375114E1,-1.044375038E1,-2.514375114E1
2.757766022E1,2.463750076E1,-9.581250191E0,-2.476875114E1
2.758766022E1,2.797500038E1,-8.943750381E0,-2.628750038E1
2.759766022E1,3.121875191E1,-8.193750381E0,-2.951250076E1
2.760766022E1,3.210000229E1,-6.356250286E0,-3.343125153E1
2.761766022E1,3.076875114E1,-5.437500000E0,-3.178125191E1
2.762766022E1,2.458125114E1,-9.656250000E0,-2.741250038E1
2.763766022E1,2.265000153E1,-1.046250057E1,-2.356875038E1
2.764766022E1,2.748750114E1,-9.093750000E0,-2.454375076E1
2.765766022E1,3.099375153E1,-8.756250381E0,-3.211875153E1
2.766766022E1,3.255000305E1,-6.000000000E0,-3.346875000E1
2.767766022E1,2.915625191E1,-6.487500191E0,-3.181875038E1
2.768766022E1,2.390625000E1,-9.975000381E0,-2.613750076E1
2.769766022E1,2.371875000E1,-8.381250381E0,-2.548125076E1
2.770766022E1,2.664375114E1,-9.206250191E0,-2.748750114E1
2.771766022E1,3.058125114E1,-8.100000381E0,-3.045000076E1
2.772766022E1,2.943750191E1,-9.262500763E0,-3.581250000E1
2.773766022E1,2.887500191E1,-7.275000095E0,-3.142500114E1
2.774766022E1,2.415000153E1,-8.718750000E0,-2.733750153E1
2.775766022E1,2.428125191E1,-8.381250381E0,-2.626875114E1
2.776766022E1,2.634375191E1,-8.475000381E0,-2.863125038E1
2.777766022E1,3.090000153E1,-6.881250381E0,-3.290625000E1
2.778766022E1,2.966250038E1,-9.562500000E0,-3.579375076E1
2.779766022E1,2.786250114E1,-7.331250191E0,-3.063750076E1
2.780766022E1,2.400000000E1,-9.393750191E0,-2.821875191E1
2.781766022E1,2.313750076E1,-9.993750572E0,-2.486250114E1
2.782766022E1,2.551875114E1,-9.543750763E0,-2.557500076E1
2.783766022E1,3.000000191E1,-9.712500572E0,-3.000000191E1
2.784766022E1,3.026250076E1,-8.025000572E0,-3.279375076E1
2.785766022E1,2.814375114E1,-8.325000763E0,-3.305625153E1
2.786766022E1,2.413125038E1,-9.975000381E0,-2.675625038E1
2.787766022E1,2.244375038E1,-9.206250191E0,-2.351250076E1
2.788766022E1,2.529375076E1,-1.141875076E1,-2.385000038E1
2.789766022E1,3.050625038E1,-1.014375019E1,-2.934375191E1
2.790766022E1,3.210000229E1,-9.356250763E0,-3.318750000E1
2.791766022E1,2.791875076E1,-9.225000381E0,-3.125625038E1
2.792766022E1,2.626875114E1,-9.581250191E0,-2.823750114E1
2.793766022E1,2.411250114E1,-8.325000763E0,-2.360625076E1
2.794766022E1,2.596875191E1,-8.925000191E0,-2.718750191E1
2.795766022E1,3.078750038E1,-9.675000191E0,-3.031875038E1
2.796766022E1,3.189375114E1,-7.875000477E0,-3.095625114E1
2.797766022E1,2.932500076E1,-7.875000477E0,-3.123750114E1
2.798766022E1,2.561250114E1,-9.281250000E0,-2.776875114E1
2.799766022E1,2.535000038E1,-7.425000191E0,-2.214375114E1
2.800766022E1,2.731875038E1,-7.106250286E0,-2.673750114E1
2.801766022E1,3.026250076E1,-9.337500572E0,-2.863125038E1
2.802766022E1,3.241875076E1,-7.293750286E0,-3.382500076E1
2.803766022E1,3.084375191E1,-7.350000381E0,-3.270000076E1
2.804766022E1,2.739375114E1,-7.443750381E0,-2.827500153E1
2.805766022E1,2.551875114E1,-8.100000381E0,-2.460000038E1
2.806766022E1,2.728125191E1,-7.537500381E0,-2.497500038E1
2.807766022E1,2.990625191E1,-7.518750191E0,-3.065625191E1
2.808766022E1,3.288750076E1,-6.918750286E0,-3.277500153E1
2.809766022E1,3.103125191E1,-8.006250381E0,-3.360000229E1
2.810766022E1,2.782500076E1,-7.837500095E0,-2.589375114E1
2.811766022E1,2.491875076E1,-5.793750286E0,-2.555625153E1
2.812766022E1,2.655000114E1,-8.868750572E0,-2.641875076E1
2.813766022E1,3.073125076E1,-7.968750477E0,-3.140625191E1
2.814766022E1,3.268125153E1,-7.143750191E0,-3.478125000E1
2.815766022E1,3.046875191E1,-8.025000572E0,-3.358125305E1
2.816766022E1,2.756250191E1,-7.293750286E0,-2.844375038E1
2.817766022E1,2.623125076E1,-7.087500095E0,-2.405625153E1
2.818766022E1,2.475000191E1,-9.262500763E0,-2.478750038E1
2.819766022E1,2.926875114E1,-8.962500572E0,-3.005625153E1
2.820766022E1,3.290625000E1,-7.125000477E0,-3.478125000E1
2.821766022E1,3.135000038E1,-8.100000381E0,-3.234375000E1
2.822766022E1,2.707500076E1,-9.506250381E0,-2.778750038E1
2.823766022E1,2.568750191E1,-7.931250095E0,-2.476875114E1
2.824766022E1,2.589375114E1,-7.950000286E0,-2.585625076E1
2.825766022E1,3.001875114E1,-8.756250381E0,-2.975625038E1
2.826766022E1,3.268125153E1,-8.062500000E0,-3.346875000E1
2.827766022E1,3.283125305E1,-7.687500477E0,-3.193125153E1
2.828766022E1,2.775000191E1,-7.631250381E0,-2.983125114E1
2.829766022E1,2.465625191E1,-9.562500000E0,-2.398125076E1
2.830766022E1,2.553750038E1,-9.843750000E0,-2.460000038E1
2.831766022E1,2.831250191E1,-8.831250191E0,-2.910000038E1
2.832766022E1,3.110625076E1,-9.900000572E0,-3.390000153E1
2.833766022E1,3.097500038E1,-7.856250286E0,-3.423750305E1
2.834766022E1,2.825625038E1,-8.381250381E0,-2.977500153E1
2.835766022E1,2.593125153E1,-8.418750763E0,-2.598750114E1
2.836766022E1,2.516250038E1,-8.137500763E0,-2.490000153E1
2.837766022E1,2.891250038E1,-7.856250286E0,-2.889375114E1
2.838766022E1,3.172500038E1,-9.206250191E0,-3.256875229E1
2.839766022E1,3.135000038E1,-8.325000763E0,-3.466875076E1
2.840766022E1,2.775000191E1,-9.168750763E0,-2.829375076E1
2.841766022E1,2.430000114E1,-1.021875000E1,-2.377500153E1
2.842766022E1,2.512500191E1,-7.031250477E0,-2.546250153E1
2.843766022E1,2.636250114E1,-9.281250000E0,-2.966250038E1
2.844766022E1,3.061875153E1,-1.006875038E1,-3.294375229E1
2.845766022E1,3.061875153E1,-7.593750477E0,-3.519375229E1
2.846766022E1,2.908125114E1,-7.893750191E0,-3.123750114E1
2.847766022E1,2.482500076E1,-7.537500381E0,-2.587500191E1
2.848766022E1,2.400000000E1,-9.168750763E0,-2.542500114E1
2.849766022E1,2.743125153E1,-9.168750763E0,-2.780625153E1
2.850766022E1,3.050625038E1,-9.768750191E0,-3.328125000E1
2.851766022E1,3.026250076E1,-9.168750763E0,-3.427500153E1
2.852766022E1,2.925000191E1,-5.662500381E0,-3.110625076E1
2.853766022E1,2.394375038E1,-7.462500095E0,-2.681250191E1
2.854766022E1,2.422500038E1,-9.150000572E0,-2.574375153E1
2.855766022E1,2.728125191E1,-8.587500572E0,-2.958750153E1
2.856766022E1,3.183750153E1,-7.950000286E0,-3.330000305E1
2.857766022E1,3.245625305E1,-5.906250000E0,-3.551250076E1
2.858766022E1,2.722500038E1,-7.218750477E0,-3.157500076E1
2.859766022E1,2.388750076E1,-9.093750000E0,-2.855625153E1
2.860766022E1,2.435625076E1,-8.718750000E0,-2.765625191E1
2.861766022E1,2.778750038E1,-8.100000381E0,-3.026250076E1
2.862766022E1,3.140625191E1,-7.856250286E0,-3.532500076E1
2.863766022E1,3.080625153E1,-7.012500286E0,-3.789375305E1
2.864766022E1,2.904375076E1,-7.650000095E0,-3.406875229E1
2.865766022E1,2.420625114E1,-9.168750763E0,-2.651250076E1
2.866766022E1,2.338125038E1,-1.027500057E1,-2.422500038E1
2.867766022E1,2.730000114E1,-8.568750381E0,-2.880000114E1
2.868766022E1,2.992500114E1,-9.487500191E0,-3.345000076E1
2.869766022E1,3.226875305E1,-8.268750191E0,-3.436875153E1
2.870766022E1,2.561250114E1,-1.020000076E1,-2.613750076E1
2.871766022E1,2.561250114E1,-1.020000076E1,-2.613750076E1
2.872766022E1,2.190000153E1,-1.066875076E1,-2.370000076E1
2.873766022E1,3.155625153E1,-9.337500572E0,-3.161250114E1
2.874766022E1,3.155625153E1,-9.337500572E0,-3.161250114E1
2.875766022E1,2.928750038E1,-8.943750381E0,-2.926875114E1
2.876766022E1,2.403750038E1,-9.337500572E0,-2.587500191E1
2.877766022E1,2.278125000E1,-1.012500000E1,-2.281875038E1
2.878766022E1,2.512500191E1,-9.412500381E0,-2.572500038E1
2.879766022E1,2.878125191E1,-9.337500572E0,-3.142500114E1
2.880766022E1,3.208125305E1,-7.912500381E0,-3.283125305E1
2.881766022E1,2.844375038E1,-9.975000381E0,-3.073125076E1
2.882766022E1,2.508750153E1,-7.687500477E0,-2.602500153E1
2.883766022E1,2.407500076E1,-9.281250000E0,-2.400000000E1
2.884766022E1,2.625000191E1,-8.137500763E0,-2.788125038E1
2.885766022E1,3.052500153E1,-1.035000038E1,-3.136875153E1
2.886766022E1,3.172500038E1,-8.475000381E0,-3.528750229E1
2.887766022E1,3.028125191E1,-9.150000572E0,-3.316875076E1
2.888766022E1,2.645625114E1,-7.931250095E0,-2.634375191E1
2.889766022E1,2.332500076E1,-8.568750381E0,-2.529375076E1
2.890766022E1,2.617500114E1,-8.943750381E0,-2.780625153E1
2.891766022E1,3.005625153E1,-7.912500381E0,-3.421875000E1
2.892766022E1,3.206250000E1,-9.693750381E0,-3.440625000E1
2.893766022E1,3.210000229E1,-7.893750191E0,-3.174375153E1
2.894766022E1,2.445000076E1,-1.061250019E1,-2.748750114E1
2.895766022E1,2.366250038E1,-9.468750000E0,-2.460000038E1
2.896766022E1,2.531250191E1,-1.100625038E1,-2.606250191E1
2.897766022E1,3.060000038E1,-9.843750000E0,-3.076875114E1
2.898766022E1,3.363750076E1,-9.112500191E0,-3.369375229E1
2.899766022E1,3.127500153E1,-8.381250381E0,-3.013125038E1
2.900766022E1,2.619375038E1,-8.906250000E0,-2.671875191E1
2.901766022E1,2.362500000E1,-8.081250191E0,-2.550000191E1
2.902766022E1,2.499375153E1,-9.525000572E0,-2.368125153E1
2.903766022E1,3.238125229E1,-8.325000763E0,-3.123750114E1
2.904766022E1,3.168750191E1,-9.225000381E0,-3.365625000E1
2.905766022E1,3.030000114E1,-9.750000000E0,-3.219375229E1
2.906766022E1,2.497500038E1,-9.150000572E0,-2.761875153E1
2.907766022E1,2.283750153E1,-1.027500057E1,-2.296875000E1
2.908766022E1,2.439375114E1,-9.900000572E0,-2.458125114E1
2.909766022E1,2.896875191E1,-9.168750763E0,-3.080625153E1
2.910766022E1,3.176250076E1,-8.437500000E0,-3.373125076E1
2.911766022E1,2.938125038E1,-9.806250572E0,-3.247500229E1
2.912766022E1,2.535000038E1,-8.475000381E0,-2.673750114E1
2.913766022E1,2.175000000E1,-9.562500000E0,-2.379375076E1
2.914766022E1,2.371875000E1,-9.956250191E0,-2.488125038E1
2.915766022E1,2.919375038E1,-9.450000763E0,-3.046875191E1
2.916766022E1,3.286875153E1,-8.418750763E0,-3.562500000E1
2.917766022E1,2.992500114E1,-9.281250000E0,-3.144375038E1
2.918766022E1,2.664375114E1,-9.206250191E0,-2.748750114E1
2.919766022E1,2.167500114E1,-1.036875057E1,-2.418750191E1
2.920766022E1,2.413125038E1,-1.089375019E1,-2.542500114E1
2.921766022E1,2.844375038E1,-9.975000381E0,-3.073125076E1
2.922766022E1,3.255000305E1,-8.718750000E0,-3.433125305E1
2.923766022E1,3.183750153E1,-7.950000286E0,-3.330000305E1
2.924766022E1,2.670000076E1,-9.337500572E0,-2.653125191E1
2.925766022E1,2.366250038E1,-9.262500763E0,-2.259375000E1
2.926766022E1,2.223750114E1,-1.211250019E1,-2.561250114E1
2.927766022E1,2.883750153E1,-1.102500057E1,-2.955000114E1
2.928766022E1,3.208125305E1,-9.675000191E0,-3.361875153E1
2.929766022E1,3.129375076E1,-9.187500000E0,-3.116250038E1
2.930766022E1,2.572500038E1,-9.881250381E0,-2.679375076E1
2.931766022E1,2.328750038E1,-1.055625057E1,-2.263125038E1
2.932766022E1,2.336250114E1,-9.450000763E0,-2.304375076E1
2.933766022E1,2.786250114E1,-1.125000000E1,-2.983125114E1
2.934766022E1,3.243750000E1,-9.018750191E0,-3.352500153E1
2.935766022E1,3.249375153E1,-1.072500038E1,-3.245625305E1
2.936766022E1,2.816250038E1,-8.981250763E0,-2.816250038E1
2.937766022E1,2.353125000E1,-9.918750763E0,-2.268750000E1
2.938766022E1,2.368125153E1,-9.468750000E0,-2.430000114E1
2.939766022E1,2.808750153E1,-9.468750000E0,-2.827500153E1
2.940766022E1,3.436875153E1,-8.925000191E0,-3.403125000E1
2.941766022E1,3.204375076E1,-9.206250191E0,-3.335625076E1
2.942766022E1,2.786250114E1,-9.262500763E0,-2.578125191E1
2.943766022E1,2.370000076E1,-1.036875057E1,-2.250000000E1
2.944766022E1,2.400000000E1,-1.008750057E1,-2.441250038E1
2.945766022E1,2.915625191E1,-8.437500000E0,-2.743125153E1
2.946766022E1,3.322500229E1,-9.000000000E0,-3.433125305E1
2.947766022E1,3.354375076E1,-8.775000572E0,-3.232500076E1
2.948766022E1,2.861250114E1,-7.818750381E0,-2.700000191E1
2.949766022E1,2.353125000E1,-8.343750000E0,-2.360625076E1
2.950766022E1,2.295000076E1,-1.035000038E1,-1.983750153E1
2.951766022E1,2.761875153E1,-1.044375038E1,-2.803125191E1
2.952766022E1,3.277500153E1,-8.156250000E0,-3.142500114E1
2.953766022E1,3.320625305E1,-7.856250286E0,-3.331875229E1
2.954766022E1,2.773125076E1,-8.362500191E0,-2.758125114E1
2.955766022E1,2.328750038E1,-7.537500381E0,-2.210625076E1
2.956766022E1,2.289375114E1,-8.025000572E0,-2.175000000E1
2.957766022E1,2.821875191E1,-9.131250381E0,-2.782500076E1
2.958766022E1,3.288750076E1,-8.381250381E0,-3.421875000E1
2.959766022E1,3.226875305E1,-9.187500000E0,-3.335625076E1
2.960766022E1,2.775000191E1,-9.187500000E0,-2.906250191E1
2.961766022E1,2.268750000E1,-7.612500191E0,-2.364375114E1
2.962766022E1,2.240625000E1,-9.018750191E0,-2.259375000E1
2.963766022E1,2.771250153E1,-8.381250381E0,-2.866875076E1
2.964766022E1,3.230625153E1,-8.212500572E0,-3.281250000E1
2.965766022E1,3.271875000E1,-8.250000000E0,-3.468750000E1
2.966766022E1,3.030000114E1,-5.568750381E0,-2.971875191E1
2.967766022E1,2.261250114E1,-8.737500191E0,-2.386875153E1
2.968766022E1,2.379375076E1,-9.150000572E0,-2.463750076E1
2.969766022E1,2.761875153E1,-8.268750191E0,-3.007500076E1
2.970766022E1,3.448125076E1,-7.068750381E0,-3.607500076E1
2.971766022E1,3.365625000E1,-7.143750191E0,-3.746250153E1
2.972766022E1,2.906250191E1,-8.550000191E0,-3.180000114E1
2.973766022E1,2.341875076E1,-8.287500381E0,-2.720625114E1
2.974766022E1,2.178750038E1,-8.812500000E0,-2.540625191E1
2.975766022E1,2.814375114E1,-9.018750191E0,-2.925000191E1
2.976766022E1,3.311250305E1,-8.681250572E0,-3.403125000E1
2.977766022E1,3.326250076E1,-8.006250381E0,-3.316875076E1
2.978766022E1,2.842500114E1,-8.231250763E0,-3.009375191E1
2.979766022E1,2.231250000E1,-1.048125076E1,-2.356875038E1
2.980766022E1,2.242500114E1,-7.443750381E0,-2.272500038E1
2.981766022E1,2.525625038E1,-1.053750038E1,-2.673750114E1
2.982766022E1,3.106875038E1,-9.731250763E0,-3.330000305E1
2.983766022E1,3.313125229E1,-8.343750000E0,-3.375000000E1
2.984766022E1,2.842500114E1,-8.231250763E0,-3.009375191E1
2.985766022E1,2.280000114E1,-6.150000095E0,-2.268750000E1
2.986766022E1,2.026875114E1,-1.151250076E1,-2.173125076E1
2.987766022E1,2.533125114E1,-1.005000019E1,-2.630625153E1
2.988766022E1,3.084375191E1,-1.035000038E1,-3.213750076E1
2.989766022E1,3.466875076E1,-6.862500191E0,-3.468750000E1
2.990766022E1,2.904375076E1,-7.443750381E0,-3.157500076E1
2.991766022E1,2.197500038E1,-9.562500000E0,-2.426250076E1
2.992766022E1,1.966875076E1,-1.012500000E1,-2.229375076E1
2.993766022E1,2.405625153E1,-1.046250057E1,-2.703750038E1
2.994766022E1,3.258750153E1,-7.743750095E0,-3.348750305E1
2.995766022E1,3.330000305E1,-8.193750381E0,-3.438750076E1
2.996766022E1,2.850000191E1,-8.343750000E0,-2.868750191E1
2.997766022E1,2.276250076E1,-1.014375019E1,-2.360625076E1
2.998766022E1,2.055000114E1,-9.262500763E0,-2.160000038E1
2.999766022E1,2.418750191E1,-1.014375019E1,-2.705625153E1
3.000766022E1,3.131250191E1,-8.981250763E0,-3.555000305E1
3.001766022E1,3.438750076E1,-7.350000381E0,-3.448125076E1
3.002766022E1,2.996250153E1,-7.968750477E0,-2.983125114E1
3.003766022E1,2.253750038E1,-8.062500000E0,-2.251875114E1
3.004766022E1,2.077500153E1,-8.325000763E0,-2.231250000E1
3.005766022E1,2.493750191E1,-9.918750763E0,-2.615625191E1
3.006766022E1,3.125625038E1,-1.016250038E1,-3.232500076E1
3.007766022E1,3.440625000E1,-8.868750572E0,-3.217500305E1
3.008766022E1,2.968125153E1,-8.775000572E0,-2.943750191E1
3.009766022E1,2.291250038E1,-8.231250763E0,-2.375625038E1
3.010766022E1,2.154375076E1,-8.100000381E0,-2.141250038E1
3.011766022E1,2.486250114E1,-8.943750381E0,-2.482500076E1
3.012766022E1,3.168750191E1,-8.081250191E0,-3.234375000E1
3.013766022E1,3.388125229E1,-8.156250000E0,-3.361875153E1
3.014766022E1,3.065625191E1,-6.075000286E0,-3.155625153E1
3.015766022E1,2.265000153E1,-7.668750286E0,-2.551875114E1
3.016766022E1,2.191875076E1,-6.712500095E0,-2.355000114E1
3.017766022E1,2.518125153E1,-8.643750191E0,-2.656875038E1
3.018766022E1,3.238125229E1,-7.931250095E0,-3.440625000E1
3.019766022E1,3.667500305E1,-5.343750000E0,-3.577500153E1
3.020766022E1,3.136875153E1,-5.887500286E0,-3.253125000E1
3.021766022E1,2.370000076E1,-7.275000095E0,-2.510625076E1
3.022766022E1,2.085000038E1,-8.681250572E0,-2.370000076E1
3.023766022E1,2.321250153E1,-1.066875076E1,-2.668125153E1
3.024766022E1,3.183750153E1,-8.868750572E0,-3.258750153E1
3.025766022E1,3.435000229E1,-7.687500477E0,-3.570000076E1
3.026766022E1,3.195000076E1,-8.025000572E0,-3.016875076E1
3.027766022E1,2.366250038E1,-8.643750191E0,-2.311875153E1
3.028766022E1,2.017500114E1,-7.237500191E0,-2.191875076E1
3.029766022E1,2.401875114E1,-1.029375076E1,-2.610000038E1
3.030766022E1,3.138750076E1,-1.066875076E1,-3.337500000E1
3.031766022E1,3.466875076E1,-9.881250381E0,-3.553125000E1
3.032766022E1,3.211875153E1,-7.856250286E0,-3.065625191E1
3.033766022E1,2.516250038E1,-6.675000191E0,-2.330625153E1
3.034766022E1,2.017500114E1,-9.637500763E0,-2.235000038E1
3.035766022E1,2.300625038E1,-1.188750076E1,-2.439375114E1
3.036766022E1,3.245625305E1,-8.062500000E0,-3.345000076E1
3.037766022E1,3.605625153E1,-1.068750000E1,-3.313125229E1
3.038766022E1,3.243750000E1,-7.875000477E0,-3.174375153E1
3.039766022E1,2.360625076E1,-1.027500057E1,-2.454375076E1
3.040766022E1,1.942500114E1,-1.014375019E1,-2.229375076E1
3.041766022E1,2.486250114E1,-8.962500572E0,-2.561250114E1
3.042766022E1,3.271875000E1,-7.087500095E0,-3.290625000E1
3.043766022E1,3.431250000E1,-1.053750038E1,-3.530625153E1
3.044766022E1,3.478125000E1,-7.575000286E0,-3.165000153E1
3.045766022E1,2.557500076E1,-7.012500286E0,-2.546250153E1
3.046766022E1,1.976250076E1,-1.106250000E1,-2.160000038E1
3.047766022E1,2.415000153E1,-1.055625057E1,-2.484375191E1
3.048766022E1,3.172500038E1,-1.074375057E1,-3.103125191E1
3.049766022E1,3.675000000E1,-7.875000477E0,-3.571875000E1
3.050766022E1,3.232500076E1,-8.718750000E0,-3.356250000E1
3.051766022E1,2.574375153E1,-9.562500000E0,-2.634375191E1
3.052766022E1,2.540625191E1,-8.400000572E0,-2.379375076E1
3.053766022E1,2.540625191E1,-8.400000572E0,-2.379375076E1
3.054766022E1,3.165000153E1,-1.061250019E1,-3.198750114E1
3.055766022E1,3.948750305E1,-6.168750286E0,-3.716250229E1
3.056766022E1,3.375000000E1,-8.550000191E0,-3.061875153E1
3.057766022E1,2.606250191E1,-8.100000381E0,-2.600625038E1
3.058766022E1,2.011875153E1,-1.040625000E1,-2.150625038E1
3.059766022E1,3.121875191E1,-8.737500191E0,-3.213750076E1
3.060766022E1,3.686250305E1,-6.712500095E0,-3.395625305E1
3.061766022E1,3.395625305E1,-6.806250095E0,-3.091875076E1
3.062766022E1,2.608125114E1,-8.062500000E0,-2.460000038E1
3.063766022E1,2.103750038E1,-1.126875019E1,-2.051250076E1
3.064766022E1,2.295000076E1,-1.020000076E1,-2.625000191E1
3.065766022E1,3.054375076E1,-9.693750381E0,-3.063750076E1
3.066766022E1,3.562500000E1,-6.150000095E0,-3.350625229E1
3.067766022E1,3.191250038E1,-7.856250286E0,-2.986875153E1
3.068766022E1,2.662500191E1,-9.937500000E0,-2.476875114E1
3.069766022E1,2.156250000E1,-1.046250057E1,-2.088750076E1
3.070766022E1,2.454375076E1,-1.102500057E1,-2.527500153E1
3.071766022E1,3.273750305E1,-8.850000381E0,-3.339375305E1
3.072766022E1,3.363750076E1,-7.875000477E0,-3.474375153E1
3.073766022E1,3.271875000E1,-5.306250095E0,-3.150000191E1
3.074766022E1,2.529375076E1,-9.018750191E0,-2.310000038E1
3.075766022E1,2.017500114E1,-1.140000057E1,-2.375625038E1
3.076766022E1,2.420625114E1,-9.581250191E0,-2.366250038E1
3.077766022E1,3.131250191E1,-9.693750381E0,-3.221250153E1
3.078766022E1,3.515625000E1,-7.331250191E0,-3.558750153E1
3.079766022E1,3.097500038E1,-8.250000000E0,-3.091875076E1
3.080766022E1,2.467500114E1,-7.987500191E0,-2.443125153E1
3.081766022E1,2.128125000E1,-1.053750038E1,-2.323125076E1
3.082766022E1,2.370000076E1,-1.089375019E1,-2.433750153E1
3.083766022E1,2.925000191E1,-1.138125038E1,-3.140625191E1
3.084766022E1,3.433125305E1,-8.962500572E0,-3.590625000E1
3.085766022E1,3.249375153E1,-8.943750381E0,-3.088125038E1
3.086766022E1,2.415000153E1,-9.956250191E0,-2.566875076E1
3.087766022E1,2.056875038E1,-1.100625038E1,-2.130000114E1
3.088766022E1,2.420625114E1,-1.010625076E1,-2.550000191E1
3.089766022E1,2.962500191E1,-1.185000038E1,-3.215625000E1
3.090766022E1,3.418125153E1,-1.065000057E1,-3.358125305E1
3.091766022E1,3.279375076E1,-7.743750095E0,-3.380625153E1
3.092766022E1,2.377500153E1,-1.102500057E1,-2.370000076E1
3.093766022E1,2.270625114E1,-1.038750076E1,-2.060625076E1
3.094766022E1,2.441250038E1,-1.113750076E1,-2.323125076E1
3.095766022E1,3.073125076E1,-1.012500000E1,-2.934375191E1
3.096766022E1,3.558750153E1,-9.187500000E0,-3.513750076E1
3.097766022E1,3.232500076E1,-8.418750763E0,-3.420000076E1
3.098766022E1,2.443125153E1,-1.010625076E1,-2.628750038E1
3.099766022E1,1.978125000E1,-1.072500038E1,-2.115000153E1
3.100766022E1,2.420625114E1,-9.881250381E0,-2.302500153E1
3.101766022E1,3.133125114E1,-9.675000191E0,-3.142500114E1
3.102766022E1,3.399375153E1,-1.021875000E1,-3.438750076E1
3.103766022E1,3.232500076E1,-1.089375019E1,-3.196875191E1
3.104766022E1,2.692500114E1,-1.066875076E1,-2.330625153E1
3.105766022E1,2.611875153E1,-6.262500286E0,-2.193750000E1
3.106766022E1,2.850000191E1,-5.643750191E0,-2.812500191E1
3.107766022E1,3.086250114E1,-7.331250191E0,-3.161250114E1
3.108766022E1,2.853750038E1,-1.093125057E1,-3.097500038E1
3.109766022E1,2.486250114E1,-1.173750019E1,-2.287500000E1
3.110766022E1,2.842500114E1,-9.937500000E0,-2.276250076E1
3.111766022E1,3.270000076E1,-9.056250572E0,-2.930625153E1
3.112766022E1,3.712500000E1,-4.781250000E0,-3.348750305E1
3.113766022E1,3.165000153E1,-7.518750191E0,-3.474375153E1
3.114766022E1,2.452500153E1,-7.650000095E0,-2.930625153E1
3.115766022E1,1.998750114E1,-1.074375057E1,-2.225625038E1
3.116766022E1,2.548125076E1,-7.931250095E0,-2.366250038E1
3.117766022E1,3.294375229E1,-9.937500000E0,-2.720625114E1
3.118766022E1,3.667500305E1,-8.456250191E0,-3.333750153E1
3.119766022E1,3.376875305E1,-7.237500191E0,-3.463125229E1
3.120766022E1,2.651250076E1,-7.387500286E0,-2.983125114E1
3.121766022E1,2.141250038E1,-8.643750191E0,-2.401875114E1
3.122766022E1,2.445000076E1,-8.925000191E0,-2.341875076E1
3.123766022E1,3.292500305E1,-7.275000095E0,-2.805000114E1
3.124766022E1,3.735000229E1,-8.718750000E0,-3.285000229E1
3.125766022E1,3.594375229E1,-6.150000095E0,-3.491250229E1
3.126766022E1,2.760000038E1,-6.525000095E0,-2.990625191E1
3.127766022E1,2.266875076E1,-8.250000000E0,-2.407500076E1
3.128766022E1,2.443125153E1,-8.025000572E0,-2.505000114E1
3.129766022E1,3.238125229E1,-7.275000095E0,-2.696250153E1
3.130766022E1,3.868125153E1,-8.475000381E0,-3.273750305E1
3.131766022E1,3.498750305E1,-7.800000191E0,-3.523125076E1
3.132766022E1,2.910000038E1,-7.593750477E0,-3.140625191E1
3.133766022E1,2.330625153E1,-7.762500286E0,-2.458125114E1
3.134766022E1,2.445000076E1,-7.987500191E0,-2.396250153E1
3.135766022E1,3.226875305E1,-9.675000191E0,-2.754375076E1
3.136766022E1,3.793125153E1,-7.425000191E0,-3.328125000E1
3.137766022E1,3.718125153E1,-8.175000191E0,-3.616875076E1
3.138766022E1,2.900625038E1,-8.400000572E0,-3.243750000E1
3.139766022E1,2.375625038E1,-9.187500000E0,-2.619375038E1
3.140766022E1,2.465625191E1,-8.925000191E0,-2.403750038E1
3.141766022E1,3.065625191E1,-9.243750572E0,-2.566875076E1
3.142766022E1,3.571875000E1,-1.040625000E1,-3.346875000E1
3.143766022E1,3.551250076E1,-7.593750477E0,-3.463125229E1
3.144766022E1,3.009375191E1,-7.537500381E0,-3.221250153E1
3.145766022E1,2.360625076E1,-8.718750000E0,-2.576250076E1
3.146766022E1,2.259375000E1,-1.123125076E1,-2.240625000E1
3.147766022E1,3.018750191E1,-1.051875019E1,-2.523750114E1
3.148766022E1,3.506250000E1,-9.487500191E0,-3.337500000E1
3.149766022E1,3.461250305E1,-9.731250763E0,-3.538125229E1
3.150766022E1,2.990625191E1,-7.837500095E0,-3.076875114E1
3.151766022E1,2.311875153E1,-9.093750000E0,-2.666250038E1
3.152766022E1,2.242500114E1,-1.138125038E1,-2.223750114E1
3.153766022E1,3.054375076E1,-8.625000000E0,-2.602500153E1
3.154766022E1,3.510000229E1,-9.131250381E0,-3.168750191E1
3.155766022E1,3.585000229E1,-9.131250381E0,-3.358125305E1
3.156766022E1,3.018750191E1,-8.812500000E0,-3.241875076E1
3.157766022E1,2.400000000E1,-1.031250000E1,-2.720625114E1
3.158766022E1,2.525625038E1,-8.531250000E0,-2.251875114E1
3.159766022E1,2.758125114E1,-1.005000019E1,-2.493750191E1
3.160766022E1,3.459375000E1,-1.046250057E1,-3.313125229E1
3.161766022E1,3.414375305E1,-9.862500191E0,-3.301875305E1
3.162766022E1,2.955000114E1,-7.556250095E0,-3.142500114E1
3.163766022E1,2.321250153E1,-7.631250381E0,-2.583750153E1
3.164766022E1,2.182500076E1,-9.693750381E0,-2.283750153E1
3.165766022E1,2.688750076E1,-1.040625000E1,-2.490000153E1
3.166766022E1,3.390000153E1,-1.057500076E1,-2.998125076E1
3.167766022E1,3.487500000E1,-8.737500191E0,-3.453750229E1
3.168766022E1,2.895000076E1,-9.806250572E0,-3.106875038E1
3.169766022E1,2.248125076E1,-7.837500095E0,-2.566875076E1
3.170766022E1,2.280000114E1,-1.010625076E1,-2.220000076E1
3.171766022E1,2.656875038E1,-8.850000381E0,-2.563125038E1
3.172766022E1,3.399375153E1,-9.993750572E0,-3.159375191E1
3.173766022E1,3.296250153E1,-9.750000000E0,-3.238125229E1
3.174766022E1,2.885625076E1,-8.325000763E0,-2.868750191E1
3.175766022E1,2.246250153E1,-9.412500381E0,-2.553750038E1
3.176766022E1,2.152500153E1,-9.581250191E0,-2.347500038E1
3.177766022E1,2.765625191E1,-8.925000191E0,-2.503125191E1
3.178766022E1,3.247500229E1,-9.600000381E0,-3.144375038E1
3.179766022E1,3.534375000E1,-8.175000191E0,-3.193125153E1
3.180766022E1,3.011250114E1,-7.518750191E0,-3.142500114E1
3.181766022E1,2.310000038E1,-8.287500381E0,-2.595000076E1
3.182766022E1,2.349375153E1,-9.112500191E0,-2.197500038E1
3.183766022E1,2.568750191E1,-1.031250000E1,-2.520000076E1
3.184766022E1,3.363750076E1,-1.044375038E1,-2.968125153E1
3.185766022E1,3.403125000E1,-9.262500763E0,-3.401250076E1
3.186766022E1,3.043125153E1,-7.537500381E0,-3.253125000E1
3.187766022E1,2.435625076E1,-8.512500763E0,-2.533125114E1
3.188766022E1,2.242500114E1,-9.243750572E0,-2.460000038E1
3.189766022E1,2.645625114E1,-1.008750057E1,-2.428125191E1
3.190766022E1,3.273750305E1,-9.525000572E0,-2.926875114E1
3.191766022E1,3.521250153E1,-7.275000095E0,-3.341250229E1
3.192766022E1,3.078750038E1,-8.437500000E0,-3.151875114E1
3.193766022E1,2.454375076E1,-9.468750000E0,-2.649375153E1
3.194766022E1,2.338125038E1,-9.412500381E0,-2.163750076E1
3.195766022E1,2.801250076E1,-9.825000763E0,-2.340000153E1
3.196766022E1,3.180000114E1,-9.093750000E0,-2.881875038E1
3.197766022E1,3.493125153E1,-7.837500095E0,-2.975625038E1
3.198766022E1,3.039375114E1,-8.306250572E0,-3.136875153E1
3.199766022E1,2.448750114E1,-9.318750381E0,-2.634375191E1
3.200766022E1,2.223750114E1,-1.035000038E1,-2.450625038E1
3.201766022E1,2.818125153E1,-8.737500191E0,-2.490000153E1
3.202766022E1,3.465000153E1,-7.668750286E0,-2.930625153E1
3.203766022E1,3.540000153E1,-9.468750000E0,-3.337500000E1
3.204766022E1,3.176250076E1,-6.975000381E0,-3.196875191E1
3.205766022E1,2.664375114E1,-8.287500381E0,-2.818125153E1
3.206766022E1,2.452500153E1,-9.262500763E0,-2.448750114E1
3.207766022E1,2.868750191E1,-9.393750191E0,-2.718750191E1
3.208766022E1,3.386250305E1,-8.868750572E0,-3.060000038E1
3.209766022E1,3.461250305E1,-9.487500191E0,-3.226875305E1
3.210766022E1,3.228750229E1,-7.406250477E0,-3.148125076E1
3.211766022E1,2.677500153E1,-8.568750381E0,-2.692500114E1
3.212766022E1,2.383125114E1,-9.337500572E0,-2.555625153E1
3.213766022E1,2.893125153E1,-9.356250763E0,-2.595000076E1
3.214766022E1,3.337500000E1,-1.057500076E1,-2.810625076E1
3.215766022E1,3.618750000E1,-7.893750191E0,-3.510000229E1
3.216766022E1,3.058125114E1,-8.325000763E0,-3.277500153E1
3.217766022E1,2.677500153E1,-8.175000191E0,-3.022500038E1
3.218766022E1,2.497500038E1,-9.881250381E0,-2.460000038E1
3.219766022E1,2.820000076E1,-8.925000191E0,-2.628750038E1
3.220766022E1,3.309375000E1,-8.887500763E0,-2.979375076E1
3.221766022E1,3.601875305E1,-8.043750763E0,-3.444375229E1
3.222766022E1,3.204375076E1,-7.425000191E0,-3.225000000E1
3.223766022E1,2.681250191E1,-8.118750572E0,-2.836875153E1
3.224766022E1,2.602500153E1,-8.831250191E0,-2.375625038E1
3.225766022E1,2.850000191E1,-8.118750572E0,-2.589375114E1
3.226766022E1,3.255000305E1,-1.188750076E1,-2.814375114E1
3.227766022E1,3.605625153E1,-8.006250381E0,-3.335625076E1
3.228766022E1,3.247500229E1,-6.806250095E0,-3.371250153E1
3.229766022E1,2.565000153E1,-9.450000763E0,-2.838750076E1
3.230766022E1,2.385000038E1,-1.023750019E1,-2.345625114E1
3.231766022E1,2.726250076E1,-1.087500000E1,-2.610000038E1
3.232766022E1,3.294375229E1,-1.171875000E1,-2.910000038E1
3.233766022E1,3.506250000E1,-8.550000191E0,-3.361875153E1
3.234766022E1,3.187500191E1,-1.029375076E1,-3.217500305E1
3.235766022E1,2.553750038E1,-9.356250763E0,-3.073125076E1
3.236766022E1,2.431875038E1,-9.262500763E0,-2.400000000E1
3.237766022E1,2.645625114E1,-1.185000038E1,-2.506875038E1
3.238766022E1,3.097500038E1,-1.218750095E1,-3.011250114E1
3.239766022E1,3.346875000E1,-9.262500763E0,-3.320625305E1
3.240766022E1,3.142500114E1,-9.056250572E0,-3.273750305E1
3.241766022E1,2.368125153E1,-1.040625000E1,-2.358750153E1
3.242766022E1,2.368125153E1,-1.040625000E1,-2.358750153E1
3.243766022E1,2.561250114E1,-1.020000076E1,-2.675625038E1
3.244766022E1,3.448125076E1,-9.843750000E0,-3.365625000E1
3.245766022E1,3.448125076E1,-9.843750000E0,-3.365625000E1
3.246766022E1,3.292500305E1,-9.806250572E0,-3.425625229E1
3.247766022E1,2.328750038E1,-1.016250038E1,-2.580000114E1
3.248766022E1,2.491875076E1,-1.033125019E1,-2.392500114E1
3.249766022E1,3.176250076E1,-9.750000000E0,-2.970000076E1
3.250766022E1,3.421875000E1,-9.993750572E0,-3.238125229E1
3.251766022E1,3.286875153E1,-7.875000477E0,-3.285000229E1
3.252766022E1,2.765625191E1,-8.231250763E0,-2.883750153E1
3.253766022E1,2.328750038E1,-1.110000038E1,-2.555625153E1
3.254766022E1,2.610000038E1,-1.076250076E1,-2.469375038E1
3.255766022E1,3.178125191E1,-9.731250763E0,-2.908125114E1
3.256766022E1,3.474375153E1,-9.993750572E0,-3.395625305E1
3.257766022E1,3.185625076E1,-9.375000000E0,-3.395625305E1
3.258766022E1,2.741250038E1,-1.095000076E1,-2.938125038E1
3.259766022E1,2.531250191E1,-8.306250572E0,-2.628750038E1
3.260766022E1,2.673750114E1,-9.300000191E0,-2.467500114E1
3.261766022E1,3.088125038E1,-1.061250019E1,-3.009375191E1
3.262766022E1,3.453750229E1,-8.756250381E0,-3.451875305E1
3.263766022E1,3.335625076E1,-8.343750000E0,-3.375000000E1
3.264766022E1,2.801250076E1,-9.356250763E0,-3.000000191E1
3.265766022E1,2.551875114E1,-9.862500191E0,-2.538750076E1
3.266766022E1,2.600625038E1,-9.487500191E0,-2.401875114E1
3.267766022E1,3.135000038E1,-9.112500191E0,-2.850000191E1
3.268766022E1,3.399375153E1,-1.155000019E1,-3.069375038E1
3.269766022E1,3.215625000E1,-8.887500763E0,-3.369375229E1
3.270766022E1,2.730000114E1,-7.331250191E0,-2.985000038E1
3.271766022E1,2.491875076E1,-8.156250000E0,-2.566875076E1
3.272766022E1,2.431875038E1,-9.243750572E0,-2.338125038E1
3.273766022E1,2.936250114E1,-8.850000381E0,-2.553750038E1
3.274766022E1,3.292500305E1,-8.643750191E0,-3.215625000E1
3.275766022E1,2.992500114E1,-1.102500057E1,-3.191250038E1
3.276766022E1,2.641875076E1,-7.668750286E0,-2.870625114E1
3.277766022E1,2.300625038E1,-9.168750763E0,-2.353125000E1
3.278766022E1,2.443125153E1,-8.943750381E0,-2.371875000E1
3.279766022E1,2.913750076E1,-8.231250763E0,-2.572500038E1
3.280766022E1,3.225000000E1,-1.021875000E1,-3.030000114E1
3.281766022E1,3.219375229E1,-7.068750381E0,-3.071250153E1
3.282766022E1,2.681250191E1,-8.100000381E0,-2.790000153E1
3.283766022E1,2.422500038E1,-9.150000572E0,-2.574375153E1
3.284766022E1,2.488125038E1,-8.925000191E0,-2.403750038E1
3.285766022E1,2.701875114E1,-8.831250191E0,-2.565000153E1
3.286766022E1,3.376875305E1,-8.231250763E0,-3.048750114E1
3.287766022E1,3.135000038E1,-8.100000381E0,-3.234375000E1
3.288766022E1,2.754375076E1,-7.931250095E0,-2.853750038E1
3.289766022E1,2.461875153E1,-8.981250763E0,-2.591250038E1
3.290766022E1,2.418750191E1,-8.962500572E0,-2.450625038E1
3.291766022E1,2.846250153E1,-1.065000057E1,-2.630625153E1
3.292766022E1,3.285000229E1,-8.906250000E0,-2.979375076E1
3.293766022E1,3.318750000E1,-8.287500381E0,-3.125625038E1
3.294766022E1,2.799375153E1,-7.612500191E0,-2.951250076E1
3.295766022E1,2.525625038E1,-9.075000763E0,-2.497500038E1
3.296766022E1,2.625000191E1,-7.912500381E0,-2.508750153E1
3.297766022E1,2.915625191E1,-9.975000381E0,-2.621250153E1
3.298766022E1,3.298125076E1,-9.487500191E0,-2.850000191E1
3.299766022E1,3.285000229E1,-7.368750095E0,-3.148125076E1
3.300766022E1,2.917500114E1,-9.243750572E0,-2.814375114E1
3.301766022E1,2.518125153E1,-8.962500572E0,-2.670000076E1
3.302766022E1,2.493750191E1,-9.375000000E0,-2.353125000E1
3.303766022E1,2.823750114E1,-1.036875057E1,-2.647500038E1
3.304766022E1,3.191250038E1,-9.618750572E0,-3.112500191E1
3.305766022E1,3.198750114E1,-9.956250191E0,-3.219375229E1
3.306766022E1,2.893125153E1,-8.043750763E0,-3.028125191E1
3.307766022E1,2.409375191E1,-9.262500763E0,-2.370000076E1
3.308766022E1,2.371875000E1,-9.956250191E0,-2.456250191E1
3.309766022E1,2.705625153E1,-1.048125076E1,-2.833125114E1
3.310766022E1,3.120000076E1,-1.070625019E1,-2.836875153E1
3.311766022E1,3.288750076E1,-6.918750286E0,-3.277500153E1
3.312766022E1,2.756250191E1,-9.056250572E0,-2.955000114E1
3.313766022E1,2.520000076E1,-8.925000191E0,-2.529375076E1
3.314766022E1,2.392500114E1,-1.087500000E1,-2.433750153E1
3.315766022E1,2.795625114E1,-9.881250381E0,-2.589375114E1
3.316766022E1,2.915625191E1,-1.021875000E1,-2.900625038E1
3.317766022E1,2.998125076E1,-9.731250763E0,-3.061875153E1
3.318766022E1,2.728125191E1,-9.825000763E0,-2.838750076E1
3.319766022E1,2.394375038E1,-8.475000381E0,-2.296875000E1
3.320766022E1,2.319375038E1,-9.918750763E0,-2.190000153E1
3.321766022E1,2.572500038E1,-1.089375019E1,-2.295000076E1
3.322766022E1,2.898750114E1,-1.066875076E1,-2.771250153E1
3.323766022E1,3.020625114E1,-9.168750763E0,-2.816250038E1
3.324766022E1,2.628750038E1,-8.306250572E0,-2.850000191E1
3.325766022E1,2.263125038E1,-9.637500763E0,-2.223750114E1
3.326766022E1,2.326875114E1,-9.112500191E0,-2.197500038E1
3.327766022E1,2.538750076E1,-9.375000000E0,-2.433750153E1
3.328766022E1,2.923125076E1,-7.931250095E0,-2.653125191E1
3.329766022E1,2.960625076E1,-8.325000763E0,-3.088125038E1
3.330766022E1,2.681250191E1,-9.037500381E0,-2.735625076E1
3.331766022E1,2.242500114E1,-9.225000381E0,-2.430000114E1
3.332766022E1,2.214375114E1,-9.168750763E0,-2.131875038E1
3.333766022E1,2.467500114E1,-9.525000572E0,-2.259375000E1
3.334766022E1,2.896875191E1,-1.016250038E1,-2.666250038E1
3.335766022E1,2.870625114E1,-8.981250763E0,-2.956875038E1
3.336766022E1,2.756250191E1,-8.831250191E0,-2.722500038E1
3.337766022E1,2.469375038E1,-7.631250381E0,-2.306250000E1
3.338766022E1,2.313750076E1,-9.243750572E0,-2.040000153E1
3.339766022E1,2.458125114E1,-7.331250191E0,-2.308125114E1
3.340766022E1,2.861250114E1,-9.262500763E0,-2.814375114E1
3.341766022E1,2.910000038E1,-8.812500000E0,-2.973750114E1
3.342766022E1,2.776875114E1,-7.593750477E0,-2.872500038E1
3.343766022E1,2.448750114E1,-9.093750000E0,-2.355000114E1
3.344766022E1,2.283750153E1,-8.718750000E0,-2.386875153E1
3.345766022E1,2.576250076E1,-8.062500000E0,-2.381250000E1
3.346766022E1,2.881875038E1,-9.300000191E0,-2.955000114E1
3.347766022E1,3.125625038E1,-7.462500095E0,-3.176250076E1
3.348766022E1,2.838750076E1,-8.062500000E0,-2.949375153E1
3.349766022E1,2.505000114E1,-8.456250191E0,-2.486250114E1
3.350766022E1,2.401875114E1,-9.131250381E0,-2.431875038E1
3.351766022E1,2.553750038E1,-9.843750000E0,-2.491875076E1
3.352766022E1,2.921250153E1,-9.412500381E0,-2.908125114E1
3.353766022E1,3.105000114E1,-7.987500191E0,-3.281250000E1
3.354766022E1,2.806875038E1,-8.868750572E0,-2.971875191E1
3.355766022E1,2.503125191E1,-9.093750000E0,-2.544375038E1
3.356766022E1,2.332500076E1,-9.506250381E0,-2.491875076E1
3.357766022E1,2.529375076E1,-9.262500763E0,-2.589375114E1
3.358766022E1,3.043125153E1,-8.231250763E0,-2.919375038E1
3.359766022E1,3.195000076E1,-6.487500191E0,-3.202500153E1
3.360766022E1,2.955000114E1,-8.175000191E0,-3.043125153E1
3.361766022E1,2.535000038E1,-8.475000381E0,-2.643750191E1
3.362766022E1,2.308125114E1,-9.300000191E0,-2.257500076E1
3.363766022E1,2.525625038E1,-1.031250000E1,-2.394375038E1
3.364766022E1,2.805000114E1,-8.381250381E0,-2.913750076E1
3.365766022E1,3.105000114E1,-8.906250000E0,-3.226875305E1
3.366766022E1,2.885625076E1,-8.850000381E0,-3.082500076E1
3.367766022E1,2.548125076E1,-9.075000763E0,-2.576250076E1
3.368766022E1,2.422500038E1,-7.987500191E0,-2.364375114E1
3.369766022E1,2.439375114E1,-9.600000381E0,-2.523750114E1
3.370766022E1,2.756250191E1,-1.029375076E1,-2.820000076E1
3.371766022E1,3.016875076E1,-9.225000381E0,-3.003750038E1
3.372766022E1,2.788125038E1,-9.056250572E0,-3.063750076E1
3.373766022E1,2.574375153E1,-8.100000381E0,-2.490000153E1
3.374766022E1,2.216250038E1,-9.675000191E0,-2.283750153E1
3.375766022E1,2.463750076E1,-8.643750191E0,-2.499375153E1
3.376766022E1,2.698125076E1,-1.033125019E1,-2.896875191E1
3.377766022E1,3.041250038E1,-8.493750572E0,-3.260625076E1
3.378766022E1,2.857500076E1,-9.862500191E0,-3.245625305E1
3.379766022E1,2.529375076E1,-7.725000381E0,-2.758125114E1
3.380766022E1,2.272500038E1,-1.040625000E1,-2.795625114E1
3.381766022E1,2.420625114E1,-9.562500000E0,-2.289375114E1
3.382766022E1,2.720625114E1,-9.168750763E0,-2.718750191E1
3.383766022E1,3.065625191E1,-7.537500381E0,-3.285000229E1
3.384766022E1,2.842500114E1,-8.231250763E0,-3.041250038E1
3.385766022E1,2.705625153E1,-8.081250191E0,-2.758125114E1
3.386766022E1,2.287500000E1,-1.044375038E1,-2.356875038E1
3.387766022E1,2.439375114E1,-9.918750763E0,-2.490000153E1
3.388766022E1,2.741250038E1,-8.268750191E0,-2.960625076E1
3.389766022E1,2.859375191E1,-9.843750000E0,-3.168750191E1
3.390766022E1,2.863125038E1,-8.868750572E0,-3.082500076E1
3.391766022E1,2.557500076E1,-7.537500381E0,-2.745000076E1
3.392766022E1,2.287500000E1,-1.005000019E1,-2.641875076E1
3.393766022E1,2.574375153E1,-9.543750763E0,-2.587500191E1
3.394766022E1,2.645625114E1,-9.600000381E0,-3.011250114E1
3.395766022E1,3.067500114E1,-9.262500763E0,-3.301875305E1
3.396766022E1,2.865000153E1,-9.056250572E0,-3.253125000E1
3.397766022E1,2.765625191E1,-8.231250763E0,-2.883750153E1
3.398766022E1,2.409375191E1,-8.343750000E0,-2.471250153E1
3.399766022E1,2.491875076E1,-1.055625057E1,-2.671875191E1
3.400766022E1,2.656875038E1,-1.085625076E1,-2.953125191E1
3.401766022E1,3.054375076E1,-9.712500572E0,-3.140625191E1
3.402766022E1,2.956875038E1,-9.300000191E0,-3.174375153E1
3.403766022E1,2.797500038E1,-9.168750763E0,-2.861250114E1
3.404766022E1,2.341875076E1,-9.206250191E0,-2.572500038E1
3.405766022E1,2.445000076E1,-1.061250019E1,-2.718750191E1
3.406766022E1,2.784375191E1,-9.506250381E0,-2.904375076E1
3.407766022E1,2.896875191E1,-1.091250038E1,-3.159375191E1
3.408766022E1,3.114375114E1,-5.925000191E0,-3.330000305E1
3.409766022E1,2.692500114E1,-9.956250191E0,-2.634375191E1
3.410766022E1,2.394375038E1,-9.018750191E0,-2.559375191E1
3.411766022E1,2.280000114E1,-1.031250000E1,-2.452500153E1
3.412766022E1,2.600625038E1,-1.033125019E1,-2.628750038E1
3.413766022E1,3.000000191E1,-8.156250000E0,-3.121875191E1
3.414766022E1,3.016875076E1,-9.243750572E0,-3.065625191E1
3.415766022E1,2.795625114E1,-7.425000191E0,-2.827500153E1
3.416766022E1,2.385000038E1,-9.300000191E0,-2.446875191E1
3.417766022E1,2.351250076E1,-1.110000038E1,-2.555625153E1
3.418766022E1,2.737500191E1,-1.078125000E1,-2.893125153E1
3.419766022E1,3.030000114E1,-9.750000000E0,-3.219375229E1
3.420766022E1,3.018750191E1,-8.493750572E0,-3.260625076E1
3.421766022E1,2.718750191E1,-7.968750477E0,-2.932500076E1
3.422766022E1,2.416875076E1,-9.937500000E0,-2.488125038E1
3.423766022E1,2.426250076E1,-1.149375057E1,-2.460000038E1
3.424766022E1,2.671875191E1,-8.925000191E0,-2.908125114E1
3.425766022E1,2.977500153E1,-9.393750191E0,-2.970000076E1
3.426766022E1,3.005625153E1,-7.368750095E0,-3.159375191E1
3.427766022E1,2.814375114E1,-1.023750019E1,-2.773125076E1
3.428766022E1,2.551875114E1,-9.543750763E0,-2.557500076E1
3.429766022E1,2.458125114E1,-7.556250095E0,-2.587500191E1
3.430766022E1,2.649375153E1,-9.881250381E0,-2.868750191E1
3.431766022E1,2.913750076E1,-9.300000191E0,-3.063750076E1
3.432766022E1,3.016875076E1,-1.006875038E1,-3.215625000E1
3.433766022E1,2.345625114E1,-9.150000572E0,-2.385000038E1
3.434766022E1,2.345625114E1,-9.150000572E0,-2.385000038E1
3.435766022E1,2.330625153E1,-9.525000572E0,-2.536875153E1
3.436766022E1,2.930625153E1,-9.131250381E0,-3.082500076E1
3.437766022E1,2.921250153E1,-8.193750381E0,-3.073125076E1
3.438766022E1,2.818125153E1,-8.962500572E0,-2.737500191E1
3.439766022E1,2.338125038E1,-9.037500381E0,-2.557500076E1
3.440766022E1,2.278125000E1,-8.587500572E0,-2.450625038E1
3.441766022E1,2.478750038E1,-1.027500057E1,-2.752500153E1
3.442766022E1,2.891250038E1,-8.081250191E0,-3.168750191E1
3.443766022E1,2.996250153E1,-9.431250572E0,-3.157500076E1
3.444766022E1,2.758125114E1,-8.100000381E0,-2.947500038E1
3.445766022E1,2.323125076E1,-9.187500000E0,-2.431875038E1
3.446766022E1,2.265000153E1,-1.046250057E1,-2.356875038E1
3.447766022E1,2.471250153E1,-8.381250381E0,-2.737500191E1
3.448766022E1,2.720625114E1,-1.117500019E1,-3.138750076E1
3.449766022E1,3.101250076E1,-7.181250095E0,-3.225000000E1
3.450766022E1,2.874375153E1,-7.612500191E0,-3.172500038E1
3.451766022E1,2.540625191E1,-7.181250095E0,-2.514375114E1
3.452766022E1,2.347500038E1,-9.975000381E0,-2.488125038E1
3.453766022E1,2.431875038E1,-1.001250076E1,-2.833125114E1
3.454766022E1,2.861250114E1,-9.487500191E0,-3.046875191E1
3.455766022E1,3.060000038E1,-7.387500286E0,-3.348750305E1
3.456766022E1,2.827500153E1,-8.887500763E0,-3.082500076E1
3.457766022E1,2.565000153E1,-8.606250763E0,-2.580000114E1
3.458766022E1,2.218125153E1,-1.020000076E1,-2.467500114E1
3.459766022E1,2.452500153E1,-9.506250381E0,-2.758125114E1
3.460766022E1,2.724375153E1,-9.881250381E0,-3.056250191E1
3.461766022E1,3.093750191E1,-8.287500381E0,-3.247500229E1
3.462766022E1,2.981250191E1,-8.325000763E0,-3.136875153E1
3.463766022E1,2.506875038E1,-9.262500763E0,-2.557500076E1
3.464766022E1,2.326875114E1,-9.356250763E0,-2.523750114E1
3.465766022E1,2.458125114E1,-1.027500057E1,-2.720625114E1
3.466766022E1,2.756250191E1,-9.056250572E0,-2.955000114E1
3.467766022E1,3.200625229E1,-7.237500191E0,-3.086250114E1
3.468766022E1,3.108750153E1,-8.325000763E0,-2.746875191E1
3.469766022E1,2.716875076E1,-9.018750191E0,-2.688750076E1
3.470766022E1,2.467500114E1,-7.968750477E0,-2.396250153E1
3.471766022E1,2.416875076E1,-1.016250038E1,-2.767500114E1
3.472766022E1,2.788125038E1,-9.056250572E0,-3.063750076E1
3.473766022E1,2.973750114E1,-1.121250057E1,-3.283125305E1
3.474766022E1,2.926875114E1,-1.134375000E1,-3.031875038E1
3.475766022E1,2.598750114E1,-8.887500763E0,-2.563125038E1
3.476766022E1,2.210625076E1,-1.098750019E1,-2.430000114E1
3.477766022E1,2.296875000E1,-1.016250038E1,-2.516250038E1
3.478766022E1,2.683125114E1,-1.048125076E1,-2.801250076E1
3.479766022E1,3.090000153E1,-8.118750572E0,-3.185625076E1
3.480766022E1,2.885625076E1,-9.468750000E0,-3.015000153E1
3.481766022E1,2.578125191E1,-9.112500191E0,-2.731875038E1
3.482766022E1,2.360625076E1,-8.475000381E0,-2.265000153E1
3.483766022E1,2.295000076E1,-9.637500763E0,-2.332500076E1
3.484766022E1,2.752500153E1,-8.887500763E0,-2.908125114E1
3.485766022E1,2.988750076E1,-7.856250286E0,-3.123750114E1
3.486766022E1,2.971875191E1,-8.006250381E0,-3.060000038E1
3.487766022E1,2.563125038E1,-7.706250191E0,-2.790000153E1
3.488766022E1,2.467500114E1,-7.668750286E0,-2.461875153E1
3.489766022E1,2.302500153E1,-9.618750572E0,-2.833125114E1
3.490766022E1,2.701875114E1,-1.051875019E1,-2.988750076E1
3.491766022E1,3.114375114E1,-8.081250191E0,-3.076875114E1
3.492766022E1,3.105000114E1,-7.143750191E0,-3.069375038E1
3.493766022E1,2.801250076E1,-7.350000381E0,-2.595000076E1
3.494766022E1,2.242500114E1,-9.243750572E0,-2.460000038E1
3.495766022E1,2.409375191E1,-7.106250286E0,-2.544375038E1
3.496766022E1,2.715000153E1,-9.243750572E0,-3.015000153E1
3.497766022E1,3.097500038E1,-8.793750763E0,-3.352500153E1
3.498766022E1,3.060000038E1,-9.843750000E0,-3.076875114E1
3.499766022E1,2.758125114E1,-8.493750572E0,-2.630625153E1
3.500766022E1,2.283750153E1,-8.737500191E0,-2.433750153E1
3.501766022E1,2.347500038E1,-9.975000381E0,-2.488125038E1
3.502766022E1,2.557500076E1,-1.025625038E1,-2.863125038E1
3.503766022E1,2.885625076E1,-1.029375076E1,-3.196875191E1
3.504766022E1,3.234375000E1,-6.937500477E0,-3.198750114E1
3.505766022E1,2.677500153E1,-9.075000763E0,-2.874375153E1
3.506766022E1,2.371875000E1,-9.018750191E0,-2.527500153E1
3.507766022E1,2.250000000E1,-9.581250191E0,-2.613750076E1
3.508766022E1,2.602500153E1,-9.281250000E0,-2.902500153E1
3.509766022E1,3.067500114E1,-7.518750191E0,-3.223125076E1
3.510766022E1,3.005625153E1,-9.150000572E0,-3.270000076E1
3.511766022E1,2.780625153E1,-7.556250095E0,-2.733750153E1
3.512766022E1,2.315625000E1,-7.500000477E0,-2.647500038E1
3.513766022E1,2.176875114E1,-1.006875038E1,-2.484375191E1
3.514766022E1,2.581875038E1,-8.043750763E0,-2.960625076E1
3.515766022E1,2.934375191E1,-7.143750191E0,-3.316875076E1
3.516766022E1,3.187500191E1,-8.118750572E0,-3.421875000E1
3.517766022E1,2.750625038E1,-8.381250381E0,-2.756250191E1
3.518766022E1,2.321250153E1,-7.650000095E0,-2.630625153E1
3.519766022E1,2.154375076E1,-8.531250000E0,-2.621250153E1
3.520766022E1,2.386875153E1,-9.112500191E0,-2.964375114E1
3.521766022E1,3.178125191E1,-8.718750000E0,-3.245625305E1
3.522766022E1,3.065625191E1,-9.075000763E0,-3.163125038E1
3.523766022E1,2.773125076E1,-8.362500191E0,-2.788125038E1
3.524766022E1,2.244375038E1,-1.098750019E1,-2.508750153E1
3.525766022E1,2.253750038E1,-9.543750763E0,-2.458125114E1
3.526766022E1,2.544375038E1,-1.059375000E1,-2.938125038E1
3.527766022E1,2.778750038E1,-9.900000572E0,-3.245625305E1
3.528766022E1,2.975625038E1,-1.036875057E1,-3.024375153E1
3.529766022E1,2.767500114E1,-8.212500572E0,-2.775000191E1
3.530766022E1,2.259375000E1,-8.756250381E0,-2.495625114E1
3.531766022E1,1.961250114E1,-9.262500763E0,-2.550000191E1
3.532766022E1,2.409375191E1,-1.096875000E1,-2.808750153E1
3.533766022E1,2.938125038E1,-8.025000572E0,-3.091875076E1
3.534766022E1,2.979375076E1,-8.362500191E0,-3.275625229E1
3.535766022E1,2.812500191E1,-9.412500381E0,-2.640000153E1
3.536766022E1,2.229375076E1,-1.134375000E1,-2.615625191E1
3.537766022E1,1.978125000E1,-1.033125019E1,-2.431875038E1
3.538766022E1,2.424375153E1,-1.111875057E1,-2.853750038E1
3.539766022E1,2.923125076E1,-8.381250381E0,-3.211875153E1
3.540766022E1,3.142500114E1,-1.061250019E1,-3.150000191E1
3.541766022E1,2.870625114E1,-9.900000572E0,-2.823750114E1
3.542766022E1,2.255625153E1,-1.128750038E1,-2.460000038E1
3.543766022E1,1.995000076E1,-1.080000019E1,-2.443125153E1
3.544766022E1,2.319375038E1,-1.215000057E1,-2.874375153E1
3.545766022E1,3.050625038E1,-1.068750000E1,-3.195000076E1
3.546766022E1,3.054375076E1,-9.393750191E0,-3.159375191E1
3.547766022E1,2.829375076E1,-7.087500095E0,-2.893125153E1
3.548766022E1,2.212500000E1,-1.005000019E1,-2.484375191E1
3.549766022E1,1.948125076E1,-1.209375095E1,-2.401875114E1
3.550766022E1,2.216250038E1,-1.198125076E1,-2.625000191E1
3.551766022E1,2.908125114E1,-9.375000000E0,-3.360000229E1
3.552766022E1,3.155625153E1,-9.356250763E0,-3.208125305E1
3.553766022E1,2.722500038E1,-9.375000000E0,-2.872500038E1
3.554766022E1,2.158125114E1,-9.337500572E0,-2.645625114E1
3.555766022E1,1.878750038E1,-1.151250076E1,-2.452500153E1
3.556766022E1,2.191875076E1,-9.637500763E0,-2.675625038E1
3.557766022E1,2.816250038E1,-9.206250191E0,-3.078750038E1
3.558766022E1,3.148125076E1,-9.000000000E0,-3.054375076E1
3.559766022E1,2.760000038E1,-8.081250191E0,-2.868750191E1
3.560766022E1,2.176875114E1,-9.131250381E0,-2.553750038E1
3.561766022E1,1.995000076E1,-1.016250038E1,-2.448750114E1
3.562766022E1,2.315625000E1,-9.262500763E0,-2.758125114E1
3.563766022E1,2.835000038E1,-1.080000019E1,-3.144375038E1
3.564766022E1,3.007500076E1,-9.131250381E0,-3.240000153E1
3.565766022E1,2.677500153E1,-9.075000763E0,-2.874375153E1
3.566766022E1,2.285625076E1,-8.700000763E0,-2.310000038E1
3.567766022E1,1.938750076E1,-8.418750763E0,-2.291250038E1
3.568766022E1,2.227500153E1,-1.012500000E1,-2.827500153E1
3.569766022E1,2.782500076E1,-8.925000191E0,-3.127500153E1
3.570766022E1,3.133125114E1,-9.656250000E0,-3.112500191E1
3.571766022E1,2.919375038E1,-7.050000191E0,-2.941875076E1
3.572766022E1,2.281875038E1,-9.075000763E0,-2.525625038E1
3.573766022E1,2.026875114E1,-9.356250763E0,-2.424375153E1
3.574766022E1,2.173125076E1,-9.187500000E0,-2.741250038E1
3.575766022E1,2.709375191E1,-9.112500191E0,-3.061875153E1
3.576766022E1,3.165000153E1,-9.075000763E0,-3.350625229E1
3.577766022E1,2.806875038E1,-8.568750381E0,-3.005625153E1
3.578766022E1,2.351250076E1,-8.381250381E0,-2.469375038E1
3.579766022E1,1.965000153E1,-9.225000381E0,-2.394375038E1
3.580766022E1,2.188125038E1,-1.123125076E1,-2.709375191E1
3.581766022E1,3.097500038E1,-7.856250286E0,-3.376875305E1
3.582766022E1,3.406875229E1,-7.950000286E0,-3.240000153E1
3.583766022E1,3.120000076E1,-8.231250763E0,-3.091875076E1
3.584766022E1,2.358750153E1,-7.800000191E0,-2.724375153E1
3.585766022E1,2.120625114E1,-7.387500286E0,-2.396250153E1
3.586766022E1,2.454375076E1,-7.631250381E0,-2.851875114E1
3.587766022E1,3.108750153E1,-9.093750000E0,-3.318750000E1
3.588766022E1,3.403125000E1,-8.006250381E0,-3.457500076E1
3.589766022E1,3.157500076E1,-8.381250381E0,-3.153750038E1
3.590766022E1,2.476875114E1,-1.008750057E1,-2.628750038E1
3.591766022E1,2.156250000E1,-7.593750477E0,-2.645625114E1
3.592766022E1,2.311875153E1,-1.057500076E1,-2.887500191E1
3.593766022E1,2.893125153E1,-7.050000191E0,-3.474375153E1
3.594766022E1,3.196875191E1,-8.456250191E0,-3.528750229E1
3.595766022E1,3.118125153E1,-6.093750477E0,-3.345000076E1
3.596766022E1,2.330625153E1,-6.431250095E0,-2.844375038E1
3.597766022E1,1.987500000E1,-9.431250572E0,-2.641875076E1
3.598766022E1,2.233125114E1,-8.493750572E0,-2.655000114E1
3.599766022E1,2.855625153E1,-9.337500572E0,-3.063750076E1
3.600766022E1,3.266250229E1,-9.637500763E0,-3.363750076E1
3.601766022E1,3.003750038E1,-8.962500572E0,-3.146250153E1
3.602766022E1,2.443125153E1,-8.643750191E0,-2.469375038E1
3.603766022E1,2.092500114E1,-8.193750381E0,-2.388750076E1
3.604766022E1,2.011875153E1,-1.147500038E1,-2.641875076E1
3.605766022E1,2.898750114E1,-8.418750763E0,-3.273750305E1
3.606766022E1,3.266250229E1,-9.862500191E0,-3.611250305E1
3.607766022E1,2.985000038E1,-7.912500381E0,-3.343125153E1
3.608766022E1,2.643750191E1,-5.475000381E0,-2.889375114E1
3.609766022E1,2.118750000E1,-7.425000191E0,-2.505000114E1
3.610766022E1,2.379375076E1,-9.375000000E0,-2.711250114E1
3.611766022E1,2.947500038E1,-7.425000191E0,-3.236250305E1
3.612766022E1,3.451875305E1,-7.237500191E0,-3.652500153E1
3.613766022E1,3.292500305E1,-7.087500095E0,-3.339375305E1
3.614766022E1,2.355000114E1,-7.875000477E0,-2.941875076E1
3.615766022E1,1.961250114E1,-8.962500572E0,-2.615625191E1
3.616766022E1,2.201250076E1,-9.356250763E0,-2.803125191E1
3.617766022E1,2.988750076E1,-8.475000381E0,-3.073125076E1
3.618766022E1,3.517500305E1,-8.868750572E0,-3.358125305E1
3.619766022E1,3.268125153E1,-9.300000191E0,-3.241875076E1
3.620766022E1,2.475000191E1,-1.012500000E1,-2.737500191E1
3.621766022E1,1.987500000E1,-8.906250000E0,-2.428125191E1
3.622766022E1,2.853750038E1,-9.375000000E0,-3.172500038E1
3.623766022E1,2.853750038E1,-9.375000000E0,-3.172500038E1
3.624766022E1,3.382500076E1,-9.131250381E0,-3.526875305E1
3.625766022E1,2.572500038E1,-8.943750381E0,-2.748750114E1
3.626766022E1,1.901250076E1,-1.035000038E1,-2.321250153E1
3.627766022E1,2.026875114E1,-9.581250191E0,-2.656875038E1
3.628766022E1,2.786250114E1,-1.179375076E1,-3.228750229E1
3.629766022E1,3.423750305E1,-8.643750191E0,-3.515625000E1
3.630766022E1,3.266250229E1,-7.856250286E0,-3.176250076E1
3.631766022E1,2.490000153E1,-8.193750381E0,-2.645625114E1
3.632766022E1,2.006250000E1,-8.718750000E0,-2.368125153E1
3.633766022E1,1.910625076E1,-9.450000763E0,-2.531250191E1
3.634766022E1,2.761875153E1,-9.825000763E0,-2.917500114E1
3.635766022E1,3.268125153E1,-8.081250191E0,-3.423750305E1
3.636766022E1,3.198750114E1,-9.956250191E0,-3.219375229E1
3.637766022E1,2.415000153E1,-8.718750000E0,-2.686875153E1
3.638766022E1,1.747500038E1,-1.029375076E1,-2.366250038E1
3.639766022E1,1.839375114E1,-1.044375038E1,-2.568750191E1
3.640766022E1,2.568750191E1,-1.140000057E1,-3.011250114E1
3.641766022E1,3.324375153E1,-8.043750763E0,-3.455625153E1
3.642766022E1,3.067500114E1,-9.262500763E0,-3.301875305E1
3.643766022E1,2.356875038E1,-8.156250000E0,-2.814375114E1
3.644766022E1,1.942500114E1,-9.225000381E0,-2.330625153E1
3.645766022E1,1.811250114E1,-1.091250038E1,-2.471250153E1
3.646766022E1,2.514375114E1,-1.046250057E1,-2.955000114E1
3.647766022E1,3.311250305E1,-7.143750191E0,-3.603750229E1
3.648766022E1,3.360000229E1,-7.687500477E0,-3.382500076E1
3.649766022E1,2.563125038E1,-8.625000000E0,-2.688750076E1
3.650766022E1,1.674375153E1,-1.100625038E1,-2.514375114E1
3.651766022E1,1.824375153E1,-1.059375000E1,-2.443125153E1
3.652766022E1,2.660625076E1,-9.468750000E0,-3.136875153E1
3.653766022E1,3.313125229E1,-1.012500000E1,-3.532500076E1
3.654766022E1,3.305625153E1,-8.231250763E0,-3.517500305E1
3.655766022E1,2.497500038E1,-8.550000191E0,-2.861250114E1
3.656766022E1,1.929375076E1,-9.562500000E0,-2.390625000E1
3.657766022E1,1.985625076E1,-9.225000381E0,-2.441250038E1
3.658766022E1,2.662500191E1,-9.450000763E0,-3.028125191E1
3.659766022E1,3.382500076E1,-8.231250763E0,-3.658125305E1
3.660766022E1,3.236250305E1,-8.887500763E0,-3.448125076E1
3.661766022E1,2.576250076E1,-7.368750095E0,-2.731875038E1
3.662766022E1,1.978125000E1,-9.712500572E0,-2.484375191E1
3.663766022E1,1.835625076E1,-1.029375076E1,-2.523750114E1
3.664766022E1,2.707500076E1,-1.006875038E1,-3.071250153E1
3.665766022E1,3.322500229E1,-8.062500000E0,-3.502500153E1
3.666766022E1,3.350625229E1,-7.050000191E0,-3.292500305E1
3.667766022E1,2.473125076E1,-8.568750381E0,-2.908125114E1
3.668766022E1,1.925625038E1,-7.837500095E0,-2.435625076E1
3.669766022E1,1.897500038E1,-1.040625000E1,-2.508750153E1
3.670766022E1,2.600625038E1,-9.337500572E0,-3.075000191E1
3.671766022E1,3.367500305E1,-8.662500381E0,-3.466875076E1
3.672766022E1,3.412500000E1,-7.181250095E0,-3.356250000E1
3.673766022E1,2.565000153E1,-7.987500191E0,-2.664375114E1
3.674766022E1,1.811250114E1,-1.091250038E1,-2.471250153E1
3.675766022E1,1.903125000E1,-1.055625057E1,-2.521875191E1
3.676766022E1,2.617500114E1,-8.231250763E0,-3.131250191E1
3.677766022E1,3.373125076E1,-7.275000095E0,-3.620625305E1
3.678766022E1,3.243750000E1,-7.256250381E0,-3.243750000E1
3.679766022E1,2.703750038E1,-9.337500572E0,-2.731875038E1
3.680766022E1,1.936875153E1,-1.147500038E1,-2.452500153E1
3.681766022E1,1.968750000E1,-1.117500019E1,-2.611875153E1
3.682766022E1,2.613750076E1,-1.044375038E1,-3.144375038E1
3.683766022E1,3.159375191E1,-7.350000381E0,-3.427500153E1
3.684766022E1,3.181875038E1,-7.968750477E0,-3.408750153E1
3.685766022E1,2.452500153E1,-8.550000191E0,-2.782500076E1
3.686766022E1,1.895625114E1,-1.260000038E1,-2.443125153E1
3.687766022E1,2.010000038E1,-1.151250076E1,-2.797500038E1
3.688766022E1,2.668125153E1,-1.046250057E1,-3.300000000E1
3.689766022E1,3.193125153E1,-7.368750095E0,-3.538125229E1
3.690766022E1,3.003750038E1,-9.187500000E0,-3.425625229E1
3.691766022E1,2.536875153E1,-8.681250572E0,-2.844375038E1
3.692766022E1,1.905000114E1,-1.053750038E1,-2.445000076E1
3.693766022E1,1.933125114E1,-1.091250038E1,-2.707500076E1
3.694766022E1,2.651250076E1,-1.061250019E1,-3.236250305E1
3.695766022E1,3.180000114E1,-1.038750076E1,-3.590625000E1
3.696766022E1,3.071250153E1,-9.787500381E0,-3.438750076E1
3.697766022E1,2.454375076E1,-8.775000572E0,-3.030000114E1
3.698766022E1,1.948125076E1,-9.600000381E0,-2.578125191E1
3.699766022E1,1.959375000E1,-1.168125057E1,-2.731875038E1
3.700766022E1,2.585625076E1,-1.031250000E1,-3.159375191E1
3.701766022E1,3.159375191E1,-1.130625057E1,-3.410625076E1
3.702766022E1,2.996250153E1,-9.993750572E0,-3.450000000E1
3.703766022E1,2.445000076E1,-1.091250038E1,-2.700000191E1
3.704766022E1,1.875000000E1,-9.562500000E0,-2.248125076E1
3.705766022E1,1.860000038E1,-1.085625076E1,-2.362500000E1
3.706766022E1,2.608125114E1,-1.029375076E1,-3.129375076E1
3.707766022E1,3.003750038E1,-9.412500381E0,-3.675000000E1
3.708766022E1,3.026250076E1,-1.040625000E1,-3.322500229E1
3.709766022E1,2.456250191E1,-8.737500191E0,-2.874375153E1
3.710766022E1,2.118750000E1,-8.662500381E0,-2.401875114E1
3.711766022E1,2.293125153E1,-6.281250477E0,-2.752500153E1
3.712766022E1,2.521875191E1,-7.425000191E0,-3.448125076E1
3.713766022E1,2.608125114E1,-1.029375076E1,-3.161250114E1
3.714766022E1,2.274375153E1,-1.308750057E1,-2.773125076E1
3.715766022E1,2.520000076E1,-8.625000000E0,-2.580000114E1
3.716766022E1,2.945625114E1,-7.443750381E0,-3.315000153E1
3.717766022E1,3.103125191E1,-6.056250095E0,-3.813750076E1
3.718766022E1,2.915625191E1,-7.575000286E0,-3.720000076E1
3.719766022E1,2.171250153E1,-7.912500381E0,-3.330000305E1
3.720766022E1,1.981875038E1,-8.343750000E0,-2.730000114E1
3.721766022E1,2.227500153E1,-1.051875019E1,-2.465625191E1
3.722766022E1,2.810625076E1,-9.056250572E0,-3.065625191E1
3.723766022E1,3.311250305E1,-7.987500191E0,-3.785625076E1
3.724766022E1,3.330000305E1,-6.037500381E0,-3.613125229E1
3.725766022E1,2.150625038E1,-9.431250572E0,-3.050625038E1
3.726766022E1,2.083125114E1,-9.337500572E0,-2.458125114E1
3.727766022E1,2.041875076E1,-8.887500763E0,-2.491875076E1
3.728766022E1,2.745000076E1,-9.375000000E0,-2.921250153E1
3.729766022E1,3.215625000E1,-9.825000763E0,-3.315000153E1
3.730766022E1,3.140625191E1,-7.537500381E0,-3.519375229E1
3.731766022E1,2.611875153E1,-8.081250191E0,-3.116250038E1
3.732766022E1,1.773750114E1,-9.525000572E0,-2.529375076E1
3.733766022E1,1.980000114E1,-1.123125076E1,-2.251875114E1
3.734766022E1,2.508750153E1,-9.487500191E0,-2.806875038E1
3.735766022E1,3.050625038E1,-9.431250572E0,-3.268125153E1
3.736766022E1,3.138750076E1,-7.875000477E0,-3.564375305E1
3.737766022E1,2.538750076E1,-9.187500000E0,-2.996250153E1
3.738766022E1,1.974375153E1,-9.768750191E0,-2.670000076E1
3.739766022E1,1.965000153E1,-9.206250191E0,-2.330625153E1
3.740766022E1,2.463750076E1,-9.187500000E0,-2.808750153E1
3.741766022E1,2.992500114E1,-8.868750572E0,-3.429375076E1
3.742766022E1,2.977500153E1,-8.381250381E0,-3.354375076E1
3.743766022E1,2.572500038E1,-9.187500000E0,-3.060000038E1
3.744766022E1,2.115000153E1,-8.943750381E0,-2.913750076E1
3.745766022E1,2.105625153E1,-9.318750381E0,-2.488125038E1
3.746766022E1,2.469375038E1,-8.418750763E0,-2.878125191E1
3.747766022E1,3.015000153E1,-9.262500763E0,-3.144375038E1
3.748766022E1,3.054375076E1,-9.018750191E0,-3.491250229E1
3.749766022E1,2.559375191E1,-7.368750095E0,-3.309375000E1
3.750766022E1,2.115000153E1,-8.925000191E0,-2.836875153E1
3.751766022E1,2.040000153E1,-9.843750000E0,-2.546250153E1
3.752766022E1,2.381250000E1,-1.143750000E1,-2.741250038E1
3.753766022E1,2.829375076E1,-1.033125019E1,-3.148125076E1
3.754766022E1,2.921250153E1,-1.018125057E1,-3.433125305E1
3.755766022E1,2.565000153E1,-8.212500572E0,-2.943750191E1
3.756766022E1,2.176875114E1,-8.831250191E0,-2.619375038E1
3.757766022E1,1.863750076E1,-1.020000076E1,-2.259375000E1
3.758766022E1,2.233125114E1,-9.750000000E0,-2.628750038E1
3.759766022E1,2.733750153E1,-9.056250572E0,-2.923125076E1
3.760766022E1,3.105000114E1,-7.987500191E0,-3.328125000E1
3.761766022E1,2.506875038E1,-9.112500191E0,-3.200625229E1
3.762766022E1,1.983750153E1,-8.325000763E0,-2.651250076E1
3.763766022E1,1.976250076E1,-9.525000572E0,-2.360625076E1
3.764766022E1,2.248125076E1,-1.063125038E1,-2.340000153E1
3.765766022E1,2.632500076E1,-1.005000019E1,-2.850000191E1
3.766766022E1,2.878125191E1,-9.337500572E0,-3.110625076E1
3.767766022E1,2.445000076E1,-8.456250191E0,-2.955000114E1
3.768766022E1,1.989375114E1,-9.412500381E0,-2.565000153E1
3.769766022E1,1.912500000E1,-9.412500381E0,-2.375625038E1
3.770766022E1,2.315625000E1,-9.037500381E0,-2.478750038E1
3.771766022E1,2.645625114E1,-9.918750763E0,-2.992500114E1
3.772766022E1,2.857500076E1,-8.606250763E0,-3.335625076E1
3.773766022E1,2.497500038E1,-8.156250000E0,-3.176250076E1
3.774766022E1,2.006250000E1,-9.562500000E0,-2.548125076E1
3.775766022E1,2.028750038E1,-9.318750381E0,-2.300625038E1
3.776766022E1,2.430000114E1,-7.425000191E0,-2.604375076E1
3.777766022E1,2.683125114E1,-1.008750057E1,-3.116250038E1
3.778766022E1,3.065625191E1,-6.918750286E0,-3.367500305E1
3.779766022E1,2.626875114E1,-9.206250191E0,-3.217500305E1
3.780766022E1,2.081250000E1,-1.051875019E1,-2.745000076E1
3.781766022E1,2.030625153E1,-9.525000572E0,-2.471250153E1
3.782766022E1,2.373750114E1,-1.016250038E1,-2.658750153E1
3.783766022E1,2.926875114E1,-8.343750000E0,-3.056250191E1
3.784766022E1,3.052500153E1,-8.175000191E0,-3.311250305E1
3.785766022E1,2.606250191E1,-8.550000191E0,-3.080625153E1
3.786766022E1,2.094375038E1,-9.862500191E0,-2.703750038E1
3.787766022E1,1.942500114E1,-9.225000381E0,-2.362500000E1
3.788766022E1,2.253750038E1,-1.128750038E1,-2.506875038E1
3.789766022E1,2.784375191E1,-8.887500763E0,-2.971875191E1
3.790766022E1,2.838750076E1,-1.005000019E1,-3.307500076E1
3.791766022E1,2.825625038E1,-7.162500381E0,-3.127500153E1
3.792766022E1,2.131875038E1,-8.775000572E0,-2.900625038E1
3.793766022E1,2.028750038E1,-7.762500286E0,-2.390625000E1
3.794766022E1,2.311875153E1,-8.775000572E0,-2.685000038E1
3.795766022E1,2.970000076E1,-8.043750763E0,-3.215625000E1
3.796766022E1,2.895000076E1,-1.003125000E1,-3.386250305E1
3.797766022E1,2.581875038E1,-7.350000381E0,-3.309375000E1
3.798766022E1,2.214375114E1,-8.700000763E0,-2.776875114E1
3.799766022E1,2.083125114E1,-9.543750763E0,-2.658750153E1
3.800766022E1,2.216250038E1,-1.168125057E1,-2.690625191E1
3.801766022E1,2.656875038E1,-1.177500057E1,-2.851875114E1
3.802766022E1,2.953125191E1,-9.356250763E0,-3.330000305E1
3.803766022E1,2.664375114E1,-9.037500381E0,-3.266250229E1
3.804766022E1,2.137500000E1,-9.543750763E0,-2.816250038E1
3.805766022E1,1.923750114E1,-1.181250000E1,-2.527500153E1
3.806766022E1,2.135625076E1,-1.173750019E1,-2.688750076E1
3.807766022E1,2.692500114E1,-1.198125076E1,-3.101250076E1
3.808766022E1,2.992500114E1,-9.487500191E0,-3.345000076E1
3.809766022E1,2.527500153E1,-9.112500191E0,-3.262500000E1
3.810766022E1,2.233125114E1,-9.337500572E0,-2.865000153E1
3.811766022E1,2.096250153E1,-1.012500000E1,-2.529375076E1
3.812766022E1,2.096250153E1,-1.012500000E1,-2.529375076E1
3.813766022E1,2.670000076E1,-1.021875000E1,-2.943750191E1
3.814766022E1,3.050625038E1,-9.750000000E0,-3.296250153E1
3.815766022E1,2.079375076E1,-9.581250191E0,-2.846250153E1
3.816766022E1,1.938750076E1,-9.281250000E0,-2.580000114E1
3.817766022E1,2.077500153E1,-1.033125019E1,-2.651250076E1
3.818766022E1,2.491875076E1,-1.141875076E1,-2.898750114E1
3.819766022E1,2.782500076E1,-1.006875038E1,-3.258750153E1
3.820766022E1,2.611875153E1,-1.023750019E1,-2.941875076E1
3.821766022E1,2.199375153E1,-8.193750381E0,-2.656875038E1
3.822766022E1,1.888125038E1,-1.068750000E1,-2.381250000E1
3.823766022E1,2.212500000E1,-9.731250763E0,-2.441250038E1
3.824766022E1,2.632500076E1,-1.181250000E1,-2.930625153E1
3.825766022E1,2.932500076E1,-9.881250381E0,-3.513750076E1
3.826766022E1,2.653125191E1,-8.418750763E0,-3.333750153E1
3.827766022E1,2.126250076E1,-1.038750076E1,-2.996250153E1
3.828766022E1,1.912500000E1,-1.025625038E1,-2.602500153E1
3.829766022E1,2.265000153E1,-9.206250191E0,-2.430000114E1
3.830766022E1,2.728125191E1,-1.110000038E1,-2.812500191E1
3.831766022E1,2.776875114E1,-1.138125038E1,-3.420000076E1
3.832766022E1,2.754375076E1,-1.085625076E1,-3.221250153E1
3.833766022E1,2.336250114E1,-9.281250000E0,-2.836875153E1
3.834766022E1,1.944375038E1,-9.825000763E0,-2.216250038E1
3.835766022E1,2.343750000E1,-9.187500000E0,-2.540625191E1
3.836766022E1,2.516250038E1,-1.136250019E1,-2.790000153E1
3.837766022E1,2.850000191E1,-1.190625000E1,-3.181875038E1
3.838766022E1,2.797500038E1,-9.393750191E0,-3.140625191E1
3.839766022E1,2.291250038E1,-9.318750381E0,-2.866875076E1
3.840766022E1,2.062500000E1,-1.046250057E1,-2.525625038E1
3.841766022E1,2.101875114E1,-1.153125000E1,-2.471250153E1
3.842766022E1,2.608125114E1,-1.224375057E1,-2.690625191E1
3.843766022E1,2.979375076E1,-9.918750763E0,-3.123750114E1
3.844766022E1,2.709375191E1,-1.087500000E1,-3.189375114E1
3.845766022E1,2.218125153E1,-1.063125038E1,-2.949375153E1
3.846766022E1,1.991250038E1,-1.061250019E1,-2.319375038E1
3.847766022E1,2.255625153E1,-1.128750038E1,-2.460000038E1
3.848766022E1,2.540625191E1,-1.218750095E1,-2.971875191E1
3.849766022E1,3.131250191E1,-7.912500381E0,-3.095625114E1
3.850766022E1,2.767500114E1,-1.021875000E1,-3.210000229E1
3.851766022E1,2.450625038E1,-9.506250381E0,-2.805000114E1
3.852766022E1,2.107500076E1,-1.106250000E1,-2.458125114E1
3.853766022E1,2.214375114E1,-1.065000057E1,-2.338125038E1
3.854766022E1,2.655000114E1,-1.126875019E1,-2.715000153E1
3.855766022E1,3.030000114E1,-1.066875076E1,-3.118125153E1
3.856766022E1,2.814375114E1,-9.000000000E0,-2.878125191E1
3.857766022E1,2.370000076E1,-9.262500763E0,-2.868750191E1
3.858766022E1,1.830000114E1,-1.230000019E1,-2.334375000E1
3.859766022E1,2.107500076E1,-1.200000000E1,-2.435625076E1
3.860766022E1,2.728125191E1,-1.110000038E1,-2.812500191E1
3.861766022E1,3.146250153E1,-9.956250191E0,-3.061875153E1
3.862766022E1,2.835000038E1,-9.862500191E0,-3.215625000E1
3.863766022E1,2.411250114E1,-8.756250381E0,-2.842500114E1
3.864766022E1,2.236875153E1,-1.147500038E1,-2.520000076E1
3.865766022E1,2.304375076E1,-9.356250763E0,-2.476875114E1
3.866766022E1,2.576250076E1,-1.089375019E1,-2.951250076E1
3.867766022E1,2.966250038E1,-1.025625038E1,-3.228750229E1
3.868766022E1,2.923125076E1,-8.381250381E0,-3.211875153E1
3.869766022E1,2.428125191E1,-8.381250381E0,-2.658750153E1
3.870766022E1,2.023125076E1,-1.031250000E1,-2.463750076E1
3.871766022E1,2.235000038E1,-1.003125000E1,-2.454375076E1
3.872766022E1,2.604375076E1,-1.051875019E1,-2.752500153E1
3.873766022E1,2.836875153E1,-9.843750000E0,-3.136875153E1
3.874766022E1,2.831250191E1,-9.375000000E0,-3.172500038E1
3.875766022E1,2.272500038E1,-1.220625019E1,-2.983125114E1
3.876766022E1,2.176875114E1,-1.132500076E1,-2.426250076E1
3.877766022E1,2.287500000E1,-1.046250057E1,-2.388750076E1
3.878766022E1,2.596875191E1,-1.038750076E1,-2.816250038E1
3.879766022E1,2.955000114E1,-9.956250191E0,-3.230625153E1
3.880766022E1,2.780625153E1,-9.881250381E0,-3.135000038E1
3.881766022E1,2.407500076E1,-1.096875000E1,-2.838750076E1
3.882766022E1,2.118750000E1,-1.136250019E1,-2.456250191E1
3.883766022E1,2.244375038E1,-1.066875076E1,-2.480625153E1
3.884766022E1,2.535000038E1,-8.475000381E0,-2.643750191E1
3.885766022E1,2.791875076E1,-1.173750019E1,-2.979375076E1
3.886766022E1,2.724375153E1,-9.900000572E0,-3.103125191E1
3.887766022E1,2.446875191E1,-9.581250191E0,-3.024375153E1
3.888766022E1,1.965000153E1,-1.160625076E1,-2.435625076E1
3.889766022E1,2.227500153E1,-1.113750076E1,-2.413125038E1
3.890766022E1,2.430000114E1,-1.042500019E1,-2.625000191E1
3.891766022E1,2.737500191E1,-1.048125076E1,-2.941875076E1
3.892766022E1,2.808750153E1,-1.031250000E1,-3.039375114E1
3.893766022E1,2.488125038E1,-1.061250019E1,-2.827500153E1
3.894766022E1,2.060625076E1,-1.203750038E1,-2.465625191E1
3.895766022E1,2.118750000E1,-1.260000038E1,-2.353125000E1
3.896766022E1,2.413125038E1,-9.975000381E0,-2.675625038E1
3.897766022E1,2.698125076E1,-1.035000038E1,-2.926875114E1
3.898766022E1,2.670000076E1,-8.962500572E0,-3.016875076E1
3.899766022E1,2.409375191E1,-1.095000076E1,-2.730000114E1
3.900766022E1,1.970625114E1,-1.113750076E1,-2.456250191E1
3.901766022E1,2.064375114E1,-1.198125076E1,-2.278125000E1
3.902766022E1,2.390625000E1,-1.091250038E1,-2.542500114E1
3.903766022E1,2.516250038E1,-1.044375038E1,-2.846250153E1
3.904766022E1,2.705625153E1,-1.006875038E1,-3.118125153E1
3.905766022E1,2.373750114E1,-9.225000381E0,-2.728125191E1
3.906766022E1,2.160000038E1,-8.475000381E0,-2.356875038E1
3.907766022E1,2.156250000E1,-1.068750000E1,-2.368125153E1
3.908766022E1,2.278125000E1,-1.035000038E1,-2.561250114E1
3.909766022E1,2.703750038E1,-9.581250191E0,-3.011250114E1
3.910766022E1,2.679375076E1,-1.051875019E1,-2.941875076E1
3.911766022E1,2.476875114E1,-8.775000572E0,-3.061875153E1
3.912766022E1,2.182500076E1,-9.300000191E0,-2.568750191E1
3.913766022E1,2.086875153E1,-1.042500019E1,-2.448750114E1
3.914766022E1,2.274375153E1,-1.194375038E1,-2.626875114E1
3.915766022E1,2.649375153E1,-9.862500191E0,-2.805000114E1
3.916766022E1,2.761875153E1,-1.005000019E1,-3.150000191E1
3.917766022E1,2.559375191E1,-1.106250000E1,-2.934375191E1
3.918766022E1,2.160000038E1,-1.025625038E1,-2.512500191E1
3.919766022E1,2.193750000E1,-1.115625000E1,-2.413125038E1
3.920766022E1,2.420625114E1,-1.010625076E1,-2.550000191E1
3.921766022E1,2.546250153E1,-9.956250191E0,-2.865000153E1
3.922766022E1,2.731875038E1,-1.055625057E1,-3.238125229E1
3.923766022E1,2.439375114E1,-1.100625038E1,-3.026250076E1
3.924766022E1,2.338125038E1,-9.806250572E0,-3.035625076E1
3.925766022E1,2.154375076E1,-1.248750019E1,-2.604375076E1
3.926766022E1,2.390625000E1,-1.061250019E1,-2.608125114E1
3.927766022E1,2.743125153E1,-9.393750191E0,-3.030000114E1
3.928766022E1,2.743125153E1,-1.025625038E1,-3.288750076E1
3.929766022E1,2.773125076E1,-8.587500572E0,-3.037500191E1
3.930766022E1,2.283750153E1,-9.806250572E0,-2.925000191E1
3.931766022E1,2.229375076E1,-9.581250191E0,-2.535000038E1
3.932766022E1,2.351250076E1,-1.016250038E1,-2.656875038E1
3.933766022E1,2.604375076E1,-1.228125095E1,-2.878125191E1
3.934766022E1,2.895000076E1,-9.187500000E0,-3.159375191E1
3.935766022E1,2.634375191E1,-9.318750381E0,-3.075000191E1
3.936766022E1,2.405625153E1,-1.048125076E1,-2.733750153E1
3.937766022E1,2.203125000E1,-1.053750038E1,-2.542500114E1
3.938766022E1,2.454375076E1,-1.102500057E1,-2.527500153E1
3.939766022E1,2.739375114E1,-1.005000019E1,-3.118125153E1
3.940766022E1,2.851875114E1,-1.186875057E1,-3.058125114E1
3.941766022E1,2.662500191E1,-1.029375076E1,-3.240000153E1
3.942766022E1,2.433750153E1,-1.021875000E1,-3.033750153E1
3.943766022E1,2.328750038E1,-8.625000000E0,-2.716875076E1
3.944766022E1,2.512500191E1,-9.412500381E0,-2.572500038E1
3.945766022E1,2.645625114E1,-1.117500019E1,-2.919375038E1
3.946766022E1,2.743125153E1,-1.025625038E1,-3.288750076E1
3.947766022E1,2.683125114E1,-8.550000191E0,-3.270000076E1
3.948766022E1,2.343750000E1,-1.119375038E1,-2.930625153E1
3.949766022E1,2.250000000E1,-9.600000381E0,-2.645625114E1
3.950766022E1,2.325000000E1,-9.581250191E0,-2.803125191E1
3.951766022E1,2.683125114E1,-1.008750057E1,-3.148125076E1
3.952766022E1,2.820000076E1,-8.981250763E0,-3.455625153E1
3.953766022E1,2.735625076E1,-9.281250000E0,-3.155625153E1
3.954766022E1,2.531250191E1,-8.550000191E0,-2.908125114E1
3.955766022E1,2.291250038E1,-1.023750019E1,-2.765625191E1
3.956766022E1,2.388750076E1,-1.063125038E1,-2.670000076E1
3.957766022E1,2.641875076E1,-1.098750019E1,-2.827500153E1
3.958766022E1,2.863125038E1,-1.001250076E1,-3.228750229E1
3.959766022E1,2.893125153E1,-9.187500000E0,-3.206250000E1
3.960766022E1,2.521875191E1,-9.375000000E0,-3.011250114E1
3.961766022E1,2.261250114E1,-1.102500057E1,-2.728125191E1
3.962766022E1,2.480625153E1,-1.181250000E1,-2.551875114E1
3.963766022E1,2.797500038E1,-1.095000076E1,-3.016875076E1
3.964766022E1,3.011250114E1,-1.014375019E1,-3.480000305E1
3.965766022E1,2.679375076E1,-1.106250000E1,-3.202500153E1
3.966766022E1,2.518125153E1,-9.168750763E0,-2.872500038E1
3.967766022E1,2.319375038E1,-1.160625076E1,-2.645625114E1
3.968765910E1,2.400000000E1,-1.185000038E1,-2.550000191E1
3.969765910E1,2.769375038E1,-1.171875000E1,-2.900625038E1
3.970765894E1,2.889375114E1,-1.048125076E1,-3.320625305E1
3.971765894E1,3.061875153E1,-9.112500191E0,-3.318750000E1
3.972765894E1,2.602500153E1,-9.918750763E0,-2.913750076E1
3.973765894E1,2.180625153E1,-1.233750057E1,-2.730000114E1
3.974765894E1,2.484375191E1,-1.042500019E1,-2.767500114E1
3.975765894E1,2.731875038E1,-1.303125095E1,-2.983125114E1
3.976765894E1,3.078750038E1,-8.962500572E0,-3.335625076E1
3.977765894E1,3.013125038E1,-9.281250000E0,-3.223125076E1
3.978765894E1,2.574375153E1,-1.186875057E1,-3.005625153E1
3.979765894E1,2.426250076E1,-1.048125076E1,-2.844375038E1
3.980765894E1,2.358750153E1,-1.321875095E1,-2.820000076E1
3.981765894E1,2.705625153E1,-1.286250019E1,-2.891250038E1
3.982765894E1,2.932500076E1,-1.233750057E1,-3.226875305E1
3.983765894E1,2.925000191E1,-1.076250076E1,-3.225000000E1
3.984765894E1,2.664375114E1,-1.121250057E1,-3.106875038E1
3.985765894E1,2.296875000E1,-1.192500019E1,-2.595000076E1
3.986765894E1,2.420625114E1,-1.188750076E1,-2.707500076E1
3.987765894E1,2.773125076E1,-1.098750019E1,-3.125625038E1
3.988765894E1,2.900625038E1,-1.235625076E1,-3.195000076E1
3.989765894E1,2.810625076E1,-1.145625019E1,-3.185625076E1
3.990765894E1,2.521875191E1,-1.153125000E1,-2.805000114E1
3.991765894E1,2.319375038E1,-1.192500019E1,-2.658750153E1
3.992765894E1,2.371875000E1,-1.258125019E1,-2.840625191E1
3.993765894E1,2.578125191E1,-1.203750038E1,-3.052500153E1
3.994765894E1,2.941875076E1,-1.121250057E1,-3.157500076E1
3.995765894E1,2.876250076E1,-1.091250038E1,-3.097500038E1
3.996765894E1,2.544375038E1,-1.213125038E1,-2.737500191E1
3.997765894E1,2.431875038E1,-1.042500019E1,-2.578125191E1
3.998765894E1,2.340000153E1,-1.192500019E1,-2.705625153E1
3.999765894E1,2.716875076E1,-1.100625038E1,-3.093750191E1
4.000765894E1,2.928750038E1,-1.093125057E1,-3.285000229E1
4.001765894E1,2.928750038E1,-1.093125057E1,-3.285000229E1
4.002765894E1,2.540625191E1,-1.065000057E1,-3.093750191E1
4.003765894E1,2.296875000E1,-1.100625038E1,-2.696250153E1
4.004765894E1,2.341875076E1,-1.190625000E1,-2.658750153E1
4.005765894E1,2.478750038E1,-1.205625057E1,-2.910000038E1
4.006765894E1,3.048750114E1,-1.068750000E1,-3.258750153E1
4.007765894E1,2.698125076E1,-1.211250019E1,-3.005625153E1
4.008765894E1,2.370000076E1,-9.975000381E0,-2.535000038E1
4.009765894E1,2.244375038E1,-1.190625000E1,-2.360625076E1
4.010765894E1,2.540625191E1,-1.218750095E1,-2.925000191E1
4.011765894E1,2.771250153E1,-1.215000057E1,-3.382500076E1
4.012765894E1,2.956875038E1,-1.108125019E1,-3.300000000E1
4.013765894E1,2.626875114E1,-9.581250191E0,-2.853750038E1
4.014765894E1,2.210625076E1,-1.068750000E1,-2.525625038E1
4.015765894E1,2.156250000E1,-9.356250763E0,-2.724375153E1
4.016765894E1,2.268750000E1,-1.263750076E1,-2.838750076E1
4.017765894E1,2.630625153E1,-1.207500076E1,-3.318750000E1
4.018765894E1,2.915625191E1,-9.487500191E0,-3.204375076E1
4.019765894E1,2.636250114E1,-1.145625019E1,-2.806875038E1
4.020765894E1,2.338125038E1,-1.050000000E1,-2.701875114E1
4.021765894E1,2.227500153E1,-1.051875019E1,-2.465625191E1
4.022765894E1,2.454375076E1,-9.693750381E0,-2.896875191E1
4.023765894E1,2.632500076E1,-9.562500000E0,-3.401250076E1
4.024765894E1,2.765625191E1,-1.147500038E1,-3.183750153E1
4.025765894E1,2.780625153E1,-9.337500572E0,-2.874375153E1
4.026765894E1,2.240625000E1,-1.196250057E1,-2.595000076E1
4.027765894E1,2.124375153E1,-1.059375000E1,-2.540625191E1
4.028765894E1,2.381250000E1,-1.050000000E1,-2.765625191E1
4.029765894E1,2.638125038E1,-1.280625057E1,-3.123750114E1
4.030765894E1,2.908125114E1,-1.029375076E1,-3.228750229E1
4.031765894E1,2.660625076E1,-1.102500057E1,-3.046875191E1
4.032765894E1,2.349375153E1,-1.111875057E1,-2.634375191E1
4.033765894E1,2.015625000E1,-1.320000076E1,-2.580000114E1
4.034765894E1,2.276250076E1,-1.306875038E1,-2.694375038E1
4.035765894E1,2.550000191E1,-1.188750076E1,-3.037500191E1
4.036765894E1,2.883750153E1,-1.033125019E1,-3.305625153E1
4.037765894E1,2.741250038E1,-1.095000076E1,-2.938125038E1
4.038765894E1,2.373750114E1,-1.108125019E1,-2.557500076E1
4.039765894E1,2.002500153E1,-1.153125000E1,-2.250000000E1
4.040765894E1,2.257500076E1,-1.147500038E1,-2.598750114E1
4.041765894E1,2.791875076E1,-1.048125076E1,-3.052500153E1
4.042765894E1,2.776875114E1,-1.115625000E1,-3.187500191E1
4.043765894E1,2.724375153E1,-9.581250191E0,-3.075000191E1
4.044765894E1,2.353125000E1,-1.012500000E1,-2.518125153E1
4.045765894E1,2.210625076E1,-1.046250057E1,-2.246250153E1
4.046765894E1,2.253750038E1,-1.130625057E1,-2.568750191E1
4.047765894E1,2.686875153E1,-1.003125000E1,-2.930625153E1
4.048765894E1,2.722500038E1,-1.291875076E1,-3.140625191E1
4.049765894E1,2.780625153E1,-1.110000038E1,-3.000000191E1
4.050765894E1,2.521875191E1,-1.036875057E1,-2.580000114E1
4.051765894E1,2.131875038E1,-1.010625076E1,-2.482500076E1
4.052765894E1,2.313750076E1,-1.239375019E1,-2.608125114E1
4.053765894E1,2.632500076E1,-1.179375076E1,-2.898750114E1
4.054765894E1,2.911875153E1,-1.110000038E1,-3.253125000E1
4.055765894E1,2.765625191E1,-1.239375019E1,-3.035625076E1
4.056765894E1,2.458125114E1,-9.656250000E0,-2.773125076E1
4.057765894E1,2.272500038E1,-1.018125057E1,-2.546250153E1
4.058765894E1,2.242500114E1,-1.192500019E1,-2.469375038E1
4.059765894E1,2.656875038E1,-1.179375076E1,-2.898750114E1
4.060765894E1,2.938125038E1,-9.506250381E0,-3.266250229E1
4.061765894E1,2.883750153E1,-8.887500763E0,-3.208125305E1
4.062765894E1,2.476875114E1,-1.029375076E1,-2.831250191E1
4.063765894E1,2.137500000E1,-1.117500019E1,-2.364375114E1
4.064765894E1,2.238750076E1,-9.975000381E0,-2.266875076E1
4.065765894E1,2.533125114E1,-1.121250057E1,-2.838750076E1
4.066765894E1,2.902500153E1,-1.168125057E1,-3.091875076E1
4.067765894E1,2.686875153E1,-1.275000095E1,-3.016875076E1
4.068765894E1,2.345625114E1,-1.209375095E1,-2.720625114E1
4.069765894E1,2.066250038E1,-1.218750095E1,-2.448750114E1
4.070765894E1,2.083125114E1,-1.171875000E1,-2.499375153E1
4.071765894E1,2.484375191E1,-1.126875019E1,-2.947500038E1
4.072765894E1,2.844375038E1,-1.175625038E1,-3.198750114E1
4.073765894E1,3.000000191E1,-9.918750763E0,-3.200625229E1
4.074765894E1,2.527500153E1,-1.053750038E1,-2.641875076E1
4.075765894E1,2.096250153E1,-1.012500000E1,-2.529375076E1
4.076765894E1,2.013750076E1,-1.216875076E1,-2.261250114E1
4.077765894E1,2.557500076E1,-1.108125019E1,-3.013125038E1
4.078765894E1,2.947500038E1,-1.200000000E1,-3.151875114E1
4.079765894E1,2.889375114E1,-1.048125076E1,-3.288750076E1
4.080765894E1,2.546250153E1,-1.057500076E1,-2.829375076E1
4.081765894E1,2.193750000E1,-1.021875000E1,-2.514375114E1
4.082765894E1,2.008125114E1,-1.130625057E1,-2.596875191E1
4.083765894E1,2.443125153E1,-1.335000038E1,-2.913750076E1
4.084765894E1,2.958750153E1,-1.104375076E1,-3.191250038E1
4.085765894E1,3.056250191E1,-9.918750763E0,-3.311250305E1
4.086765894E1,2.561250114E1,-1.042500019E1,-2.893125153E1
4.087765894E1,2.212500000E1,-1.003125000E1,-2.422500038E1
4.088765894E1,1.978125000E1,-1.151250076E1,-2.686875153E1
4.089765894E1,2.475000191E1,-1.186875057E1,-2.818125153E1
4.090765894E1,2.910000038E1,-1.226250076E1,-3.508125305E1
4.091765894E1,3.031875038E1,-1.087500000E1,-3.286875153E1
4.092765894E1,2.598750114E1,-1.215000057E1,-2.926875114E1
4.093765894E1,2.218125153E1,-1.040625000E1,-2.670000076E1
4.094765894E1,2.053125000E1,-1.346250057E1,-2.454375076E1
4.095765894E1,2.443125153E1,-1.239375019E1,-2.938125038E1
4.096765894E1,3.018750191E1,-1.275000095E1,-3.193125153E1
4.097765894E1,3.129375076E1,-1.095000076E1,-3.225000000E1
4.098765894E1,2.576250076E1,-1.153125000E1,-2.947500038E1
4.099765894E1,2.124375153E1,-1.235625076E1,-2.621250153E1
4.100765894E1,2.135625076E1,-1.265625095E1,-2.617500114E1
4.101765894E1,2.553750038E1,-1.278750038E1,-2.827500153E1
4.102765894E1,3.001875114E1,-1.136250019E1,-3.298125076E1
4.103765894E1,2.996250153E1,-1.121250057E1,-3.285000229E1
4.104765894E1,2.559375191E1,-1.200000000E1,-2.880000114E1
4.105765894E1,2.128125000E1,-1.078125000E1,-2.664375114E1
4.106765894E1,2.028750038E1,-1.473750019E1,-2.426250076E1
4.107765894E1,2.403750038E1,-1.350000095E1,-2.818125153E1
4.108765894E1,2.988750076E1,-1.023750019E1,-3.198750114E1
4.109765894E1,3.041250038E1,-1.181250000E1,-3.296250153E1
4.110765894E1,2.730000114E1,-1.106250000E1,-2.703750038E1
4.111765894E1,2.055000114E1,-1.250625038E1,-2.446875191E1
4.112765894E1,2.081250000E1,-1.265625095E1,-2.506875038E1
4.113765894E1,2.405625153E1,-1.224375057E1,-2.891250038E1
4.114765894E1,3.026250076E1,-9.768750191E0,-3.328125000E1
4.115765894E1,3.033750153E1,-1.168125057E1,-3.390000153E1
4.116765894E1,2.608125114E1,-1.183125019E1,-2.975625038E1
4.117765894E1,2.167500114E1,-1.215000057E1,-2.529375076E1
4.118765894E1,2.011875153E1,-1.125000000E1,-2.362500000E1
4.119765894E1,2.311875153E1,-1.357500076E1,-2.895000076E1
4.120765894E1,2.868750191E1,-1.224375057E1,-3.320625305E1
4.121765894E1,2.975625038E1,-1.119375038E1,-3.206250000E1
4.122765894E1,2.776875114E1,-1.093125057E1,-2.940000153E1
4.123765894E1,2.171250153E1,-1.138125038E1,-2.645625114E1
4.124765894E1,2.103750038E1,-1.110000038E1,-2.645625114E1
4.125765894E1,2.332500076E1,-1.243125057E1,-2.795625114E1
4.126765894E1,2.981250191E1,-1.166250038E1,-3.202500153E1
4.127765894E1,3.035625076E1,-1.168125057E1,-3.343125153E1
4.128765894E1,2.733750153E1,-1.053750038E1,-3.129375076E1
4.129765894E1,2.191875076E1,-1.241250038E1,-2.416875076E1
4.130765894E1,1.914375114E1,-1.419375038E1,-2.508750153E1
4.131765894E1,2.401875114E1,-1.207500076E1,-2.799375153E1
4.132765894E1,2.951250076E1,-1.091250038E1,-3.285000229E1
4.133765894E1,3.210000229E1,-9.675000191E0,-3.331875229E1
4.134765894E1,2.820000076E1,-1.001250076E1,-3.120000076E1
4.135765894E1,2.186250114E1,-1.102500057E1,-2.538750076E1
4.136765894E1,2.026875114E1,-1.205625057E1,-2.465625191E1
4.137765894E1,2.366250038E1,-1.117500019E1,-2.898750114E1
4.138765894E1,2.913750076E1,-1.222500038E1,-3.320625305E1
4.139765894E1,3.125625038E1,-1.100625038E1,-3.412500000E1
4.140765894E1,2.746875191E1,-1.198125076E1,-3.211875153E1
4.141765894E1,2.171250153E1,-1.138125038E1,-2.645625114E1
4.142765894E1,1.936875153E1,-1.323750019E1,-2.578125191E1
4.143765894E1,2.351250076E1,-1.224375057E1,-2.733750153E1
4.144765894E1,2.994375038E1,-1.216875076E1,-3.292500305E1
4.145765894E1,3.279375076E1,-1.074375057E1,-3.401250076E1
4.146765894E1,2.913750076E1,-1.108125019E1,-3.189375114E1
4.147765894E1,2.291250038E1,-1.021875000E1,-2.733750153E1
4.148765894E1,2.083125114E1,-1.265625095E1,-2.460000038E1
4.149765894E1,2.311875153E1,-1.295625019E1,-2.930625153E1
4.150765894E1,2.940000153E1,-1.207500076E1,-3.463125229E1
4.151765894E1,3.277500153E1,-1.171875000E1,-3.440625000E1
4.152765894E1,2.951250076E1,-9.993750572E0,-3.388125229E1
4.153765894E1,2.323125076E1,-1.095000076E1,-2.572500038E1
4.154765894E1,2.128125000E1,-1.108125019E1,-2.615625191E1
4.155765894E1,2.317500114E1,-1.308750057E1,-2.883750153E1
4.156765894E1,2.932500076E1,-1.235625076E1,-3.273750305E1
4.157765894E1,3.337500000E1,-1.093125057E1,-3.603750229E1
4.158765894E1,2.900625038E1,-1.087500000E1,-3.020625114E1
4.159765894E1,2.430000114E1,-1.104375076E1,-2.557500076E1
4.160765894E1,1.987500000E1,-1.368750095E1,-2.591250038E1
4.161765894E1,2.289375114E1,-1.241250038E1,-2.638125038E1
4.162765894E1,2.868750191E1,-1.224375057E1,-3.288750076E1
4.163765894E1,3.365625000E1,-1.085625076E1,-3.418125153E1
4.164765894E1,2.925000191E1,-1.190625000E1,-3.371250153E1
4.165765894E1,2.388750076E1,-1.216875076E1,-2.516250038E1
4.166765894E1,2.090625000E1,-1.121250057E1,-2.441250038E1
4.167765894E1,2.306250000E1,-1.134375000E1,-2.803125191E1
4.168765894E1,2.960625076E1,-1.280625057E1,-3.270000076E1
4.169765894E1,3.226875305E1,-1.314375019E1,-3.318750000E1
4.170765894E1,2.876250076E1,-1.111875057E1,-3.298125076E1
4.171765894E1,2.325000000E1,-1.115625000E1,-2.743125153E1
4.172765894E1,1.873125076E1,-1.230000019E1,-2.445000076E1
4.173765894E1,2.208750153E1,-1.248750019E1,-2.715000153E1
4.174765894E1,2.990625191E1,-9.825000763E0,-3.405000305E1
4.175765894E1,3.084375191E1,-1.213125038E1,-3.403125000E1
4.176765894E1,2.915625191E1,-1.280625057E1,-3.191250038E1
4.177765894E1,2.190000153E1,-1.121250057E1,-2.630625153E1
4.178765894E1,1.854375076E1,-1.226250076E1,-2.257500076E1
4.179765894E1,2.126250076E1,-1.233750057E1,-2.589375114E1
4.180765894E1,2.743125153E1,-1.419375038E1,-3.225000000E1
4.181765894E1,3.193125153E1,-1.158750057E1,-3.393750000E1
4.182765894E1,2.968125153E1,-1.076250076E1,-3.303750229E1
4.183765894E1,2.341875076E1,-1.158750057E1,-2.645625114E1
4.184765894E1,1.790625000E1,-1.453125095E1,-2.315625000E1
4.185765894E1,2.051250076E1,-1.078125000E1,-2.476875114E1
4.186765894E1,2.775000191E1,-1.188750076E1,-2.915625191E1
4.187765894E1,3.256875229E1,-1.170000076E1,-3.331875229E1
4.188765894E1,3.067500114E1,-1.020000076E1,-3.230625153E1
4.189765894E1,2.167500114E1,-1.215000057E1,-2.529375076E1
4.190765894E1,1.623750114E1,-1.128750038E1,-2.199375153E1
4.191765894E1,1.944375038E1,-1.252500057E1,-2.257500076E1
4.192765894E1,2.523750114E1,-1.288125038E1,-3.168750191E1
4.193765894E1,3.236250305E1,-1.190625000E1,-3.470625305E1
4.194765894E1,2.956875038E1,-1.168125057E1,-3.200625229E1
4.195765894E1,2.375625038E1,-1.106250000E1,-2.478750038E1
4.196765894E1,2.015625000E1,-1.299375057E1,-2.362500000E1
4.197765894E1,2.015625000E1,-1.299375057E1,-2.362500000E1
4.198765894E1,2.791875076E1,-1.140000057E1,-2.951250076E1
4.199765894E1,3.271875000E1,-1.125000000E1,-3.491250229E1
4.200765894E1,2.411250114E1,-1.216875076E1,-2.595000076E1
4.201765894E1,1.635000038E1,-1.065000057E1,-2.220000076E1
4.202765894E1,2.055000114E1,-1.250625038E1,-2.446875191E1
4.203765894E1,2.788125038E1,-1.177500057E1,-3.151875114E1
4.204765894E1,3.221250153E1,-1.173750019E1,-3.376875305E1
4.205765894E1,3.067500114E1,-1.200000000E1,-3.420000076E1
4.206765894E1,2.358750153E1,-1.143750000E1,-2.662500191E1
4.207765894E1,1.773750114E1,-1.231875038E1,-2.255625153E1
4.208765894E1,1.968750000E1,-1.241250038E1,-2.461875153E1
4.209765894E1,2.728125191E1,-1.432500076E1,-3.097500038E1
4.210765894E1,3.345000076E1,-1.023750019E1,-3.360000229E1
4.211765894E1,3.146250153E1,-1.080000019E1,-3.290625000E1
4.212765894E1,2.392500114E1,-1.111875057E1,-2.745000076E1
4.213765894E1,1.770000076E1,-1.213125038E1,-2.163750076E1
4.214765894E1,1.863750076E1,-1.258125019E1,-2.255625153E1
4.215765894E1,2.600625038E1,-1.231875038E1,-3.018750191E1
4.216765894E1,3.326250076E1,-1.156875038E1,-3.583125305E1
4.217765894E1,3.260625076E1,-1.008750057E1,-3.266250229E1
4.218765894E1,2.310000038E1,-1.149375057E1,-2.818125153E1
4.219765894E1,1.696875000E1,-1.171875000E1,-2.212500000E1
4.220765894E1,1.963125038E1,-1.318125057E1,-2.392500114E1
4.221765894E1,2.730000114E1,-1.128750038E1,-2.936250114E1
4.222765894E1,3.390000153E1,-1.081875038E1,-3.309375000E1
4.223765894E1,3.185625076E1,-9.712500572E0,-3.408750153E1
4.224765894E1,2.175000000E1,-1.372500038E1,-2.531250191E1
4.225765894E1,1.801875114E1,-1.368750095E1,-2.103750038E1
4.226765894E1,1.775625038E1,-1.376250076E1,-2.353125000E1
4.227765894E1,2.711250114E1,-1.301250076E1,-2.874375153E1
4.228765894E1,3.405000305E1,-9.750000000E0,-3.506250000E1
4.229765894E1,3.091875076E1,-9.262500763E0,-3.301875305E1
4.230765894E1,2.319375038E1,-1.192500019E1,-2.658750153E1
4.231765894E1,1.599375057E1,-1.192500019E1,-2.225625038E1
4.232765894E1,1.860000038E1,-1.387500095E1,-2.385000038E1
4.233765894E1,2.818125153E1,-1.074375057E1,-2.895000076E1
4.234765894E1,3.251250076E1,-1.093125057E1,-3.446250153E1
4.235765894E1,3.298125076E1,-1.027500057E1,-3.436875153E1
4.236765894E1,2.471250153E1,-9.937500000E0,-2.613750076E1
4.237765894E1,1.826250076E1,-1.271250057E1,-2.128125000E1
4.238765894E1,1.905000114E1,-1.539375019E1,-2.248125076E1
4.239765894E1,2.656875038E1,-1.231875038E1,-3.129375076E1
4.240765894E1,3.307500076E1,-9.975000381E0,-3.517500305E1
4.241765894E1,3.221250153E1,-6.543750286E0,-3.545625305E1
4.242765894E1,2.426250076E1,-9.543750763E0,-2.866875076E1
4.243765894E1,2.023125076E1,-1.333125019E1,-2.486250114E1
4.244765894E1,2.021250153E1,-1.575000095E1,-2.668125153E1
4.245765894E1,2.820000076E1,-1.269375038E1,-3.127500153E1
4.246765894E1,3.136875153E1,-8.306250572E0,-3.405000305E1
4.247765894E1,3.007500076E1,-9.131250381E0,-3.240000153E1
4.248765894E1,2.186250114E1,-1.125000000E1,-2.786250114E1
4.249765894E1,1.800000000E1,-1.548750019E1,-2.401875114E1
4.250765894E1,2.340000153E1,-1.286250019E1,-2.681250191E1
4.251765894E1,2.855625153E1,-1.134375000E1,-3.498750305E1
4.252765894E1,3.298125076E1,-8.100000381E0,-3.564375305E1
4.253765894E1,2.947500038E1,-8.268750191E0,-3.418125153E1
4.254765894E1,2.251875114E1,-1.040625000E1,-2.748750114E1
4.255765894E1,1.867500114E1,-1.430625057E1,-2.255625153E1
4.256765894E1,2.251875114E1,-1.350000095E1,-2.441250038E1
4.257765894E1,2.915625191E1,-1.220625019E1,-3.290625000E1
4.258765894E1,3.275625229E1,-1.018125057E1,-3.641250229E1
4.259765894E1,2.855625153E1,-1.290000057E1,-3.376875305E1
4.260765894E1,2.220000076E1,-1.216875076E1,-2.716875076E1
4.261765894E1,1.830000114E1,-1.445625019E1,-2.130000114E1
4.262765894E1,2.293125153E1,-9.675000191E0,-2.441250038E1
4.263765894E1,3.136875153E1,-9.318750381E0,-3.020625114E1
4.264765894E1,2.902500153E1,-1.410000038E1,-3.226875305E1
4.265765894E1,2.512500191E1,-1.713750076E1,-3.101250076E1
4.266765894E1,2.176875114E1,-1.524375057E1,-2.330625153E1
4.267765894E1,2.872500038E1,-1.089375019E1,-2.394375038E1
4.268765894E1,3.176250076E1,-8.737500191E0,-3.354375076E1
4.269765894E1,2.876250076E1,-8.662500381E0,-3.553125000E1
4.270765894E1,2.225625038E1,-1.014375019E1,-2.906250191E1
4.271765894E1,1.522500038E1,-1.370625019E1,-2.146875000E1
4.272765894E1,2.006250000E1,-1.543125057E1,-1.983750153E1
4.273765894E1,2.900625038E1,-1.456875038E1,-2.613750076E1
4.274765894E1,3.678750229E1,-1.134375000E1,-3.590625000E1
4.275765894E1,3.217500305E1,-1.179375076E1,-3.626250076E1
4.276765894E1,2.216250038E1,-9.506250381E0,-2.848125076E1
4.277765894E1,1.490625095E1,-1.275000095E1,-2.107500076E1
4.278765894E1,1.693125153E1,-1.700625038E1,-1.871250153E1
4.279765894E1,2.865000153E1,-1.492500019E1,-2.688750076E1
4.280765894E1,3.703125000E1,-1.196250057E1,-3.538125229E1
4.281765894E1,3.275625229E1,-9.262500763E0,-3.742500305E1
4.282765894E1,2.398125076E1,-9.412500381E0,-2.930625153E1
4.283765894E1,1.530000019E1,-1.290000057E1,-2.122500038E1
4.284765894E1,1.878750038E1,-1.261875057E1,-1.833750153E1
4.285765894E1,2.713125038E1,-1.393125057E1,-2.726250076E1
4.286765894E1,3.564375305E1,-1.183125019E1,-3.335625076E1
4.287765894E1,3.423750305E1,-9.787500381E0,-3.693750000E1
4.288765894E1,2.653125191E1,-9.337500572E0,-3.232500076E1
4.289765894E1,1.700625038E1,-1.001250076E1,-2.383125114E1
4.290765894E1,1.807500076E1,-1.323750019E1,-2.233125114E1
4.291765894E1,2.788125038E1,-1.338750076E1,-2.653125191E1
4.292765894E1,3.521250153E1,-1.297500038E1,-3.371250153E1
4.293765894E1,3.386250305E1,-1.171875000E1,-3.708750153E1
4.294765894E1,2.555625153E1,-1.111875057E1,-3.121875191E1
4.295765894E1,1.696875000E1,-1.254375076E1,-2.345625114E1
4.296765894E1,1.762500000E1,-1.533750057E1,-2.278125000E1
4.297765894E1,2.645625114E1,-1.488750076E1,-2.591250038E1
4.298765894E1,3.414375305E1,-1.503750038E1,-3.133125114E1
4.299765894E1,3.496875000E1,-1.237500095E1,-3.485625076E1
4.300765894E1,2.628750038E1,-1.186875057E1,-3.148125076E1
4.301765894E1,1.781250000E1,-1.391250038E1,-2.336250114E1
4.302765894E1,1.755000114E1,-1.558125019E1,-2.040000153E1
4.303765894E1,2.662500191E1,-1.470000076E1,-2.578125191E1
4.304765894E1,3.466875076E1,-1.235625076E1,-3.298125076E1
4.305765894E1,3.491250229E1,-1.162500000E1,-3.570000076E1
4.306765894E1,2.675625038E1,-1.089375019E1,-3.187500191E1
4.307765894E1,1.867500114E1,-1.121250057E1,-2.501250076E1
4.308765894E1,1.805625153E1,-1.417500019E1,-2.208750153E1
4.309765894E1,2.595000076E1,-1.413750076E1,-2.628750038E1
4.310765894E1,3.361875153E1,-1.460625076E1,-3.230625153E1
4.311765894E1,3.466875076E1,-1.260000038E1,-3.607500076E1
4.312765894E1,2.838750076E1,-1.005000019E1,-3.337500000E1
4.313765894E1,1.906875038E1,-1.166250038E1,-2.512500191E1
4.314765894E1,1.785000038E1,-1.417500019E1,-2.131875038E1
4.315765894E1,2.580000114E1,-1.218750095E1,-2.426250076E1
4.316765894E1,3.440625000E1,-1.404375076E1,-3.048750114E1
4.317765894E1,3.628125000E1,-1.155000019E1,-3.603750229E1
4.318765894E1,2.840625191E1,-1.001250076E1,-3.198750114E1
4.319765894E1,1.912500000E1,-1.241250038E1,-2.398125076E1
4.320765894E1,1.775625038E1,-1.321875095E1,-2.122500038E1
4.321765894E1,2.581875038E1,-1.393125057E1,-2.458125114E1
4.322765894E1,3.395625305E1,-1.158750057E1,-3.256875229E1
4.323765894E1,3.596250153E1,-1.143750000E1,-3.729375076E1
4.324765894E1,2.818125153E1,-1.096875000E1,-3.157500076E1
4.325765894E1,1.843125153E1,-1.185000038E1,-2.495625114E1
4.326765894E1,1.828125000E1,-1.269375038E1,-2.019375038E1
4.327765894E1,2.529375076E1,-1.445625019E1,-2.484375191E1
4.328765894E1,3.279375076E1,-1.293750095E1,-3.273750305E1
4.329765894E1,3.470625305E1,-1.183125019E1,-3.770625305E1
4.330765894E1,2.716875076E1,-1.121250057E1,-3.296250153E1
4.331765894E1,1.876875114E1,-1.308750057E1,-2.439375114E1
4.332765894E1,1.700625038E1,-1.342500019E1,-2.105625153E1
4.333765894E1,2.235000038E1,-1.396875095E1,-2.405625153E1
4.334765894E1,3.324375153E1,-1.175625038E1,-3.097500038E1
4.335765894E1,3.435000229E1,-1.310625076E1,-3.697500229E1
4.336765894E1,2.735625076E1,-1.250625038E1,-3.410625076E1
4.337765894E1,2.023125076E1,-1.179375076E1,-2.685000038E1
4.338765894E1,1.539375019E1,-1.477500057E1,-2.075625038E1
4.339765894E1,2.377500153E1,-1.342500019E1,-2.443125153E1
4.340765894E1,3.135000038E1,-1.381875038E1,-3.296250153E1
4.341765894E1,3.408750153E1,-1.293750095E1,-3.573750305E1
4.342765894E1,2.848125076E1,-1.098750019E1,-3.315000153E1
4.343765894E1,1.884375000E1,-1.220625019E1,-2.696250153E1
4.344765894E1,1.685625076E1,-1.441875076E1,-2.251875114E1
4.345765894E1,2.203125000E1,-1.449375057E1,-2.525625038E1
4.346765894E1,3.161250114E1,-1.406250095E1,-3.075000191E1
4.347765894E1,3.399375153E1,-1.106250000E1,-3.667500305E1
4.348765894E1,2.752500153E1,-1.035000038E1,-3.069375038E1
4.349765894E1,1.860000038E1,-1.261875057E1,-2.441250038E1
4.350765894E1,1.638750076E1,-1.329375076E1,-2.088750076E1
4.351765894E1,2.373750114E1,-1.447500038E1,-2.246250153E1
4.352765894E1,3.375000000E1,-1.248750019E1,-3.013125038E1
4.353765894E1,3.564375305E1,-1.267500019E1,-3.562500000E1
4.354765894E1,2.898750114E1,-1.175625038E1,-3.341250229E1
4.355765894E1,1.875000000E1,-1.310625076E1,-2.548125076E1
4.356765894E1,1.696875000E1,-1.325625038E1,-2.043750000E1
4.357765894E1,2.298750114E1,-1.500000095E1,-2.242500114E1
4.358765894E1,3.343125153E1,-1.280625057E1,-2.932500076E1
4.359765894E1,3.448125076E1,-1.183125019E1,-3.691875076E1
4.360765894E1,2.829375076E1,-1.211250019E1,-3.337500000E1
4.361765894E1,1.991250038E1,-1.261875057E1,-2.741250038E1
4.362765894E1,1.687500000E1,-1.314375019E1,-2.184375000E1
4.363765894E1,2.266875076E1,-1.336875057E1,-2.583750153E1
4.364765894E1,3.234375000E1,-1.325625038E1,-3.193125153E1
4.365765894E1,3.468750000E1,-1.185000038E1,-3.832500076E1
4.366765894E1,2.865000153E1,-1.106250000E1,-3.658125305E1
4.367765894E1,2.266875076E1,-1.025625038E1,-2.812500191E1
4.368765894E1,1.726875114E1,-1.267500019E1,-2.298750114E1
4.369765894E1,2.317500114E1,-1.327500057E1,-2.319375038E1
4.370765894E1,3.247500229E1,-1.198125076E1,-3.187500191E1
4.371765894E1,3.481875229E1,-1.276875019E1,-3.701250076E1
4.372765894E1,3.024375153E1,-1.074375057E1,-3.414375305E1
4.373765894E1,2.113125038E1,-1.051875019E1,-2.823750114E1
4.374765894E1,1.820625114E1,-1.256250095E1,-2.145000076E1
4.375765894E1,2.263125038E1,-1.357500076E1,-2.160000038E1
4.376765894E1,3.172500038E1,-1.413750076E1,-2.793750191E1
4.377765894E1,3.444375229E1,-1.258125019E1,-3.530625153E1
4.378765894E1,2.943750191E1,-1.143750000E1,-3.406875229E1
4.379765894E1,2.133750153E1,-1.121250057E1,-2.551875114E1
4.380765894E1,1.942500114E1,-1.138125038E1,-2.126250076E1
4.381765894E1,2.259375000E1,-1.393125057E1,-2.328750038E1
4.382765894E1,3.243750000E1,-1.273125076E1,-3.024375153E1
4.383765894E1,3.429375076E1,-9.712500572E0,-3.397500229E1
4.384765894E1,2.966250038E1,-1.048125076E1,-3.431250000E1
4.385765894E1,2.013750076E1,-1.323750019E1,-2.720625114E1
4.386765894E1,1.725000000E1,-1.331250095E1,-2.340000153E1
4.387765894E1,2.270625114E1,-1.331250095E1,-2.396250153E1
4.388765894E1,2.880000114E1,-1.323750019E1,-2.938125038E1
4.389765894E1,2.820000076E1,-1.117500019E1,-3.328125000E1
4.390765894E1,2.820000076E1,-1.117500019E1,-3.328125000E1
4.391765894E1,2.193750000E1,-1.261875057E1,-2.619375038E1
4.392765894E1,2.205000114E1,-1.402500057E1,-1.905000114E1
4.393765894E1,2.205000114E1,-1.402500057E1,-1.905000114E1
4.394765894E1,3.238125229E1,-1.458750057E1,-3.448125076E1
4.395765894E1,3.082500076E1,-1.132500076E1,-3.300000000E1
4.396765894E1,2.135625076E1,-1.267500019E1,-2.649375153E1
4.397765894E1,1.635000038E1,-1.612500000E1,-1.972500038E1
4.398765894E1,2.225625038E1,-1.402500057E1,-1.966875076E1
4.399765894E1,2.758125114E1,-1.421250057E1,-2.724375153E1
4.400765894E1,3.226875305E1,-1.220625019E1,-3.388125229E1
4.401765894E1,3.080625153E1,-1.134375000E1,-3.378750229E1
4.402765894E1,2.210625076E1,-1.175625038E1,-2.940000153E1
4.403765894E1,1.681875038E1,-1.361250019E1,-2.197500038E1
4.404765894E1,2.081250000E1,-1.460625076E1,-2.023125076E1
4.405765894E1,2.868750191E1,-1.333125019E1,-2.655000114E1
4.406765894E1,3.286875153E1,-1.265625095E1,-3.465000153E1
4.407765894E1,3.080625153E1,-1.038750076E1,-3.401250076E1
4.408765894E1,2.319375038E1,-1.306875038E1,-2.773125076E1
4.409765894E1,1.575000095E1,-1.464375019E1,-2.280000114E1
4.410765894E1,2.182500076E1,-1.365000057E1,-2.235000038E1
4.411765894E1,2.859375191E1,-1.477500057E1,-2.705625153E1
4.412765894E1,3.433125305E1,-1.113750076E1,-3.416250229E1
4.413765894E1,3.080625153E1,-1.164375019E1,-3.345000076E1
4.414765894E1,2.319375038E1,-1.192500019E1,-2.626875114E1
4.415765894E1,1.828125000E1,-1.269375038E1,-2.049375153E1
4.416765894E1,2.053125000E1,-1.321875095E1,-2.143125153E1
4.417765894E1,2.881875038E1,-1.477500057E1,-2.705625153E1
4.418765894E1,3.393750000E1,-1.254375076E1,-3.279375076E1
4.419765894E1,3.112500191E1,-1.258125019E1,-3.367500305E1
4.420765894E1,2.371875000E1,-1.132500076E1,-2.883750153E1
4.421765894E1,1.957500076E1,-1.125000000E1,-2.251875114E1
4.422765894E1,2.265000153E1,-1.501875019E1,-2.210625076E1
4.423765894E1,3.035625076E1,-1.359375095E1,-2.827500153E1
4.424765894E1,3.448125076E1,-1.256250095E1,-3.420000076E1
4.425765894E1,3.189375114E1,-1.228125095E1,-3.575625229E1
4.426765894E1,2.428125191E1,-1.128750038E1,-2.915625191E1
4.427765894E1,2.013750076E1,-1.216875076E1,-2.261250114E1
4.428765894E1,2.259375000E1,-1.278750038E1,-2.150625038E1
4.429765894E1,2.825625038E1,-1.479375076E1,-2.673750114E1
4.430765894E1,3.358125305E1,-1.312500095E1,-3.586875153E1
4.431765894E1,3.262500000E1,-1.029375076E1,-3.436875153E1
4.432765894E1,2.240625000E1,-1.248750019E1,-2.823750114E1
4.433765894E1,1.923750114E1,-1.211250019E1,-2.431875038E1
4.434765894E1,2.137500000E1,-1.396875095E1,-2.137500000E1
4.435765894E1,2.992500114E1,-1.151250076E1,-2.610000038E1
4.436765894E1,3.343125153E1,-1.355625057E1,-3.395625305E1
4.437765894E1,3.210000229E1,-1.329375076E1,-3.270000076E1
4.438765894E1,2.396250153E1,-1.254375076E1,-2.731875038E1
4.439765894E1,2.070000076E1,-1.306875038E1,-2.206875038E1
4.440765894E1,2.178750038E1,-1.428750038E1,-2.293125153E1
4.441765894E1,2.780625153E1,-1.327500057E1,-2.795625114E1
4.442765894E1,3.266250229E1,-1.481250095E1,-3.133125114E1
4.443765894E1,3.305625153E1,-1.091250038E1,-3.495000076E1
4.444765894E1,2.418750191E1,-1.190625000E1,-2.784375191E1
4.445765894E1,1.830000114E1,-1.383750057E1,-2.197500038E1
4.446765894E1,2.083125114E1,-1.543125057E1,-2.171250153E1
4.447765894E1,2.814375114E1,-1.273125076E1,-2.596875191E1
4.448765894E1,3.367500305E1,-1.353750038E1,-3.363750076E1
4.449765894E1,3.050625038E1,-1.299375057E1,-3.583125305E1
4.450765894E1,2.486250114E1,-1.239375019E1,-3.046875191E1
4.451765894E1,2.019375038E1,-1.140000057E1,-2.345625114E1
4.452765894E1,2.128125000E1,-1.449375057E1,-2.306250000E1
4.453765894E1,2.726250076E1,-1.575000095E1,-2.445000076E1
4.454765894E1,3.303750229E1,-1.372500038E1,-3.330000305E1
4.455765894E1,3.341250229E1,-1.181250000E1,-3.393750000E1
4.456765894E1,2.471250153E1,-1.284375095E1,-2.902500153E1
4.457765894E1,2.015625000E1,-1.297500038E1,-2.332500076E1
4.458765894E1,2.043750000E1,-1.374375057E1,-2.310000038E1
4.459765894E1,2.722500038E1,-1.402500057E1,-2.490000153E1
4.460765894E1,3.335625076E1,-1.381875038E1,-3.174375153E1
4.461765894E1,3.225000000E1,-1.222500038E1,-3.498750305E1
4.462765894E1,2.486250114E1,-1.396875095E1,-2.971875191E1
4.463765894E1,2.115000153E1,-1.243125057E1,-2.259375000E1
4.464765894E1,2.096250153E1,-1.353750038E1,-2.220000076E1
4.465765894E1,2.724375153E1,-1.483125019E1,-2.593125153E1
4.466765894E1,3.208125305E1,-1.361250019E1,-3.315000153E1
4.467765894E1,3.226875305E1,-1.314375019E1,-3.318750000E1
4.468765894E1,2.536875153E1,-1.318125057E1,-3.088125038E1
4.469765894E1,1.974375153E1,-1.410000038E1,-2.321250153E1
4.470765894E1,2.105625153E1,-1.365000057E1,-2.094375038E1
4.471765894E1,2.805000114E1,-1.477500057E1,-2.548125076E1
4.472765894E1,3.324375153E1,-1.415625095E1,-3.170625114E1
4.473765894E1,3.305625153E1,-1.248750019E1,-3.435000229E1
4.474765894E1,2.656875038E1,-1.231875038E1,-3.097500038E1
4.475765894E1,2.116875076E1,-1.261875057E1,-2.430000114E1
4.476765894E1,2.135625076E1,-1.460625076E1,-2.210625076E1
4.477765894E1,2.589375114E1,-1.614375114E1,-2.439375114E1
4.478765894E1,3.303750229E1,-1.372500038E1,-3.330000305E1
4.479765894E1,3.183750153E1,-1.366875076E1,-3.423750305E1
4.480765894E1,2.643750191E1,-1.441875076E1,-3.251250076E1
4.481765894E1,2.021250153E1,-1.314375019E1,-2.345625114E1
4.482765894E1,2.004375076E1,-1.423125076E1,-2.227500153E1
4.483765894E1,2.561250114E1,-1.569375038E1,-2.475000191E1
4.484765894E1,3.309375000E1,-1.365000057E1,-3.080625153E1
4.485765894E1,3.255000305E1,-1.171875000E1,-3.408750153E1
4.486765894E1,2.626875114E1,-1.188750076E1,-3.225000000E1
4.487765894E1,2.167500114E1,-1.192500019E1,-2.250000000E1
4.488765894E1,2.056875038E1,-1.338750076E1,-2.205000114E1
4.489765894E1,2.808750153E1,-1.318125057E1,-2.499375153E1
4.490765894E1,3.191250038E1,-1.355625057E1,-3.016875076E1
4.491765894E1,3.264375305E1,-1.329375076E1,-3.380625153E1
4.492765894E1,2.765625191E1,-1.269375038E1,-3.018750191E1
4.493765894E1,2.107500076E1,-1.344375038E1,-2.533125114E1
4.494765894E1,2.090625000E1,-1.492500019E1,-2.083125114E1
4.495765894E1,2.615625191E1,-1.483125019E1,-2.356875038E1
4.496765894E1,3.172500038E1,-1.374375057E1,-3.108750153E1
4.497765894E1,3.316875076E1,-1.278750038E1,-3.401250076E1
4.498765894E1,2.653125191E1,-1.089375019E1,-3.140625191E1
4.499765894E1,2.130000114E1,-1.374375057E1,-2.499375153E1
4.500765894E1,2.006250000E1,-1.419375038E1,-2.150625038E1
4.501765894E1,2.619375038E1,-1.531875038E1,-2.385000038E1
4.502765894E1,3.247500229E1,-1.351875019E1,-3.018750191E1
4.503765894E1,3.425625229E1,-1.256250095E1,-3.388125229E1
4.504765894E1,2.850000191E1,-1.188750076E1,-3.135000038E1
4.505765894E1,2.193750000E1,-1.293750095E1,-2.600625038E1
4.506765894E1,1.996875000E1,-1.408125019E1,-2.291250038E1
4.507765894E1,2.628750038E1,-1.327500057E1,-2.448750114E1
4.508765894E1,3.157500076E1,-1.410000038E1,-3.215625000E1
4.509765894E1,3.431250000E1,-1.363125038E1,-3.270000076E1
4.510765894E1,2.808750153E1,-1.301250076E1,-3.093750191E1
4.511765894E1,2.214375114E1,-1.325625038E1,-2.630625153E1
4.512765894E1,2.248125076E1,-1.155000019E1,-2.268750000E1
4.513765894E1,2.555625153E1,-1.220625019E1,-2.424375153E1
4.514765894E1,3.196875191E1,-1.370625019E1,-3.031875038E1
4.515765894E1,3.406875229E1,-1.243125057E1,-3.483750153E1
4.516765894E1,2.797500038E1,-1.271250057E1,-3.127500153E1
4.517765894E1,2.368125153E1,-1.155000019E1,-2.536875153E1
4.518765894E1,2.098125076E1,-1.134375000E1,-2.347500038E1
4.519765894E1,2.752500153E1,-1.258125019E1,-2.535000038E1
4.520765894E1,3.142500114E1,-1.301250076E1,-3.271875000E1
4.521765894E1,3.331875229E1,-1.295625019E1,-3.463125229E1
4.522765894E1,2.910000038E1,-9.881250381E0,-3.481875229E1
4.523765894E1,2.379375076E1,-1.053750038E1,-2.921250153E1
4.524765894E1,1.935000038E1,-1.149375057E1,-2.531250191E1
4.525765894E1,2.703750038E1,-1.110000038E1,-2.812500191E1
4.526765894E1,3.247500229E1,-8.268750191E0,-3.547500229E1
4.527765894E1,3.354375076E1,-1.098750019E1,-3.916875076E1
4.528765894E1,3.103125191E1,-9.150000572E0,-3.538125229E1
4.529765894E1,2.190000153E1,-1.267500019E1,-2.775000191E1
4.530765894E1,2.038125038E1,-1.359375095E1,-2.326875114E1
4.531765894E1,2.413125038E1,-1.338750076E1,-2.366250038E1
4.532765894E1,2.970000076E1,-1.415625095E1,-2.962500191E1
4.533765894E1,3.193125153E1,-1.306875038E1,-3.568125153E1
4.534765894E1,2.913750076E1,-1.346250057E1,-3.264375305E1
4.535765894E1,2.341875076E1,-1.160625076E1,-2.692500114E1
4.536765894E1,1.998750114E1,-1.252500057E1,-2.413125038E1
4.537765894E1,2.358750153E1,-1.359375095E1,-2.458125114E1
4.538765894E1,3.026250076E1,-1.290000057E1,-3.129375076E1
4.539765894E1,3.211875153E1,-1.286250019E1,-3.476250076E1
4.540765894E1,3.003750038E1,-1.186875057E1,-3.435000229E1
4.541765894E1,2.246250153E1,-1.263750076E1,-2.776875114E1
4.542765894E1,2.019375038E1,-1.231875038E1,-2.212500000E1
4.543765894E1,2.274375153E1,-1.348125076E1,-2.441250038E1
4.544765894E1,2.996250153E1,-1.338750076E1,-3.110625076E1
4.545765894E1,3.146250153E1,-1.224375057E1,-3.388125229E1
4.546765894E1,2.786250114E1,-1.201875019E1,-3.478125000E1
4.547765894E1,2.137500000E1,-1.441875076E1,-2.696250153E1
4.548765894E1,1.940625000E1,-1.434375095E1,-2.523750114E1
4.549765894E1,2.236875153E1,-1.323750019E1,-2.630625153E1
4.550765894E1,2.893125153E1,-1.074375057E1,-3.067500114E1
4.551765894E1,3.148125076E1,-1.121250057E1,-3.691875076E1
4.552765894E1,3.052500153E1,-9.937500000E0,-3.420000076E1
4.553765894E1,2.300625038E1,-9.637500763E0,-2.941875076E1
4.554765894E1,1.980000114E1,-1.271250057E1,-2.458125114E1
4.555765894E1,2.289375114E1,-1.333125019E1,-2.536875153E1
4.556765894E1,2.840625191E1,-1.340625095E1,-2.887500191E1
4.557765894E1,3.300000000E1,-1.201875019E1,-3.438750076E1
4.558765894E1,2.851875114E1,-1.333125019E1,-3.202500153E1
4.559765894E1,2.231250000E1,-1.516875076E1,-2.771250153E1
4.560765894E1,2.071875000E1,-1.357500076E1,-2.328750038E1
4.561765894E1,2.184375000E1,-1.445625019E1,-2.338125038E1
4.562765894E1,2.838750076E1,-1.500000095E1,-2.906250191E1
4.563765894E1,3.118125153E1,-1.179375076E1,-3.406875229E1
4.564765894E1,2.947500038E1,-1.314375019E1,-3.330000305E1
4.565765894E1,2.551875114E1,-1.248750019E1,-2.923125076E1
4.566765894E1,2.120625114E1,-1.258125019E1,-2.242500114E1
4.567765894E1,2.355000114E1,-1.344375038E1,-2.443125153E1
4.568765894E1,2.788125038E1,-1.393125057E1,-2.960625076E1
4.569765894E1,3.195000076E1,-1.395000076E1,-3.358125305E1
4.570765894E1,3.052500153E1,-1.119375038E1,-3.346875000E1
4.571765894E1,2.383125114E1,-1.340625095E1,-2.990625191E1
4.572765894E1,2.105625153E1,-1.325625038E1,-2.409375191E1
4.573765894E1,2.199375153E1,-1.306875038E1,-2.506875038E1
4.574765894E1,2.745000076E1,-1.269375038E1,-2.940000153E1
4.575765894E1,3.256875229E1,-1.192500019E1,-3.611250305E1
4.576765894E1,3.166875076E1,-1.080000019E1,-3.352500153E1
4.577765894E1,2.514375114E1,-1.293750095E1,-2.731875038E1
4.578765894E1,2.156250000E1,-1.400625038E1,-2.325000000E1
4.579765894E1,2.266875076E1,-1.428750038E1,-2.512500191E1
4.580765894E1,2.904375076E1,-1.477500057E1,-2.784375191E1
4.581765894E1,3.031875038E1,-1.171875000E1,-3.530625153E1
4.582765894E1,3.031875038E1,-1.171875000E1,-3.530625153E1
4.583765894E1,2.583750153E1,-1.250625038E1,-3.078750038E1
4.584765894E1,2.257500076E1,-1.365000057E1,-2.454375076E1
4.585765894E1,2.726250076E1,-1.681875038E1,-2.904375076E1
4.586765894E1,2.726250076E1,-1.681875038E1,-2.904375076E1
4.587765894E1,3.211875153E1,-1.286250019E1,-3.476250076E1
4.588765894E1,2.535000038E1,-1.441875076E1,-3.015000153E1
4.589765894E1,2.079375076E1,-1.329375076E1,-2.518125153E1
4.590765894E1,2.221875000E1,-1.524375057E1,-2.379375076E1
4.591765894E1,2.726250076E1,-1.380000019E1,-2.898750114E1
4.592765894E1,3.243750000E1,-1.381875038E1,-3.562500000E1
4.593765894E1,3.170625114E1,-1.158750057E1,-3.346875000E1
4.594765894E1,2.628750038E1,-1.132500076E1,-2.902500153E1
4.595765894E1,2.064375114E1,-1.438125038E1,-2.353125000E1
4.596765894E1,2.238750076E1,-1.505625057E1,-2.349375153E1
4.597765894E1,2.746875191E1,-1.505625057E1,-2.904375076E1
4.598765894E1,3.018750191E1,-1.597500038E1,-3.448125076E1
4.599765894E1,3.061875153E1,-1.205625057E1,-3.652500153E1
4.600765894E1,2.484375191E1,-1.460625076E1,-2.966250038E1
4.601765894E1,2.216250038E1,-1.321875095E1,-2.520000076E1
4.602765894E1,2.238750076E1,-1.507500076E1,-2.396250153E1
4.603765894E1,2.623125076E1,-1.605000114E1,-2.769375038E1
4.604765894E1,3.165000153E1,-1.385625076E1,-3.515625000E1
4.605765894E1,3.001875114E1,-1.168125057E1,-3.311250305E1
4.606765894E1,2.505000114E1,-1.108125019E1,-2.855625153E1
4.607765894E1,2.041875076E1,-1.376250076E1,-2.388750076E1
4.608765894E1,2.266875076E1,-1.728750038E1,-2.488125038E1
4.609765894E1,2.696250153E1,-1.824375153E1,-2.861250114E1
4.610765894E1,3.129375076E1,-1.211250019E1,-3.435000229E1
4.611765894E1,2.850000191E1,-1.119375038E1,-3.515625000E1
4.612765894E1,2.137500000E1,-1.046250057E1,-2.715000153E1
4.613765894E1,2.038125038E1,-1.295625019E1,-2.332500076E1
4.614765894E1,2.653125191E1,-1.477500057E1,-2.218125153E1
4.615765894E1,3.166875076E1,-1.668750000E1,-2.820000076E1
4.616765894E1,3.213750076E1,-1.430625057E1,-3.543750000E1
4.617765894E1,2.589375114E1,-1.320000076E1,-3.307500076E1
4.618765894E1,2.094375038E1,-1.162500000E1,-2.782500076E1
4.619765894E1,1.933125114E1,-1.460625076E1,-2.302500153E1
4.620765894E1,2.604375076E1,-1.578750038E1,-2.302500153E1
4.621765894E1,3.318750000E1,-1.376250076E1,-2.908125114E1
4.622765894E1,3.213750076E1,-1.378125095E1,-3.328125000E1
4.623765894E1,2.793750191E1,-1.276875019E1,-3.361875153E1
4.624765894E1,2.105625153E1,-1.130625057E1,-2.848125076E1
4.625765894E1,1.908750153E1,-1.441875076E1,-2.131875038E1
4.626765894E1,2.409375191E1,-1.590000057E1,-2.328750038E1
4.627765894E1,3.153750038E1,-1.462500095E1,-2.790000153E1
4.628765894E1,3.433125305E1,-1.290000057E1,-3.495000076E1
4.629765894E1,3.024375153E1,-1.074375057E1,-3.382500076E1
4.630765894E1,2.223750114E1,-1.141875076E1,-2.941875076E1
4.631765894E1,1.936875153E1,-1.417500019E1,-2.476875114E1
4.632765894E1,2.458125114E1,-1.336875057E1,-2.413125038E1
4.633765894E1,3.219375229E1,-1.494375038E1,-2.928750038E1
4.634765894E1,3.504375076E1,-1.314375019E1,-3.386250305E1
4.635765894E1,2.930625153E1,-1.113750076E1,-3.487500000E1
4.636765894E1,2.203125000E1,-1.164375019E1,-3.112500191E1
4.637765894E1,1.908750153E1,-1.340625095E1,-2.514375114E1
4.638765894E1,2.478750038E1,-1.492500019E1,-2.401875114E1
4.639765894E1,3.136875153E1,-1.417500019E1,-2.823750114E1
4.640765894E1,3.393750000E1,-1.400625038E1,-3.406875229E1
4.641765894E1,3.043125153E1,-1.201875019E1,-3.496875000E1
4.642765894E1,2.313750076E1,-1.074375057E1,-2.981250191E1
4.643765894E1,2.085000038E1,-1.438125038E1,-2.430000114E1
4.644765894E1,2.371875000E1,-1.449375057E1,-2.325000000E1
4.645765894E1,3.290625000E1,-1.455000019E1,-2.823750114E1
4.646765894E1,3.506250000E1,-1.395000076E1,-3.457500076E1
4.647765894E1,3.187500191E1,-1.113750076E1,-3.474375153E1
4.648765894E1,2.420625114E1,-1.293750095E1,-3.166875076E1
4.649765894E1,2.141250038E1,-1.291875076E1,-2.366250038E1
4.650765894E1,2.448750114E1,-1.543125057E1,-2.413125038E1
4.651765894E1,3.052500153E1,-1.706250000E1,-2.782500076E1
4.652765894E1,3.423750305E1,-1.496250057E1,-3.493125153E1
4.653765894E1,2.973750114E1,-1.415625095E1,-3.650625229E1
4.654765894E1,2.379375076E1,-1.230000019E1,-3.000000191E1
4.655765894E1,2.002500153E1,-1.271250057E1,-2.506875038E1
4.656765894E1,2.293125153E1,-1.507500076E1,-2.536875153E1
4.657765894E1,3.116250038E1,-1.569375038E1,-2.546250153E1
4.658765894E1,3.433125305E1,-1.361250019E1,-3.193125153E1
4.659765894E1,2.966250038E1,-1.348125076E1,-3.451875305E1
4.660765894E1,2.473125076E1,-1.428750038E1,-2.970000076E1
4.661765894E1,2.073750114E1,-1.254375076E1,-2.602500153E1
4.662765894E1,2.332500076E1,-1.591875076E1,-2.218125153E1
4.663765894E1,3.095625114E1,-1.507500076E1,-2.535000038E1
4.664765894E1,3.435000229E1,-1.443750095E1,-3.296250153E1
4.665765894E1,3.103125191E1,-1.288125038E1,-3.240000153E1
4.666765894E1,2.366250038E1,-1.140000057E1,-3.178125191E1
4.667765894E1,1.981875038E1,-1.445625019E1,-2.506875038E1
4.668765894E1,2.390625000E1,-1.453125095E1,-2.512500191E1
4.669765894E1,3.028125191E1,-1.501875019E1,-2.816250038E1
4.670765894E1,3.253125000E1,-1.546875095E1,-3.189375114E1
4.671765894E1,3.135000038E1,-1.164375019E1,-3.470625305E1
4.672765894E1,2.190000153E1,-1.653750038E1,-3.039375114E1
4.673765894E1,2.011875153E1,-1.365000057E1,-2.514375114E1
4.674765894E1,2.250000000E1,-1.691250038E1,-2.193750000E1
4.675765894E1,3.024375153E1,-1.638750076E1,-2.568750191E1
4.676765894E1,3.519375229E1,-1.276875019E1,-3.200625229E1
4.677765894E1,3.075000191E1,-1.365000057E1,-3.123750114E1
4.678765894E1,2.278125000E1,-1.235625076E1,-2.966250038E1
4.679765894E1,2.101875114E1,-1.151250076E1,-2.407500076E1
4.680765894E1,2.340000153E1,-1.449375057E1,-2.246250153E1
4.681765894E1,3.015000153E1,-1.419375038E1,-2.634375191E1
4.682765894E1,3.416250229E1,-1.230000019E1,-3.000000191E1
4.683765894E1,3.095625114E1,-1.273125076E1,-3.303750229E1
4.684765894E1,2.321250153E1,-1.141875076E1,-3.178125191E1
4.685765894E1,1.942500114E1,-1.410000038E1,-2.244375038E1
4.686765894E1,2.274375153E1,-1.325625038E1,-2.161875153E1
4.687765894E1,2.898750114E1,-1.408125019E1,-2.540625191E1
4.688765894E1,3.256875229E1,-1.387500095E1,-3.172500038E1
4.689765894E1,3.101250076E1,-1.196250057E1,-3.420000076E1
4.690765894E1,2.385000038E1,-9.768750191E0,-3.005625153E1
4.691765894E1,1.938750076E1,-1.143750000E1,-2.343750000E1
4.692765894E1,2.300625038E1,-1.342500019E1,-2.300625038E1
4.693765894E1,2.906250191E1,-1.473750019E1,-2.628750038E1
4.694765894E1,3.502500153E1,-1.231875038E1,-3.251250076E1
4.695765894E1,2.981250191E1,-1.312500095E1,-3.300000000E1
4.696765894E1,2.332500076E1,-1.203750038E1,-3.142500114E1
4.697765894E1,2.032500076E1,-1.365000057E1,-2.546250153E1
4.698765894E1,2.400000000E1,-1.246875095E1,-2.514375114E1
4.699765894E1,2.814375114E1,-1.271250057E1,-2.550000191E1
4.700765894E1,3.451875305E1,-1.374375057E1,-3.097500038E1
4.701765894E1,3.138750076E1,-1.005000019E1,-3.436875153E1
4.702765894E1,2.255625153E1,-1.329375076E1,-2.895000076E1
4.703765894E1,1.989375114E1,-1.365000057E1,-2.435625076E1
4.704765894E1,2.278125000E1,-1.342500019E1,-2.253750038E1
4.705765894E1,3.000000191E1,-1.310625076E1,-2.690625191E1
4.706765894E1,3.245625305E1,-1.449375057E1,-3.105000114E1
4.707765894E1,2.998125076E1,-1.295625019E1,-3.316875076E1
4.708765894E1,2.463750076E1,-1.243125057E1,-3.093750191E1
4.709765894E1,1.942500114E1,-1.338750076E1,-2.546250153E1
4.710765894E1,2.255625153E1,-1.460625076E1,-2.478750038E1
4.711765894E1,2.799375153E1,-1.556250095E1,-2.542500114E1
4.712765894E1,3.264375305E1,-1.398750019E1,-3.030000114E1
4.713765894E1,3.093750191E1,-1.185000038E1,-3.515625000E1
4.714765894E1,2.497500038E1,-1.293750095E1,-3.309375000E1
4.715765894E1,2.171250153E1,-1.261875057E1,-2.540625191E1
4.716765894E1,2.218125153E1,-1.258125019E1,-2.510625076E1
4.717765894E1,2.983125114E1,-1.201875019E1,-2.730000114E1
4.718765894E1,3.275625229E1,-1.299375057E1,-3.461250305E1
4.719765894E1,3.060000038E1,-1.331250095E1,-3.611250305E1
4.720765894E1,2.512500191E1,-1.070625019E1,-3.311250305E1
4.721765894E1,1.995000076E1,-1.280625057E1,-2.833125114E1
4.722765894E1,2.345625114E1,-1.331250095E1,-2.583750153E1
4.723765894E1,2.913750076E1,-1.200000000E1,-3.120000076E1
4.724765894E1,3.249375153E1,-1.220625019E1,-3.420000076E1
4.725765894E1,3.121875191E1,-1.222500038E1,-3.810000229E1
4.726765894E1,2.640000153E1,-1.147500038E1,-3.463125229E1
4.727765894E1,2.055000114E1,-1.327500057E1,-2.955000114E1
4.728765894E1,2.315625000E1,-1.351875019E1,-2.675625038E1
4.729765894E1,2.827500153E1,-1.428750038E1,-3.178125191E1
4.730765894E1,3.307500076E1,-1.569375038E1,-3.579375076E1
4.731765894E1,2.917500114E1,-1.348125076E1,-3.935625076E1
4.732765894E1,2.360625076E1,-1.449375057E1,-3.528750229E1
4.733765894E1,2.013750076E1,-1.522500038E1,-3.110625076E1
4.734765894E1,2.036250114E1,-1.623750114E1,-2.743125153E1
4.735765894E1,2.760000038E1,-1.620000076E1,-3.050625038E1
4.736765894E1,3.343125153E1,-1.417500019E1,-3.358125305E1
4.737765894E1,3.236250305E1,-1.368750095E1,-3.658125305E1
4.738765894E1,2.580000114E1,-1.308750057E1,-3.450000000E1
4.739765894E1,1.955625153E1,-1.743750000E1,-2.951250076E1
4.740765894E1,2.199375153E1,-1.548750019E1,-2.658750153E1
4.741765894E1,2.902500153E1,-1.625625038E1,-2.990625191E1
4.742765894E1,3.412500000E1,-1.537500095E1,-3.225000000E1
4.743765894E1,3.178125191E1,-1.612500000E1,-3.761250305E1
4.744765894E1,2.561250114E1,-1.597500038E1,-3.581250000E1
4.745765894E1,2.302500153E1,-1.500000095E1,-2.898750114E1
4.746765894E1,2.238750076E1,-1.683750153E1,-2.506875038E1
4.747765894E1,2.906250191E1,-1.704375076E1,-3.015000153E1
4.748765894E1,3.435000229E1,-1.503750038E1,-3.211875153E1
4.749765894E1,3.324375153E1,-1.376250076E1,-3.517500305E1
4.750765894E1,2.705625153E1,-1.486875057E1,-3.281250000E1
4.751765894E1,2.113125038E1,-1.713750076E1,-2.782500076E1
4.752765894E1,2.317500114E1,-1.503750038E1,-2.430000114E1
4.753765894E1,2.861250114E1,-1.745625114E1,-2.683125114E1
4.754765894E1,3.330000305E1,-1.584375095E1,-2.985000038E1
4.755765894E1,3.277500153E1,-1.689375114E1,-3.288750076E1
4.756765894E1,2.593125153E1,-1.616250038E1,-3.142500114E1
4.757765894E1,2.191875076E1,-1.781250000E1,-2.512500191E1
4.758765894E1,2.424375153E1,-1.700625038E1,-2.321250153E1
4.759765894E1,2.810625076E1,-1.708125114E1,-2.326875114E1
4.760765894E1,3.313125229E1,-1.753125000E1,-2.799375153E1
4.761765894E1,3.178125191E1,-1.659375000E1,-3.101250076E1
4.762765894E1,2.793750191E1,-1.440000057E1,-2.926875114E1
4.763765894E1,2.255625153E1,-1.398750019E1,-2.484375191E1
4.764765894E1,2.377500153E1,-1.713750076E1,-2.115000153E1
4.765765894E1,2.671875191E1,-1.852500153E1,-2.077500153E1
4.766765894E1,3.408750153E1,-1.680000114E1,-2.634375191E1
4.767765894E1,3.307500076E1,-1.438125038E1,-2.808750153E1
4.768765894E1,2.709375191E1,-1.674375153E1,-2.608125114E1
4.769765894E1,2.452500153E1,-1.473750019E1,-2.231250000E1
4.770765894E1,2.499375153E1,-1.417500019E1,-1.970625114E1
4.771765894E1,2.844375038E1,-1.537500095E1,-1.918125153E1
4.772765894E1,3.294375229E1,-1.541250038E1,-2.503125191E1
4.773765894E1,3.305625153E1,-1.503750038E1,-2.881875038E1
4.774765894E1,2.347500038E1,-1.151250076E1,-2.349375153E1
4.775765894E1,2.347500038E1,-1.151250076E1,-2.349375153E1
4.776765894E1,2.370000076E1,-1.522500038E1,-2.053125000E1
4.777765894E1,3.352500153E1,-1.381875038E1,-2.596875191E1
4.778765894E1,3.352500153E1,-1.381875038E1,-2.596875191E1
4.779765894E1,3.378750229E1,-1.091250038E1,-2.996250153E1
4.780765894E1,2.416875076E1,-1.447500038E1,-2.356875038E1
4.781765894E1,2.265000153E1,-1.501875019E1,-2.240625000E1
4.782765894E1,2.737500191E1,-1.488750076E1,-2.203125000E1
4.783765894E1,3.268125153E1,-1.372500038E1,-2.611875153E1
4.784765894E1,3.251250076E1,-1.246875095E1,-3.245625305E1
4.785765894E1,2.806875038E1,-1.126875019E1,-3.046875191E1
4.786765894E1,2.469375038E1,-1.235625076E1,-2.797500038E1
4.787765894E1,2.488125038E1,-1.318125057E1,-2.353125000E1
4.788765894E1,2.788125038E1,-1.410000038E1,-2.351250076E1
4.789765894E1,3.189375114E1,-1.376250076E1,-2.563125038E1
4.790765894E1,3.204375076E1,-1.408125019E1,-3.217500305E1
4.791765894E1,2.786250114E1,-1.303125095E1,-3.125625038E1
4.792765894E1,2.340000153E1,-1.256250095E1,-2.700000191E1
4.793765894E1,2.280000114E1,-1.342500019E1,-2.223750114E1
4.794765894E1,2.840625191E1,-1.391250038E1,-2.338125038E1
4.795765894E1,3.318750000E1,-1.230000019E1,-2.763750076E1
4.796765894E1,3.331875229E1,-1.209375095E1,-3.234375000E1
4.797765894E1,2.876250076E1,-1.113750076E1,-3.330000305E1
4.798765894E1,2.538750076E1,-1.436250019E1,-2.829375076E1
4.799765894E1,2.441250038E1,-1.353750038E1,-2.396250153E1
4.800765894E1,2.782500076E1,-1.516875076E1,-2.201250076E1
4.801765894E1,3.333750153E1,-1.402500057E1,-2.718750191E1
4.802765894E1,3.285000229E1,-1.363125038E1,-3.502500153E1
4.803765894E1,3.048750114E1,-1.040625000E1,-3.354375076E1
4.804765894E1,2.394375038E1,-1.308750057E1,-3.071250153E1
4.805765894E1,2.385000038E1,-1.440000057E1,-2.576250076E1
4.806765894E1,2.765625191E1,-1.432500076E1,-2.551875114E1
4.807765894E1,3.198750114E1,-1.490625095E1,-2.788125038E1
4.808765894E1,3.331875229E1,-1.387500095E1,-3.391875076E1
4.809765894E1,2.996250153E1,-1.297500038E1,-3.425625229E1
4.810765894E1,2.456250191E1,-1.539375019E1,-2.911875153E1
4.811765894E1,2.407500076E1,-1.438125038E1,-2.576250076E1
4.812765894E1,2.784375191E1,-1.413750076E1,-2.506875038E1
4.813765894E1,3.204375076E1,-1.560000038E1,-3.016875076E1
4.814765894E1,3.380625153E1,-1.464375019E1,-3.418125153E1
4.815765894E1,2.992500114E1,-1.395000076E1,-3.511875153E1
4.816765894E1,2.523750114E1,-1.505625057E1,-2.994375038E1
4.817765894E1,2.199375153E1,-1.640625000E1,-2.555625153E1
4.818765894E1,2.761875153E1,-1.415625095E1,-2.505000114E1
4.819765894E1,3.283125305E1,-1.535625076E1,-2.863125038E1
4.820765894E1,3.232500076E1,-1.505625057E1,-3.412500000E1
4.821765894E1,3.045000076E1,-1.200000000E1,-3.388125229E1
4.822765894E1,2.398125076E1,-1.305000019E1,-2.915625191E1
4.823765894E1,2.416875076E1,-1.355625057E1,-2.428125191E1
4.824765894E1,2.668125153E1,-1.432500076E1,-2.300625038E1
4.825765894E1,3.195000076E1,-1.413750076E1,-2.793750191E1
4.826765894E1,3.305625153E1,-1.464375019E1,-3.228750229E1
4.827765894E1,2.844375038E1,-1.498125076E1,-3.453750229E1
4.828765894E1,2.576250076E1,-1.306875038E1,-2.793750191E1
4.829765894E1,2.311875153E1,-1.486875057E1,-2.415000153E1
4.830765894E1,2.595000076E1,-1.503750038E1,-2.495625114E1
4.831765894E1,3.210000229E1,-1.398750019E1,-2.889375114E1
4.832765894E1,3.196875191E1,-1.393125057E1,-3.279375076E1
4.833765894E1,2.896875191E1,-1.177500057E1,-3.388125229E1
4.834765894E1,2.491875076E1,-1.318125057E1,-3.041250038E1
4.835765894E1,2.326875114E1,-1.321875095E1,-2.741250038E1
4.836765894E1,2.568750191E1,-1.665000153E1,-2.559375191E1
4.837765894E1,3.005625153E1,-1.501875019E1,-2.737500191E1
4.838765894E1,3.241875076E1,-1.361250019E1,-3.393750000E1
4.839765894E1,2.863125038E1,-1.325625038E1,-3.562500000E1
4.840765894E1,2.428125191E1,-1.400625038E1,-3.033750153E1
4.841765894E1,2.355000114E1,-1.365000057E1,-2.690625191E1
4.842765894E1,2.596875191E1,-1.586250019E1,-2.598750114E1
4.843765894E1,3.129375076E1,-1.488750076E1,-3.131250191E1
4.844765894E1,3.168750191E1,-1.494375038E1,-3.474375153E1
4.845765894E1,2.883750153E1,-1.481250095E1,-3.502500153E1
4.846765894E1,2.604375076E1,-1.252500057E1,-3.189375114E1
4.847765894E1,2.323125076E1,-1.447500038E1,-2.761875153E1
4.848765894E1,2.525625038E1,-1.603125000E1,-2.501250076E1
4.849765894E1,3.020625114E1,-1.396875095E1,-2.981250191E1
4.850765894E1,3.226875305E1,-1.490625095E1,-3.444375229E1
4.851765894E1,2.932500076E1,-1.288125038E1,-3.519375229E1
4.852765894E1,2.401875114E1,-1.470000076E1,-3.151875114E1
4.853765894E1,2.270625114E1,-1.468125057E1,-2.806875038E1
4.854765894E1,2.523750114E1,-1.605000114E1,-2.533125114E1
4.855765894E1,3.037500191E1,-1.597500038E1,-2.823750114E1
4.856765894E1,3.270000076E1,-1.500000095E1,-3.271875000E1
4.857765894E1,2.998125076E1,-1.473750019E1,-3.504375076E1
4.858765894E1,2.461875153E1,-1.513125038E1,-3.180000114E1
4.859765894E1,2.343750000E1,-1.582500076E1,-2.469375038E1
4.860765894E1,2.598750114E1,-1.676250076E1,-2.418750191E1
4.861765894E1,3.000000191E1,-1.663125038E1,-2.880000114E1
4.862765894E1,3.181875038E1,-1.584375095E1,-3.264375305E1
4.863765894E1,3.026250076E1,-1.486875057E1,-3.457500076E1
4.864765894E1,2.536875153E1,-1.462500095E1,-3.217500305E1
4.865765894E1,2.281875038E1,-1.415625095E1,-2.608125114E1
4.866765894E1,2.681250191E1,-1.576875019E1,-2.413125038E1
4.867765894E1,2.851875114E1,-1.860000038E1,-2.782500076E1
4.868765894E1,3.320625305E1,-1.575000095E1,-3.219375229E1
4.869765894E1,3.127500153E1,-1.368750095E1,-3.360000229E1
4.870765894E1,2.716875076E1,-1.494375038E1,-2.998125076E1
4.871765894E1,2.463750076E1,-1.436250019E1,-2.608125114E1
4.872765894E1,2.677500153E1,-1.496250057E1,-2.388750076E1
4.873765894E1,3.106875038E1,-1.381875038E1,-2.638125038E1
4.874765894E1,3.206250000E1,-1.312500095E1,-3.208125305E1
4.875765894E1,3.183750153E1,-1.335000038E1,-3.457500076E1
4.876765894E1,2.756250191E1,-1.351875019E1,-3.105000114E1
4.877765894E1,2.452500153E1,-1.404375076E1,-2.611875153E1
4.878765894E1,2.690625191E1,-1.338750076E1,-2.433750153E1
4.879765894E1,2.893125153E1,-1.483125019E1,-2.392500114E1
4.880765894E1,3.260625076E1,-1.402500057E1,-3.187500191E1
4.881765894E1,3.031875038E1,-1.263750076E1,-3.397500229E1
4.882765894E1,2.660625076E1,-1.278750038E1,-3.125625038E1
4.883765894E1,2.356875038E1,-1.301250076E1,-2.649375153E1
4.884765894E1,2.660625076E1,-1.295625019E1,-2.529375076E1
4.885765894E1,2.823750114E1,-1.483125019E1,-2.814375114E1
4.886765894E1,3.110625076E1,-1.230000019E1,-3.495000076E1
4.887765894E1,3.043125153E1,-1.348125076E1,-3.594375229E1
4.888765894E1,2.613750076E1,-1.368750095E1,-3.397500229E1
4.889765894E1,2.306250000E1,-1.466250038E1,-2.806875038E1
4.890765894E1,2.540625191E1,-1.411875057E1,-2.486250114E1
4.891765894E1,3.031875038E1,-1.278750038E1,-2.756250191E1
4.892765894E1,3.221250153E1,-1.299375057E1,-3.335625076E1
4.893765894E1,3.009375191E1,-1.350000095E1,-3.639375305E1
4.894765894E1,2.542500114E1,-1.417500019E1,-3.283125305E1
4.895765894E1,2.306250000E1,-1.558125019E1,-2.673750114E1
4.896765894E1,2.645625114E1,-1.402500057E1,-2.364375114E1
4.897765894E1,2.842500114E1,-1.496250057E1,-2.718750191E1
4.898765894E1,3.138750076E1,-1.398750019E1,-3.356250000E1
4.899765894E1,3.166875076E1,-1.498125076E1,-3.583125305E1
4.900765894E1,2.703750038E1,-1.550625038E1,-3.352500153E1
4.901765894E1,2.467500114E1,-1.507500076E1,-2.915625191E1
4.902765894E1,2.559375191E1,-1.633125114E1,-2.469375038E1
4.903765894E1,3.050625038E1,-1.385625076E1,-2.638125038E1
4.904765894E1,3.125625038E1,-1.588125038E1,-3.294375229E1
4.905765894E1,3.148125076E1,-1.516875076E1,-3.675000000E1
4.906765894E1,2.868750191E1,-1.338750076E1,-3.498750305E1
4.907765894E1,2.458125114E1,-1.599375057E1,-2.782500076E1
4.908765894E1,2.595000076E1,-1.661250114E1,-2.405625153E1
4.909765894E1,2.943750191E1,-1.612500000E1,-2.617500114E1
4.910765894E1,3.202500153E1,-1.410000038E1,-3.294375229E1
4.911765894E1,3.110625076E1,-1.530000019E1,-3.502500153E1
4.912765894E1,2.859375191E1,-1.524375057E1,-3.264375305E1
4.913765894E1,2.437500191E1,-1.535625076E1,-2.724375153E1
4.914765894E1,2.634375191E1,-1.610625076E1,-2.409375191E1
4.915765894E1,2.932500076E1,-1.520625019E1,-2.686875153E1
4.916765894E1,3.298125076E1,-1.513125038E1,-3.256875229E1
4.917765894E1,3.200625229E1,-1.650000000E1,-3.431250000E1
4.918765894E1,2.962500191E1,-1.301250076E1,-3.425625229E1
4.919765894E1,2.536875153E1,-1.593750095E1,-2.784375191E1
4.920765894E1,2.570625114E1,-1.755000114E1,-2.334375000E1
4.921765894E1,2.833125114E1,-1.646250153E1,-2.441250038E1
4.922765894E1,3.187500191E1,-1.576875019E1,-3.030000114E1
4.923765894E1,3.221250153E1,-1.651875114E1,-3.540000153E1
4.924765894E1,2.808750153E1,-1.625625038E1,-3.380625153E1
4.925765894E1,2.692500114E1,-1.483125019E1,-2.514375114E1
4.926765894E1,2.435625076E1,-1.666875076E1,-2.323125076E1
4.927765894E1,2.724375153E1,-1.702500153E1,-2.465625191E1
4.928765894E1,3.230625153E1,-1.608750153E1,-3.106875038E1
4.929765894E1,3.185625076E1,-1.509375095E1,-3.489375305E1
4.930765894E1,2.906250191E1,-1.449375057E1,-3.536250305E1
4.931765894E1,2.433750153E1,-1.786875153E1,-2.656875038E1
4.932765894E1,2.450625038E1,-1.717500114E1,-2.413125038E1
4.933765894E1,2.656875038E1,-1.910625076E1,-2.463750076E1
4.934765894E1,3.151875114E1,-1.706250000E1,-3.003750038E1
4.935765894E1,3.127500153E1,-1.846875000E1,-3.523125076E1
4.936765894E1,2.949375153E1,-1.614375114E1,-3.273750305E1
4.937765894E1,2.568750191E1,-1.726875114E1,-2.508750153E1
4.938765894E1,2.398125076E1,-1.867500114E1,-2.025000000E1
4.939765894E1,2.748750114E1,-1.696875000E1,-2.310000038E1
4.940765894E1,3.086250114E1,-1.674375153E1,-2.865000153E1
4.941765894E1,3.016875076E1,-1.848750114E1,-3.363750076E1
4.942765894E1,2.932500076E1,-1.627500153E1,-3.178125191E1
4.943765894E1,2.574375153E1,-1.771875000E1,-2.426250076E1
4.944765894E1,2.422500038E1,-1.771875000E1,-2.064375114E1
4.945765894E1,2.823750114E1,-1.777500153E1,-1.946250153E1
4.946765894E1,3.178125191E1,-1.584375095E1,-2.638125038E1
4.947765894E1,3.180000114E1,-1.563750076E1,-3.125625038E1
4.948765894E1,3.101250076E1,-1.505625057E1,-3.082500076E1
4.949765894E1,2.490000153E1,-1.584375095E1,-2.300625038E1
4.950765894E1,2.503125191E1,-1.588125038E1,-1.861875153E1
4.951765894E1,2.688750076E1,-1.483125019E1,-1.858125114E1
4.952765894E1,3.015000153E1,-1.543125057E1,-2.546250153E1
4.953765894E1,3.153750038E1,-1.640625000E1,-2.977500153E1
4.954765894E1,2.908125114E1,-1.578750038E1,-3.056250191E1
4.955765894E1,2.544375038E1,-1.428750038E1,-2.533125114E1
4.956765894E1,2.420625114E1,-1.421250057E1,-1.906875038E1
4.957765894E1,2.812500191E1,-1.447500038E1,-1.972500038E1
4.958765894E1,3.303750229E1,-1.243125057E1,-2.606250191E1
4.959765894E1,3.256875229E1,-1.385625076E1,-3.125625038E1
4.960765894E1,2.945625114E1,-1.417500019E1,-2.992500114E1
4.961765894E1,2.578125191E1,-1.282500076E1,-2.435625076E1
4.962765894E1,2.499375153E1,-1.417500019E1,-1.970625114E1
4.963765894E1,2.623125076E1,-1.402500057E1,-2.302500153E1
4.964765894E1,3.105000114E1,-1.385625076E1,-2.748750114E1
4.965765894E1,3.226875305E1,-1.314375019E1,-3.318750000E1
4.966765894E1,2.771250153E1,-1.387500095E1,-2.649375153E1
4.967765894E1,2.771250153E1,-1.387500095E1,-2.649375153E1
4.968765894E1,2.495625114E1,-1.331250095E1,-2.259375000E1
4.969765894E1,2.782500076E1,-1.518750095E1,-2.231250000E1
4.970765894E1,3.343125153E1,-1.263750076E1,-3.496875000E1
4.971765894E1,3.343125153E1,-1.263750076E1,-3.496875000E1
4.972765894E1,3.033750153E1,-1.408125019E1,-3.463125229E1
4.973765894E1,2.323125076E1,-1.674375153E1,-2.289375114E1
4.974765894E1,2.758125114E1,-1.314375019E1,-2.233125114E1
4.975765894E1,3.099375153E1,-1.246875095E1,-2.883750153E1
4.976765894E1,3.330000305E1,-1.297500038E1,-3.525000000E1
4.977765894E1,3.101250076E1,-1.374375057E1,-3.577500153E1
4.978765894E1,2.868750191E1,-1.117500019E1,-2.861250114E1
4.979765894E1,2.409375191E1,-1.342500019E1,-2.521875191E1
4.980765894E1,2.589375114E1,-1.468125057E1,-2.265000153E1
4.981765894E1,2.985000038E1,-1.400625038E1,-3.041250038E1
4.982765894E1,3.247500229E1,-1.276875019E1,-3.759375000E1
4.983765894E1,3.084375191E1,-1.235625076E1,-3.650625229E1
4.984765894E1,2.797500038E1,-1.271250057E1,-3.127500153E1
4.985765894E1,2.377500153E1,-1.340625095E1,-2.413125038E1
4.986765894E1,2.645625114E1,-1.486875057E1,-2.544375038E1
4.987765894E1,2.842500114E1,-1.695000076E1,-3.108750153E1
4.988765894E1,3.153750038E1,-1.531875038E1,-3.628125000E1
4.989765894E1,2.936250114E1,-1.485000038E1,-3.768750000E1
4.990765894E1,2.553750038E1,-1.445625019E1,-3.202500153E1
4.991765894E1,2.368125153E1,-1.455000019E1,-2.512500191E1
4.992765894E1,2.501250076E1,-1.576875019E1,-2.613750076E1
4.993765894E1,2.857500076E1,-1.597500038E1,-3.024375153E1
4.994765894E1,3.013125038E1,-1.481250095E1,-3.832500076E1
4.995765894E1,2.780625153E1,-1.635000038E1,-3.721875000E1
4.996765894E1,2.700000191E1,-1.355625057E1,-3.103125191E1
4.997765894E1,2.285625076E1,-1.586250019E1,-2.531250191E1
4.998765894E1,2.356875038E1,-1.734375000E1,-2.285625076E1
4.999765894E1,2.850000191E1,-1.708125114E1,-2.983125114E1
5.000765894E1,3.151875114E1,-1.417500019E1,-3.511875153E1
5.001765894E1,3.065625191E1,-1.376250076E1,-3.575625229E1
5.002765894E1,2.559375191E1,-1.440000057E1,-2.985000038E1
5.003765894E1,2.345625114E1,-1.580625057E1,-2.392500114E1
5.004765894E1,2.536875153E1,-1.633125114E1,-2.469375038E1
5.005765894E1,2.782500076E1,-1.680000114E1,-2.985000038E1
5.006765894E1,3.292500305E1,-1.458750057E1,-3.588750076E1
5.007765894E1,3.054375076E1,-1.316250038E1,-3.675000000E1
5.008765894E1,2.563125038E1,-1.610625076E1,-2.846250153E1
5.009765894E1,2.475000191E1,-1.473750019E1,-2.231250000E1
5.010765894E1,2.458125114E1,-1.666875076E1,-2.370000076E1
5.011765894E1,2.893125153E1,-1.593750095E1,-2.962500191E1
5.012765894E1,3.150000191E1,-1.419375038E1,-3.590625000E1
5.013765894E1,3.118125153E1,-1.327500057E1,-3.581250000E1
5.014765894E1,2.656875038E1,-1.571250057E1,-2.803125191E1
5.015765894E1,2.368125153E1,-1.526250076E1,-2.208750153E1
5.016765894E1,2.469375038E1,-1.584375095E1,-2.221875000E1
5.017765894E1,3.097500038E1,-1.310625076E1,-2.910000038E1
5.018765894E1,3.076875114E1,-1.531875038E1,-3.470625305E1
5.019765894E1,3.084375191E1,-1.503750038E1,-3.660000229E1
5.020765894E1,2.576250076E1,-1.483125019E1,-2.872500038E1
5.021765894E1,2.420625114E1,-1.526250076E1,-2.351250076E1
5.022765894E1,2.416875076E1,-1.603125000E1,-2.235000038E1
5.023765894E1,2.925000191E1,-1.509375095E1,-2.812500191E1
5.024765894E1,3.251250076E1,-1.417500019E1,-3.701250076E1
5.025765894E1,3.153750038E1,-1.314375019E1,-3.785625076E1
5.026765894E1,2.823750114E1,-1.537500095E1,-3.060000038E1
5.027765894E1,2.302500153E1,-1.363125038E1,-2.456250191E1
5.028765894E1,2.486250114E1,-1.659375000E1,-2.105625153E1
5.029765894E1,2.836875153E1,-1.593750095E1,-2.851875114E1
5.030765894E1,3.225000000E1,-1.576875019E1,-3.688125229E1
5.031765894E1,3.316875076E1,-1.333125019E1,-3.646875000E1
5.032765894E1,2.756250191E1,-1.621875000E1,-3.161250114E1
5.033765894E1,2.400000000E1,-1.674375153E1,-2.478750038E1
5.034765894E1,2.589375114E1,-1.560000038E1,-2.210625076E1
5.035765894E1,2.848125076E1,-1.625625038E1,-2.880000114E1
5.036765894E1,3.399375153E1,-1.501875019E1,-3.648750305E1
5.037765894E1,3.296250153E1,-1.599375057E1,-3.545625305E1
5.038765894E1,2.823750114E1,-1.483125019E1,-2.814375114E1
5.039765894E1,2.535000038E1,-1.706250000E1,-2.197500038E1
5.040765894E1,2.428125191E1,-1.633125114E1,-2.201250076E1
5.041765894E1,3.033750153E1,-1.578750038E1,-2.700000191E1
5.042765894E1,3.275625229E1,-1.473750019E1,-3.540000153E1
5.043765894E1,3.427500153E1,-1.513125038E1,-3.586875153E1
5.044765894E1,2.962500191E1,-1.400625038E1,-3.011250114E1
5.045765894E1,2.523750114E1,-1.344375038E1,-2.274375153E1
5.046765894E1,2.340000153E1,-1.481250095E1,-2.197500038E1
5.047765894E1,2.780625153E1,-1.419375038E1,-2.724375153E1
5.048765894E1,3.414375305E1,-1.464375019E1,-3.496875000E1
5.049765894E1,3.388125229E1,-1.408125019E1,-3.703125000E1
5.050765894E1,2.750625038E1,-1.586250019E1,-2.975625038E1
5.051765894E1,2.452500153E1,-1.443750095E1,-2.295000076E1
5.052765894E1,2.302500153E1,-1.494375038E1,-2.023125076E1
5.053765894E1,2.820000076E1,-1.464375019E1,-2.720625114E1
5.054765894E1,3.339375305E1,-1.485000038E1,-3.510000229E1
5.055765894E1,3.294375229E1,-1.385625076E1,-3.813750076E1
5.056765894E1,2.953125191E1,-1.306875038E1,-3.033750153E1
5.057765894E1,2.433750153E1,-1.410000038E1,-2.111250114E1
5.058765894E1,2.371875000E1,-1.696875000E1,-2.070000076E1
5.059765894E1,2.775000191E1,-1.558125019E1,-2.540625191E1
5.060765894E1,3.258750153E1,-1.428750038E1,-3.575625229E1
5.061765894E1,3.376875305E1,-1.470000076E1,-3.605625153E1
5.062765894E1,2.765625191E1,-1.541250038E1,-3.120000076E1
5.063765894E1,2.386875153E1,-1.507500076E1,-2.116875076E1
5.064765894E1,2.253750038E1,-1.593750095E1,-2.107500076E1
5.065765894E1,2.701875114E1,-1.755000114E1,-2.649375153E1
5.066765894E1,3.181875038E1,-1.460625076E1,-3.399375153E1
5.067765894E1,3.438750076E1,-1.391250038E1,-3.736875153E1
5.068765894E1,2.917500114E1,-1.434375095E1,-3.007500076E1
5.069765894E1,2.315625000E1,-1.483125019E1,-2.259375000E1
5.070765894E1,2.251875114E1,-1.513125038E1,-2.036250114E1
5.071765894E1,2.765625191E1,-1.610625076E1,-2.709375191E1
5.072765894E1,3.288750076E1,-1.410000038E1,-3.515625000E1
5.073765894E1,3.301875305E1,-1.666875076E1,-3.744375229E1
5.074765894E1,2.932500076E1,-1.235625076E1,-3.305625153E1
5.075765894E1,2.473125076E1,-1.475625038E1,-2.340000153E1
5.076765894E1,2.313750076E1,-1.432500076E1,-2.122500038E1
5.077765894E1,2.694375038E1,-1.565625095E1,-2.617500114E1
5.078765894E1,3.373125076E1,-1.421250057E1,-3.545625305E1
5.079765894E1,3.292500305E1,-1.483125019E1,-3.883125305E1
5.080765894E1,2.915625191E1,-1.438125038E1,-3.116250038E1
5.081765894E1,2.379375076E1,-1.494375038E1,-2.180625153E1
5.082765894E1,2.220000076E1,-1.595625019E1,-2.075625038E1
5.083765894E1,2.655000114E1,-1.676250076E1,-2.529375076E1
5.084765894E1,3.373125076E1,-1.421250057E1,-3.545625305E1
5.085765894E1,3.450000000E1,-1.359375095E1,-3.802500153E1
5.086765894E1,2.906250191E1,-1.426875019E1,-3.256875229E1
5.087765894E1,2.265000153E1,-1.554375076E1,-2.439375114E1
5.088765894E1,2.236875153E1,-1.455000019E1,-2.212500000E1
5.089765894E1,2.675625038E1,-1.584375095E1,-2.709375191E1
5.090765894E1,3.292500305E1,-1.520625019E1,-3.553125000E1
5.091765894E1,3.446250153E1,-1.456875038E1,-3.871875000E1
5.092765894E1,2.917500114E1,-1.395000076E1,-3.322500229E1
5.093765894E1,2.480625153E1,-1.396875095E1,-2.315625000E1
5.094765894E1,2.154375076E1,-1.711875153E1,-2.128125000E1
5.095765894E1,2.797500038E1,-1.434375095E1,-2.739375114E1
5.096765894E1,3.410625076E1,-1.468125057E1,-3.605625153E1
5.097765894E1,3.421875000E1,-1.520625019E1,-3.866250229E1
5.098765894E1,3.031875038E1,-1.533750057E1,-3.438750076E1
5.099765894E1,2.463750076E1,-1.530000019E1,-2.538750076E1
5.100765894E1,2.313750076E1,-1.610625076E1,-2.280000114E1
5.101765894E1,2.790000153E1,-1.537500095E1,-2.981250191E1
5.102765894E1,3.350625229E1,-1.515000057E1,-3.444375229E1
5.103765894E1,3.346875000E1,-1.575000095E1,-3.939375305E1
5.104765894E1,2.979375076E1,-1.584375095E1,-3.433125305E1
5.105765894E1,2.465625191E1,-1.586250019E1,-2.330625153E1
5.106765894E1,2.375625038E1,-1.477500057E1,-2.150625038E1
5.107765894E1,2.643750191E1,-1.728750038E1,-2.696250153E1
5.108765894E1,3.384375000E1,-1.567500019E1,-3.690000153E1
5.109765894E1,3.592500305E1,-1.389375019E1,-4.021875000E1
5.110765894E1,3.144375038E1,-1.569375038E1,-3.202500153E1
5.111765894E1,2.351250076E1,-1.501875019E1,-2.476875114E1
5.112765894E1,2.356875038E1,-1.764375114E1,-2.220000076E1
5.113765894E1,2.730000114E1,-1.520625019E1,-2.855625153E1
5.114765894E1,3.391875076E1,-1.425000095E1,-3.765000153E1
5.115765894E1,3.515625000E1,-1.411875057E1,-4.143750000E1
5.116765894E1,3.166875076E1,-1.318125057E1,-3.395625305E1
5.117765894E1,2.461875153E1,-1.530000019E1,-2.585625076E1
5.118765894E1,2.315625000E1,-1.608750153E1,-2.201250076E1
5.119765894E1,2.696250153E1,-1.584375095E1,-2.788125038E1
5.120765894E1,3.151875114E1,-1.687500000E1,-3.536250305E1
5.121765894E1,3.547500229E1,-1.599375057E1,-4.128750229E1
5.122765894E1,3.166875076E1,-1.381875038E1,-3.375000000E1
5.123765894E1,2.441250038E1,-1.438125038E1,-2.608125114E1
5.124765894E1,2.328750038E1,-1.513125038E1,-2.193750000E1
5.125765894E1,2.572500038E1,-1.775625038E1,-2.551875114E1
5.126765894E1,3.275625229E1,-1.653750038E1,-3.729375076E1
5.127765894E1,3.523125076E1,-1.456875038E1,-4.029375076E1
5.128765894E1,3.095625114E1,-1.515000057E1,-3.455625153E1
5.129765894E1,2.235000038E1,-1.635000038E1,-2.431875038E1
5.130765894E1,2.051250076E1,-1.781250000E1,-2.152500153E1
5.131765894E1,2.475000191E1,-1.674375153E1,-2.668125153E1
5.132765894E1,3.238125229E1,-1.606875038E1,-3.654375076E1
5.133765894E1,3.390000153E1,-1.781250000E1,-4.095000076E1
5.134765894E1,3.204375076E1,-1.668750000E1,-3.555000305E1
5.135765894E1,2.458125114E1,-1.335000038E1,-2.366250038E1
5.136765894E1,2.310000038E1,-1.175625038E1,-1.955625153E1
5.137765894E1,2.568750191E1,-1.209375095E1,-2.628750038E1
5.138765894E1,3.043125153E1,-1.773750114E1,-3.558750153E1
5.139765894E1,2.891250038E1,-2.366250038E1,-3.523125076E1
5.140765894E1,2.664375114E1,-2.302500153E1,-2.915625191E1
5.141765894E1,2.964375114E1,-1.376250076E1,-2.700000191E1
5.142765894E1,3.382500076E1,-8.925000191E0,-3.277500153E1
5.143765894E1,3.418125153E1,-9.337500572E0,-3.727500153E1
5.144765894E1,2.604375076E1,-1.305000019E1,-3.403125000E1
5.145765894E1,1.968750000E1,-1.749375153E1,-2.591250038E1
5.146765894E1,2.118750000E1,-1.631250000E1,-2.025000000E1
5.147765894E1,2.820000076E1,-1.586250019E1,-2.538750076E1
5.148765894E1,3.521250153E1,-1.235625076E1,-3.438750076E1
5.149765894E1,3.690000153E1,-1.096875000E1,-3.952500153E1
5.150765894E1,3.046875191E1,-1.220625019E1,-3.588750076E1
5.151765894E1,2.118750000E1,-1.336875057E1,-2.861250114E1
5.152765894E1,1.910625076E1,-1.638750076E1,-2.458125114E1
5.153765894E1,2.681250191E1,-1.691250038E1,-2.591250038E1
5.154765894E1,3.581250000E1,-1.468125057E1,-3.373125076E1
5.155765894E1,3.508125305E1,-1.470000076E1,-3.888750076E1
5.156765894E1,3.232500076E1,-1.196250057E1,-3.688125229E1
5.157765894E1,2.353125000E1,-1.368750095E1,-2.831250191E1
5.158765894E1,2.101875114E1,-1.545000076E1,-2.343750000E1
5.159765894E1,3.448125076E1,-1.648125076E1,-3.294375229E1
5.160765894E1,3.448125076E1,-1.648125076E1,-3.294375229E1
5.161765894E1,3.733125305E1,-1.374375057E1,-3.806250000E1
5.162765894E1,2.405625153E1,-1.400625038E1,-2.970000076E1
5.163765894E1,2.405625153E1,-1.400625038E1,-2.970000076E1
5.164765894E1,2.105625153E1,-1.717500114E1,-2.283750153E1
5.165765894E1,2.709375191E1,-1.674375153E1,-2.608125114E1
5.166765894E1,3.562500000E1,-1.447500038E1,-3.781875229E1
5.167765894E1,3.131250191E1,-1.471875095E1,-3.693750000E1
5.168765894E1,2.332500076E1,-1.659375000E1,-2.979375076E1
5.169765894E1,2.077500153E1,-1.642500114E1,-2.319375038E1
5.170765894E1,2.621250153E1,-1.605000114E1,-2.801250076E1
5.171765894E1,3.390000153E1,-1.599375057E1,-3.157500076E1
5.172765894E1,3.626250076E1,-1.456875038E1,-3.688125229E1
5.173765894E1,3.103125191E1,-1.432500076E1,-3.384375000E1
5.174765894E1,2.501250076E1,-1.505625057E1,-2.962500191E1
5.175765894E1,2.088750076E1,-1.518750095E1,-2.503125191E1
5.176765894E1,2.634375191E1,-1.695000076E1,-2.621250153E1
5.177765894E1,3.405000305E1,-1.408125019E1,-3.125625038E1
5.178765894E1,3.540000153E1,-1.509375095E1,-3.697500229E1
5.179765894E1,3.217500305E1,-1.456875038E1,-3.322500229E1
5.180765894E1,2.495625114E1,-1.406250095E1,-2.720625114E1
5.181765894E1,2.221875000E1,-1.522500038E1,-2.332500076E1
5.182765894E1,2.529375076E1,-1.777500153E1,-2.471250153E1
5.183765894E1,3.303750229E1,-1.443750095E1,-3.028125191E1
5.184765894E1,3.658125305E1,-1.550625038E1,-3.695625305E1
5.185765894E1,3.178125191E1,-1.411875057E1,-3.371250153E1
5.186765894E1,2.482500076E1,-1.595625019E1,-2.705625153E1
5.187765894E1,2.165625000E1,-1.494375038E1,-2.334375000E1
5.188765894E1,2.478750038E1,-1.815000153E1,-2.608125114E1
5.189765894E1,3.425625229E1,-1.387500095E1,-2.925000191E1
5.190765894E1,3.583125305E1,-1.486875057E1,-3.543750000E1
5.191765894E1,3.232500076E1,-1.503750038E1,-3.380625153E1
5.192765894E1,2.486250114E1,-1.541250038E1,-3.101250076E1
5.193765894E1,2.191875076E1,-1.605000114E1,-2.371875000E1
5.194765894E1,2.566875076E1,-1.708125114E1,-2.338125038E1
5.195765894E1,3.213750076E1,-1.747500038E1,-2.938125038E1
5.196765894E1,3.429375076E1,-1.513125038E1,-3.555000305E1
5.197765894E1,3.105000114E1,-1.606875038E1,-3.386250305E1
5.198765894E1,2.475000191E1,-1.582500076E1,-2.799375153E1
5.199765894E1,2.250000000E1,-1.421250057E1,-2.137500000E1
5.200765894E1,2.527500153E1,-1.693125153E1,-2.323125076E1
5.201765894E1,2.953125191E1,-1.856250000E1,-2.831250191E1
5.202765894E1,3.573750305E1,-1.548750019E1,-3.397500229E1
5.203765894E1,3.245625305E1,-1.470000076E1,-3.305625153E1
5.204765894E1,2.634375191E1,-1.541250038E1,-2.821875191E1
5.205765894E1,2.308125114E1,-1.533750057E1,-2.317500114E1
5.206765894E1,2.572500038E1,-1.753125000E1,-2.302500153E1
5.207765894E1,3.300000000E1,-1.488750076E1,-2.898750114E1
5.208765894E1,3.442500305E1,-1.603125000E1,-3.376875305E1
5.209765894E1,3.300000000E1,-1.449375057E1,-3.215625000E1
5.210765894E1,2.598750114E1,-1.430625057E1,-2.688750076E1
5.211765894E1,2.383125114E1,-1.355625057E1,-2.396250153E1
5.212765894E1,2.505000114E1,-1.695000076E1,-2.323125076E1
5.213765894E1,3.315000153E1,-1.627500153E1,-2.825625038E1
5.214765894E1,3.579375076E1,-1.593750095E1,-3.378750229E1
5.215765894E1,3.090000153E1,-1.651875114E1,-3.241875076E1
5.216765894E1,2.613750076E1,-1.539375019E1,-2.681250191E1
5.217765894E1,2.268750000E1,-1.550625038E1,-2.298750114E1
5.218765894E1,2.514375114E1,-1.726875114E1,-2.319375038E1
5.219765894E1,3.315000153E1,-1.597500038E1,-2.859375191E1
5.220765894E1,3.532500076E1,-1.815000153E1,-3.234375000E1
5.221765894E1,3.378750229E1,-1.413750076E1,-3.281250000E1
5.222765894E1,2.866875076E1,-1.335000038E1,-2.701875114E1
5.223765894E1,2.503125191E1,-1.518750095E1,-2.212500000E1
5.224765894E1,2.694375038E1,-1.758750153E1,-2.178750038E1
5.225765894E1,3.296250153E1,-1.563750076E1,-2.735625076E1
5.226765894E1,3.496875000E1,-1.548750019E1,-3.256875229E1
5.227765894E1,3.391875076E1,-1.473750019E1,-3.136875153E1
5.228765894E1,2.640000153E1,-1.471875095E1,-2.578125191E1
5.229765894E1,2.452500153E1,-1.537500095E1,-2.193750000E1
5.230765894E1,2.428125191E1,-1.633125114E1,-2.169375038E1
5.231765894E1,3.255000305E1,-1.582500076E1,-2.765625191E1
5.232765894E1,3.498750305E1,-1.546875095E1,-3.178125191E1
5.233765894E1,3.103125191E1,-1.590000057E1,-3.294375229E1
5.234765894E1,2.626875114E1,-1.383750057E1,-2.788125038E1
5.235765894E1,2.386875153E1,-1.353750038E1,-2.270625114E1
5.236765894E1,2.733750153E1,-1.471875095E1,-2.188125038E1
5.237765894E1,3.185625076E1,-1.556250095E1,-2.829375076E1
5.238765894E1,3.281250000E1,-1.468125057E1,-3.307500076E1
5.239765894E1,3.288750076E1,-1.355625057E1,-3.285000229E1
5.240765894E1,2.533125114E1,-1.576875019E1,-2.722500038E1
5.241765894E1,2.310000038E1,-1.685625076E1,-2.116875076E1
5.242765894E1,2.460000038E1,-1.665000153E1,-2.246250153E1
5.243765894E1,3.230625153E1,-1.586250019E1,-2.827500153E1
5.244765894E1,3.480000305E1,-1.588125038E1,-3.502500153E1
5.245765894E1,3.071250153E1,-1.670625114E1,-3.333750153E1
5.246765894E1,2.602500153E1,-1.387500095E1,-2.865000153E1
5.247765894E1,2.191875076E1,-1.698750114E1,-2.332500076E1
5.248765894E1,2.486250114E1,-1.805625153E1,-2.235000038E1
5.249765894E1,3.121875191E1,-1.640625000E1,-2.866875076E1
5.250765894E1,3.356250000E1,-1.685625076E1,-3.290625000E1
5.251765894E1,3.285000229E1,-1.485000038E1,-3.320625305E1
5.252765894E1,2.638125038E1,-1.498125076E1,-2.966250038E1
5.253765894E1,2.253750038E1,-1.618125153E1,-2.418750191E1
5.254765894E1,2.617500114E1,-1.483125019E1,-2.295000076E1
5.255765894E1,3.140625191E1,-1.498125076E1,-2.895000076E1
5.256765894E1,3.472500229E1,-1.573125076E1,-3.566250229E1
5.257765894E1,3.345000076E1,-1.500000095E1,-3.461250305E1
5.258765894E1,2.634375191E1,-1.541250038E1,-2.821875191E1
5.259765894E1,2.450625038E1,-1.477500057E1,-2.340000153E1
5.260765894E1,2.688750076E1,-1.681875038E1,-2.216250038E1
5.261765894E1,3.348750305E1,-1.565625095E1,-2.925000191E1
5.262765894E1,3.541875076E1,-1.631250000E1,-3.468750000E1
5.263765894E1,3.371250153E1,-1.494375038E1,-3.273750305E1
5.264765894E1,2.947500038E1,-1.413750076E1,-2.883750153E1
5.265765894E1,2.362500000E1,-1.687500000E1,-2.336250114E1
5.266765894E1,2.829375076E1,-1.691250038E1,-2.280000114E1
5.267765894E1,3.367500305E1,-1.548750019E1,-2.910000038E1
5.268765894E1,3.639375305E1,-1.640625000E1,-3.453750229E1
5.269765894E1,3.386250305E1,-1.605000114E1,-3.343125153E1
5.270765894E1,2.900625038E1,-1.366875076E1,-2.746875191E1
5.271765894E1,2.531250191E1,-1.597500038E1,-2.236875153E1
5.272765894E1,2.915625191E1,-1.546875095E1,-2.435625076E1
5.273765894E1,3.266250229E1,-1.698750114E1,-3.005625153E1
5.274765894E1,3.776250076E1,-1.569375038E1,-3.478125000E1
5.275765894E1,3.352500153E1,-1.389375019E1,-3.502500153E1
5.276765894E1,3.106875038E1,-1.404375076E1,-2.887500191E1
5.277765894E1,2.475000191E1,-1.496250057E1,-2.540625191E1
5.278765894E1,2.745000076E1,-1.700625038E1,-2.497500038E1
5.279765894E1,3.408750153E1,-1.404375076E1,-2.938125038E1
5.280765894E1,3.733125305E1,-1.291875076E1,-3.624375153E1
5.281765894E1,3.476250076E1,-1.475625038E1,-3.450000000E1
5.282765894E1,2.960625076E1,-1.496250057E1,-3.018750191E1
5.283765894E1,2.497500038E1,-1.681875038E1,-2.416875076E1
5.284765894E1,2.694375038E1,-1.605000114E1,-2.332500076E1
5.285765894E1,3.241875076E1,-1.578750038E1,-3.187500191E1
5.286765894E1,3.427500153E1,-1.668750000E1,-3.433125305E1
5.287765894E1,3.249375153E1,-1.550625038E1,-3.346875000E1
5.288765894E1,2.917500114E1,-1.434375095E1,-2.975625038E1
5.289765894E1,2.705625153E1,-1.325625038E1,-2.559375191E1
5.290765894E1,2.700000191E1,-1.580625057E1,-2.600625038E1
5.291765894E1,3.110625076E1,-1.672500038E1,-2.818125153E1
5.292765894E1,3.500625229E1,-1.565625095E1,-3.301875305E1
5.293765894E1,3.316875076E1,-1.578750038E1,-3.376875305E1
5.294765894E1,2.973750114E1,-1.462500095E1,-2.958750153E1
5.295765894E1,2.486250114E1,-1.713750076E1,-2.383125114E1
5.296765894E1,2.613750076E1,-1.663125038E1,-2.593125153E1
5.297765894E1,3.095625114E1,-1.646250153E1,-3.007500076E1
5.298765894E1,3.412500000E1,-1.681875038E1,-3.337500000E1
5.299765894E1,3.110625076E1,-1.653750038E1,-3.382500076E1
5.300765894E1,2.821875191E1,-1.537500095E1,-3.090000153E1
5.301765894E1,2.482500076E1,-1.573125076E1,-2.426250076E1
5.302765894E1,2.628750038E1,-1.595625019E1,-2.426250076E1
5.303765894E1,3.067500114E1,-1.546875095E1,-2.812500191E1
5.304765894E1,3.367500305E1,-1.477500057E1,-3.260625076E1
5.305765894E1,3.247500229E1,-1.376250076E1,-3.376875305E1
5.306765894E1,2.820000076E1,-1.486875057E1,-2.970000076E1
5.307765894E1,2.268750000E1,-1.726875114E1,-2.379375076E1
5.308765894E1,2.486250114E1,-1.629375076E1,-2.171250153E1
5.309765894E1,3.046875191E1,-1.785000038E1,-2.745000076E1
5.310765894E1,3.313125229E1,-1.653750038E1,-3.213750076E1
5.311765894E1,3.241875076E1,-1.299375057E1,-3.382500076E1
5.312765894E1,2.861250114E1,-1.498125076E1,-2.876250076E1
5.313765894E1,2.572500038E1,-1.599375057E1,-2.424375153E1
5.314765894E1,2.563125038E1,-1.627500153E1,-2.281875038E1
5.315765894E1,3.000000191E1,-1.578750038E1,-2.668125153E1
5.316765894E1,3.397500229E1,-1.573125076E1,-3.376875305E1
5.317765894E1,3.279375076E1,-1.470000076E1,-3.384375000E1
5.318765894E1,2.900625038E1,-1.657500076E1,-3.050625038E1
5.319765894E1,2.626875114E1,-1.505625057E1,-2.606250191E1
5.320765894E1,2.490000153E1,-1.762500000E1,-2.456250191E1
5.321765894E1,3.022500038E1,-1.642500114E1,-2.709375191E1
5.322765894E1,3.266250229E1,-1.595625019E1,-3.311250305E1
5.323765894E1,3.234375000E1,-1.410000038E1,-3.405000305E1
5.324765894E1,2.990625191E1,-1.569375038E1,-2.902500153E1
5.325765894E1,2.595000076E1,-1.629375076E1,-2.422500038E1
5.326765894E1,2.673750114E1,-1.655625153E1,-2.405625153E1
5.327765894E1,2.853750038E1,-1.794375038E1,-2.694375038E1
5.328765894E1,3.369375229E1,-1.651875114E1,-3.292500305E1
5.329765894E1,3.221250153E1,-1.515000057E1,-3.129375076E1
5.330765894E1,2.889375114E1,-1.421250057E1,-2.992500114E1
5.331765894E1,2.581875038E1,-1.571250057E1,-2.583750153E1
5.332765894E1,2.561250114E1,-1.631250000E1,-2.390625000E1
5.333765894E1,3.000000191E1,-1.736250114E1,-2.576250076E1
5.334765894E1,3.273750305E1,-1.494375038E1,-3.086250114E1
5.335765894E1,3.211875153E1,-1.288125038E1,-3.508125305E1
5.336765894E1,2.820000076E1,-1.395000076E1,-3.071250153E1
5.337765894E1,2.655000114E1,-1.374375057E1,-2.491875076E1
5.338765894E1,2.700000191E1,-1.402500057E1,-2.490000153E1
5.339765894E1,2.904375076E1,-1.477500057E1,-2.784375191E1
5.340765894E1,3.129375076E1,-1.582500076E1,-3.106875038E1
5.341765894E1,3.300000000E1,-1.471875095E1,-3.495000076E1
5.342765894E1,2.853750038E1,-1.601250076E1,-3.148125076E1
5.343765894E1,2.707500076E1,-1.501875019E1,-2.638125038E1
5.344765894E1,2.623125076E1,-1.674375153E1,-2.418750191E1
5.345765894E1,2.988750076E1,-1.672500038E1,-2.596875191E1
5.346765894E1,3.354375076E1,-1.509375095E1,-3.256875229E1
5.347765894E1,3.200625229E1,-1.473750019E1,-3.305625153E1
5.348765894E1,3.013125038E1,-1.477500057E1,-3.035625076E1
5.349765894E1,2.641875076E1,-1.531875038E1,-2.446875191E1
5.350765894E1,2.634375191E1,-1.610625076E1,-2.409375191E1
5.351765894E1,3.037500191E1,-1.595625019E1,-2.791875076E1
5.352765894E1,3.453750229E1,-1.395000076E1,-3.300000000E1
5.353765894E1,3.296250153E1,-1.421250057E1,-3.388125229E1
5.354765894E1,3.063750076E1,-1.396875095E1,-3.121875191E1
5.355765894E1,2.793750191E1,-1.509375095E1,-2.546250153E1
5.356765894E1,2.793750191E1,-1.509375095E1,-2.546250153E1
5.357765894E1,2.956875038E1,-1.456875038E1,-2.724375153E1
5.358765894E1,3.391875076E1,-1.402500057E1,-3.485625076E1
5.359765894E1,2.990625191E1,-1.653750038E1,-3.084375191E1
5.360765894E1,2.874375153E1,-1.556250095E1,-2.730000114E1
5.361765894E1,2.748750114E1,-1.781250000E1,-2.568750191E1
5.362765894E1,2.983125114E1,-1.681875038E1,-2.940000153E1
5.363765894E1,3.249375153E1,-1.550625038E1,-3.376875305E1
5.364765894E1,3.315000153E1,-1.582500076E1,-3.532500076E1
5.365765894E1,3.142500114E1,-1.455000019E1,-3.103125191E1
5.366765894E1,2.720625114E1,-1.706250000E1,-2.653125191E1
5.367765894E1,2.763750076E1,-1.715625000E1,-2.480625153E1
5.368765894E1,3.151875114E1,-1.558125019E1,-2.797500038E1
5.369765894E1,3.373125076E1,-1.646250153E1,-3.075000191E1
5.370765894E1,3.483750153E1,-1.605000114E1,-3.564375305E1
5.371765894E1,3.283125305E1,-1.466250038E1,-3.196875191E1
5.372765894E1,2.925000191E1,-1.601250076E1,-2.711250114E1
5.373765894E1,2.745000076E1,-1.702500153E1,-2.529375076E1
5.374765894E1,2.928750038E1,-1.773750114E1,-2.651250076E1
5.375765894E1,3.461250305E1,-1.676250076E1,-3.181875038E1
5.376765894E1,3.382500076E1,-1.764375114E1,-3.361875153E1
5.377765894E1,3.202500153E1,-1.687500000E1,-3.067500114E1
5.378765894E1,2.861250114E1,-1.745625114E1,-2.651250076E1
5.379765894E1,2.748750114E1,-1.698750114E1,-2.388750076E1
5.380765894E1,3.041250038E1,-1.770000076E1,-2.761875153E1
5.381765894E1,3.241875076E1,-1.576875019E1,-3.108750153E1
5.382765894E1,3.423750305E1,-1.567500019E1,-3.223125076E1
5.383765894E1,3.144375038E1,-1.691250038E1,-3.067500114E1
5.384765894E1,2.808750153E1,-1.620000076E1,-2.583750153E1
5.385765894E1,2.812500191E1,-1.614375114E1,-2.317500114E1
5.386765894E1,2.726250076E1,-1.719375038E1,-2.557500076E1
5.387765894E1,3.303750229E1,-1.411875057E1,-3.045000076E1
5.388765894E1,3.363750076E1,-1.606875038E1,-3.343125153E1
5.389765894E1,3.127500153E1,-1.584375095E1,-3.153750038E1
5.390765894E1,2.844375038E1,-1.586250019E1,-2.540625191E1
5.391765894E1,2.688750076E1,-1.588125038E1,-2.287500000E1
5.392765894E1,3.035625076E1,-1.576875019E1,-2.621250153E1
5.393765894E1,3.251250076E1,-1.586250019E1,-2.906250191E1
5.394765894E1,3.412500000E1,-1.537500095E1,-3.225000000E1
5.395765894E1,3.196875191E1,-1.370625019E1,-3.000000191E1
5.396765894E1,2.885625076E1,-1.254375076E1,-2.692500114E1
5.397765894E1,2.750625038E1,-1.477500057E1,-2.407500076E1
5.398765894E1,2.926875114E1,-1.599375057E1,-2.681250191E1
5.399765894E1,3.180000114E1,-1.657500076E1,-3.024375153E1
5.400765894E1,3.301875305E1,-1.593750095E1,-3.311250305E1
5.401765894E1,3.168750191E1,-1.471875095E1,-3.195000076E1
5.402765894E1,2.835000038E1,-1.419375038E1,-2.803125191E1
5.403765894E1,2.765625191E1,-1.434375095E1,-2.598750114E1
5.404765894E1,2.816250038E1,-1.591875076E1,-2.726250076E1
5.405765894E1,3.247500229E1,-1.445625019E1,-2.996250153E1
5.406765894E1,3.277500153E1,-1.513125038E1,-3.178125191E1
5.407765894E1,3.091875076E1,-1.618125153E1,-3.181875038E1
5.408765894E1,2.906250191E1,-1.473750019E1,-2.675625038E1
5.409765894E1,2.823750114E1,-1.584375095E1,-2.430000114E1
5.410765894E1,2.846250153E1,-1.605000114E1,-2.679375076E1
5.411765894E1,3.204375076E1,-1.507500076E1,-2.833125114E1
5.412765894E1,3.251250076E1,-1.640625000E1,-3.166875076E1
5.413765894E1,3.217500305E1,-1.372500038E1,-3.142500114E1
5.414765894E1,2.930625153E1,-1.554375076E1,-2.778750038E1
5.415765894E1,2.769375038E1,-1.606875038E1,-2.568750191E1
5.416765894E1,2.874375153E1,-1.556250095E1,-2.730000114E1
5.417765894E1,3.298125076E1,-1.488750076E1,-2.930625153E1
5.418765894E1,3.331875229E1,-1.511250019E1,-3.288750076E1
5.419765894E1,3.305625153E1,-1.464375019E1,-3.198750114E1
5.420765894E1,2.953125191E1,-1.522500038E1,-2.827500153E1
5.421765894E1,2.713125038E1,-1.762500000E1,-2.366250038E1
5.422765894E1,2.808750153E1,-1.620000076E1,-2.536875153E1
5.423765894E1,3.084375191E1,-1.552500057E1,-3.076875114E1
5.424765894E1,3.363750076E1,-1.605000114E1,-3.296250153E1
5.425765894E1,3.172500038E1,-1.490625095E1,-3.286875153E1
5.426765894E1,2.885625076E1,-1.648125076E1,-2.628750038E1
5.427765894E1,2.741250038E1,-1.683750153E1,-2.435625076E1
5.428765894E1,2.707500076E1,-1.591875076E1,-2.475000191E1
5.429765894E1,3.007500076E1,-1.552500057E1,-2.889375114E1
5.430765894E1,3.300000000E1,-1.541250038E1,-3.082500076E1
5.431765894E1,3.255000305E1,-1.606875038E1,-3.075000191E1
5.432765894E1,2.971875191E1,-1.411875057E1,-2.836875153E1
5.433765894E1,2.769375038E1,-1.460625076E1,-2.424375153E1
5.434765894E1,2.726250076E1,-1.573125076E1,-2.413125038E1
5.435765894E1,2.975625038E1,-1.460625076E1,-2.880000114E1
5.436765894E1,3.378750229E1,-1.445625019E1,-3.294375229E1
5.437765894E1,3.202500153E1,-1.648125076E1,-3.384375000E1
5.438765894E1,2.827500153E1,-1.676250076E1,-2.985000038E1
5.439765894E1,2.741250038E1,-1.591875076E1,-2.536875153E1
5.440765894E1,2.799375153E1,-1.462500095E1,-2.580000114E1
5.441765894E1,2.874375153E1,-1.556250095E1,-2.730000114E1
5.442765894E1,3.230625153E1,-1.485000038E1,-3.210000229E1
5.443765894E1,3.273750305E1,-1.391250038E1,-3.391875076E1
5.444765894E1,2.910000038E1,-1.616250038E1,-2.662500191E1
5.445765894E1,2.788125038E1,-1.494375038E1,-2.578125191E1
5.446765894E1,2.820000076E1,-1.501875019E1,-2.326875114E1
5.447765894E1,3.118125153E1,-1.468125057E1,-2.896875191E1
5.448765894E1,3.294375229E1,-1.455000019E1,-3.448125076E1
5.449765894E1,3.290625000E1,-1.321875095E1,-3.193125153E1
5.450765894E1,3.099375153E1,-1.486875057E1,-2.958750153E1
5.451765894E1,2.902500153E1,-1.363125038E1,-2.606250191E1
5.452765894E1,2.683125114E1,-1.595625019E1,-2.583750153E1
5.453765894E1,3.052500153E1,-1.488750076E1,-2.988750076E1
5.454765894E1,3.311250305E1,-1.561875057E1,-3.361875153E1
5.455765894E1,3.305625153E1,-1.486875057E1,-3.478125000E1
5.456765894E1,3.129375076E1,-1.603125000E1,-3.309375000E1
5.457765894E1,2.863125038E1,-1.496250057E1,-2.829375076E1
5.458765894E1,2.611875153E1,-1.790625000E1,-2.596875191E1
5.459765894E1,3.073125076E1,-1.646250153E1,-2.945625114E1
5.460765894E1,3.176250076E1,-1.569375038E1,-3.311250305E1
5.461765894E1,3.309375000E1,-1.565625095E1,-3.470625305E1
5.462765894E1,3.151875114E1,-1.509375095E1,-3.410625076E1
5.463765894E1,2.806875038E1,-1.798125076E1,-2.741250038E1
5.464765894E1,2.713125038E1,-1.846875000E1,-2.578125191E1
5.465765894E1,2.835000038E1,-1.753125000E1,-2.868750191E1
5.466765894E1,3.249375153E1,-1.612500000E1,-3.341250229E1
5.467765894E1,3.313125229E1,-1.676250076E1,-3.493125153E1
5.468765894E1,3.181875038E1,-1.708125114E1,-3.191250038E1
5.469765894E1,2.863125038E1,-1.711875153E1,-2.561250114E1
5.470765894E1,2.658750153E1,-1.848750114E1,-2.467500114E1
5.471765894E1,2.651250076E1,-1.951875114E1,-2.771250153E1
5.472765894E1,3.193125153E1,-1.678125000E1,-3.240000153E1
5.473765894E1,3.346875000E1,-1.591875076E1,-3.313125229E1
5.474765894E1,3.168750191E1,-1.595625019E1,-3.060000038E1
5.475765894E1,2.763750076E1,-1.861875153E1,-2.640000153E1
5.476765894E1,2.812500191E1,-1.666875076E1,-2.580000114E1
5.477765894E1,2.930625153E1,-1.771875000E1,-2.604375076E1
5.478765894E1,3.151875114E1,-1.612500000E1,-3.073125076E1
5.479765894E1,3.412500000E1,-1.775625038E1,-3.236250305E1
5.480765894E1,3.232500076E1,-1.605000114E1,-2.998125076E1
5.481765894E1,2.836875153E1,-1.571250057E1,-2.572500038E1
5.482765894E1,2.677500153E1,-1.620000076E1,-2.283750153E1
5.483765894E1,2.786250114E1,-1.713750076E1,-2.433750153E1
5.484765894E1,3.091875076E1,-1.713750076E1,-3.157500076E1
5.485765894E1,3.345000076E1,-1.571250057E1,-3.157500076E1
5.486765894E1,3.183750153E1,-1.651875114E1,-2.851875114E1
5.487765894E1,2.786250114E1,-1.651875114E1,-2.486250114E1
5.488765894E1,2.686875153E1,-1.747500038E1,-2.304375076E1
5.489765894E1,2.760000038E1,-1.751250076E1,-2.602500153E1
5.490765894E1,3.217500305E1,-1.494375038E1,-2.975625038E1
5.491765894E1,3.281250000E1,-1.560000038E1,-3.204375076E1
5.492765894E1,3.281250000E1,-1.507500076E1,-2.958750153E1
5.493765894E1,2.799375153E1,-1.556250095E1,-2.510625076E1
5.494765894E1,2.572500038E1,-1.721250153E1,-2.289375114E1
5.495765894E1,2.658750153E1,-1.691250038E1,-2.559375191E1
5.496765894E1,3.311250305E1,-1.635000038E1,-3.058125114E1
5.497765894E1,3.382500076E1,-1.680000114E1,-3.181875038E1
5.498765894E1,3.181875038E1,-1.655625153E1,-2.960625076E1
5.499765894E1,2.964375114E1,-1.593750095E1,-2.493750191E1
5.500765894E1,2.720625114E1,-1.683750153E1,-2.373750114E1
5.501765894E1,2.694375038E1,-1.627500153E1,-2.581875038E1
5.502765894E1,3.125625038E1,-1.565625095E1,-3.015000153E1
5.503765894E1,3.365625000E1,-1.696875000E1,-3.163125038E1
5.504765894E1,3.264375305E1,-1.552500057E1,-2.878125191E1
5.505765894E1,2.737500191E1,-1.666875076E1,-2.390625000E1
5.506765894E1,2.662500191E1,-1.511250019E1,-2.293125153E1
5.507765894E1,2.784375191E1,-1.653750038E1,-2.595000076E1
5.508765894E1,2.992500114E1,-1.745625114E1,-2.951250076E1
5.509765894E1,3.352500153E1,-1.760625076E1,-3.174375153E1
5.510765894E1,3.226875305E1,-1.466250038E1,-3.118125153E1
5.511765894E1,2.806875038E1,-1.653750038E1,-2.626875114E1
5.512765894E1,2.563125038E1,-1.689375114E1,-2.246250153E1
5.513765894E1,2.591250038E1,-1.725000000E1,-2.476875114E1
5.514765894E1,3.033750153E1,-1.601250076E1,-2.979375076E1
5.515765894E1,3.350625229E1,-1.762500000E1,-3.204375076E1
5.516765894E1,3.290625000E1,-1.569375038E1,-2.970000076E1
5.517765894E1,2.917500114E1,-1.689375114E1,-2.469375038E1
5.518765894E1,2.685000038E1,-1.665000153E1,-2.171250153E1
5.519765894E1,2.662500191E1,-1.616250038E1,-2.705625153E1
5.520765894E1,3.097500038E1,-1.612500000E1,-2.917500114E1
5.521765894E1,3.442500305E1,-1.633125114E1,-3.311250305E1
5.522765894E1,3.320625305E1,-1.552500057E1,-2.956875038E1
5.523765894E1,3.028125191E1,-1.387500095E1,-2.638125038E1
5.524765894E1,2.649375153E1,-1.659375000E1,-2.514375114E1
5.525765894E1,2.711250114E1,-1.672500038E1,-2.531250191E1
5.526765894E1,3.225000000E1,-1.593750095E1,-3.170625114E1
5.527765894E1,3.436875153E1,-1.440000057E1,-3.217500305E1
5.528765894E1,3.348750305E1,-1.565625095E1,-2.925000191E1
5.529765894E1,3.178125191E1,-1.582500076E1,-2.576250076E1
5.530765894E1,2.595000076E1,-1.753125000E1,-2.334375000E1
5.531765894E1,2.893125153E1,-1.507500076E1,-2.703750038E1
5.532765894E1,3.208125305E1,-1.486875057E1,-3.256875229E1
5.533765894E1,3.573750305E1,-1.524375057E1,-3.118125153E1
5.534765894E1,3.536250305E1,-1.561875057E1,-3.225000000E1
5.535765894E1,3.091875076E1,-1.545000076E1,-2.735625076E1
5.536765894E1,2.850000191E1,-1.423125076E1,-2.366250038E1
5.537765894E1,2.784375191E1,-1.653750038E1,-2.626875114E1
5.538765894E1,3.151875114E1,-1.704375076E1,-2.971875191E1
5.539765894E1,3.720000076E1,-1.456875038E1,-3.268125153E1
5.540765894E1,3.547500229E1,-1.571250057E1,-2.988750076E1
5.541765894E1,3.048750114E1,-1.511250019E1,-2.611875153E1
5.542765894E1,2.694375038E1,-1.781250000E1,-2.411250114E1
5.543765894E1,2.743125153E1,-1.466250038E1,-2.580000114E1
5.544765894E1,3.241875076E1,-1.670625114E1,-3.054375076E1
5.545765894E1,3.521250153E1,-1.597500038E1,-3.376875305E1
5.546765894E1,3.547500229E1,-1.445625019E1,-3.046875191E1
5.547765894E1,2.760000038E1,-1.666875076E1,-2.390625000E1
5.548765894E1,2.760000038E1,-1.666875076E1,-2.390625000E1
5.549765894E1,2.705625153E1,-1.719375038E1,-2.480625153E1
5.550765894E1,3.084375191E1,-1.678125000E1,-3.005625153E1
5.551765894E1,3.690000153E1,-1.537500095E1,-3.290625000E1
5.552765894E1,3.198750114E1,-1.586250019E1,-2.763750076E1
5.553765894E1,2.773125076E1,-1.601250076E1,-2.381250000E1
5.554765894E1,2.651250076E1,-1.595625019E1,-2.505000114E1
5.555765894E1,3.275625229E1,-1.606875038E1,-3.153750038E1
5.556765894E1,3.663750076E1,-1.543125057E1,-3.399375153E1
5.557765894E1,3.851250076E1,-1.526250076E1,-3.185625076E1
5.558765894E1,3.273750305E1,-1.565625095E1,-2.735625076E1
5.559765894E1,2.741250038E1,-1.685625076E1,-2.482500076E1
5.560765894E1,2.731875038E1,-1.620000076E1,-2.394375038E1
5.561765894E1,3.116250038E1,-1.593750095E1,-2.902500153E1
5.562765894E1,3.654375076E1,-1.573125076E1,-3.318750000E1
5.563765894E1,3.823125076E1,-1.627500153E1,-3.380625153E1
5.564765894E1,3.241875076E1,-1.646250153E1,-2.775000191E1
5.565765894E1,2.791875076E1,-1.666875076E1,-2.469375038E1
5.566765894E1,2.638125038E1,-1.689375114E1,-2.433750153E1
5.567765894E1,3.050625038E1,-1.978125000E1,-2.917500114E1
5.568765894E1,3.708750153E1,-1.666875076E1,-3.406875229E1
5.569765894E1,3.821250153E1,-1.753125000E1,-3.307500076E1
5.570765894E1,3.397500229E1,-1.620000076E1,-2.686875153E1
5.571765894E1,2.829375076E1,-1.597500038E1,-2.383125114E1
5.572765894E1,2.731875038E1,-1.711875153E1,-2.293125153E1
5.573765894E1,3.296250153E1,-1.648125076E1,-2.964375114E1
5.574765894E1,3.772500229E1,-1.550625038E1,-3.386250305E1
5.575765894E1,3.918750000E1,-1.730625153E1,-3.341250229E1
5.576765894E1,3.448125076E1,-1.573125076E1,-2.831250191E1
5.577765894E1,2.748750114E1,-1.756875038E1,-2.242500114E1
5.578765894E1,2.765625191E1,-1.764375114E1,-2.555625153E1
5.579765894E1,3.061875153E1,-1.770000076E1,-2.840625191E1
5.580765894E1,3.838125229E1,-1.561875057E1,-3.292500305E1
5.581765894E1,3.954375076E1,-1.573125076E1,-3.418125153E1
5.582765894E1,3.508125305E1,-1.618125153E1,-2.876250076E1
5.583765894E1,2.805000114E1,-1.456875038E1,-2.347500038E1
5.584765894E1,2.718750191E1,-1.383750057E1,-2.430000114E1
5.585765894E1,3.165000153E1,-1.494375038E1,-2.786250114E1
5.586765894E1,3.898125076E1,-1.575000095E1,-3.354375076E1
5.587765894E1,3.907500076E1,-1.668750000E1,-3.361875153E1
5.588765894E1,3.466875076E1,-1.730625153E1,-2.896875191E1
5.589765894E1,2.758125114E1,-1.550625038E1,-2.244375038E1
5.590765894E1,2.336250114E1,-1.878750038E1,-2.289375114E1
5.591765894E1,3.067500114E1,-1.785000038E1,-2.855625153E1
5.592765894E1,3.665625000E1,-1.811250114E1,-3.378750229E1
5.593765894E1,4.066875076E1,-1.537500095E1,-3.547500229E1
5.594765894E1,3.382500076E1,-1.657500076E1,-2.902500153E1
5.595765894E1,2.593125153E1,-1.723125076E1,-2.400000000E1
5.596765894E1,2.595000076E1,-1.721250153E1,-2.291250038E1
5.597765894E1,2.926875114E1,-1.777500153E1,-2.790000153E1
5.598765894E1,3.652500153E1,-1.666875076E1,-3.296250153E1
5.599765894E1,4.003125000E1,-1.803750038E1,-3.290625000E1
5.600765894E1,3.416250229E1,-1.571250057E1,-2.690625191E1
5.601765894E1,2.686875153E1,-1.683750153E1,-2.295000076E1
5.602765894E1,2.521875191E1,-1.678125000E1,-2.340000153E1
5.603765894E1,3.110625076E1,-1.670625114E1,-2.756250191E1
5.604765894E1,3.811875153E1,-1.719375038E1,-3.247500229E1
5.605765894E1,4.072500229E1,-1.614375114E1,-3.416250229E1
5.606765894E1,3.491250229E1,-1.573125076E1,-2.956875038E1
5.607765894E1,2.795625114E1,-1.661250114E1,-2.313750076E1
5.608765894E1,2.471250153E1,-1.695000076E1,-2.244375038E1
5.609765894E1,3.161250114E1,-1.631250000E1,-2.604375076E1
5.610765894E1,3.838125229E1,-1.644375038E1,-3.472500229E1
5.611765894E1,4.057500076E1,-1.505625057E1,-3.472500229E1
5.612765894E1,3.403125000E1,-1.783125114E1,-2.908125114E1
5.613765894E1,2.812500191E1,-1.644375038E1,-2.300625038E1
5.614765894E1,2.533125114E1,-1.616250038E1,-2.407500076E1
5.615765894E1,3.011250114E1,-1.695000076E1,-2.908125114E1
5.616765894E1,3.714375305E1,-1.710000038E1,-3.292500305E1
5.617765894E1,4.096875000E1,-1.848750114E1,-3.427500153E1
5.618765894E1,3.562500000E1,-1.533750057E1,-2.836875153E1
5.619765894E1,2.765625191E1,-1.588125038E1,-2.430000114E1
5.620765894E1,2.437500191E1,-1.905000114E1,-2.319375038E1
5.621765894E1,2.881875038E1,-1.779375076E1,-2.758125114E1
5.622765894E1,3.695625305E1,-1.730625153E1,-3.431250000E1
5.623765894E1,4.027500153E1,-1.646250153E1,-3.380625153E1
5.624765894E1,3.573750305E1,-1.492500019E1,-3.106875038E1
5.625765894E1,2.673750114E1,-1.625625038E1,-2.471250153E1
5.626765894E1,2.325000000E1,-1.638750076E1,-2.199375153E1
5.627765894E1,2.851875114E1,-1.620000076E1,-2.662500191E1
5.628765894E1,3.637500000E1,-1.837500000E1,-3.108750153E1
5.629765894E1,4.087500000E1,-1.663125038E1,-3.506250000E1
5.630765894E1,3.585000229E1,-1.616250038E1,-3.016875076E1
5.631765894E1,2.737500191E1,-1.666875076E1,-2.390625000E1
5.632765894E1,2.308125114E1,-1.531875038E1,-2.285625076E1
5.633765894E1,2.608125114E1,-1.972500038E1,-2.863125038E1
5.634765894E1,3.575625229E1,-1.845000076E1,-3.296250153E1
5.635765894E1,3.975000000E1,-1.573125076E1,-3.496875000E1
5.636765894E1,3.493125153E1,-1.653750038E1,-3.013125038E1
5.637765894E1,2.812500191E1,-1.396875095E1,-2.523750114E1
5.638765894E1,2.173125076E1,-1.715625000E1,-2.315625000E1
5.639765894E1,2.788125038E1,-1.672500038E1,-2.718750191E1
5.640765894E1,3.583125305E1,-1.766250038E1,-3.270000076E1
5.641765894E1,4.042500305E1,-1.539375019E1,-3.547500229E1
5.642765894E1,3.650625229E1,-1.470000076E1,-2.985000038E1
5.643765894E1,2.638125038E1,-1.629375076E1,-2.533125114E1
5.644765894E1,2.115000153E1,-1.783125114E1,-2.401875114E1
5.645765894E1,2.880000114E1,-1.603125000E1,-2.679375076E1
5.646765894E1,3.556875229E1,-1.741875076E1,-3.491250229E1
5.647765894E1,4.038750076E1,-1.762500000E1,-3.590625000E1
5.648765894E1,3.733125305E1,-1.661250114E1,-3.266250229E1
5.649765894E1,2.741250038E1,-1.466250038E1,-2.610000038E1
5.650765894E1,2.345625114E1,-1.280625057E1,-2.416875076E1
5.651765894E1,2.782500076E1,-1.378125095E1,-2.977500153E1
5.652765894E1,3.856875229E1,-1.741875076E1,-3.590625000E1
5.653765894E1,4.076250076E1,-2.026875114E1,-3.506250000E1
5.654765894E1,3.774375153E1,-1.672500038E1,-3.202500153E1
5.655765894E1,2.765625191E1,-1.516875076E1,-2.778750038E1
5.656765894E1,2.662500191E1,-1.046250057E1,-2.675625038E1
5.657765894E1,3.091875076E1,-1.256250095E1,-3.243750000E1
5.658765894E1,3.588750076E1,-1.741875076E1,-3.616875076E1
5.659765894E1,3.585000229E1,-2.011875153E1,-3.000000191E1
5.660765894E1,3.528750229E1,-1.858125114E1,-3.060000038E1
5.661765894E1,3.427500153E1,-1.470000076E1,-3.075000191E1
5.662765894E1,3.339375305E1,-1.361250019E1,-3.581250000E1
5.663765894E1,3.596250153E1,-1.237500095E1,-3.705000305E1
5.664765894E1,3.716250229E1,-1.554375076E1,-3.352500153E1
5.665765894E1,3.502500153E1,-1.841250038E1,-2.934375191E1
5.666765894E1,3.253125000E1,-1.833750153E1,-2.651250076E1
5.667765894E1,3.266250229E1,-1.698750114E1,-3.005625153E1
5.668765894E1,3.294375229E1,-1.672500038E1,-3.305625153E1
5.669765894E1,3.746250153E1,-1.381875038E1,-3.493125153E1
5.670765894E1,3.579375076E1,-1.541250038E1,-3.133125114E1
5.671765894E1,3.451875305E1,-1.858125114E1,-2.902500153E1
5.672765894E1,3.275625229E1,-1.760625076E1,-2.985000038E1
5.673765894E1,2.943750191E1,-1.938750076E1,-2.964375114E1
5.674765894E1,3.264375305E1,-1.753125000E1,-3.266250229E1
5.675765894E1,3.440625000E1,-1.605000114E1,-3.485625076E1
5.676765894E1,3.478125000E1,-1.567500019E1,-3.348750305E1
5.677765894E1,3.436875153E1,-1.749375153E1,-2.910000038E1
5.678765894E1,3.166875076E1,-1.916250038E1,-2.641875076E1
5.679765894E1,3.206250000E1,-1.775625038E1,-2.780625153E1
5.680765894E1,3.210000229E1,-1.507500076E1,-3.412500000E1
5.681765894E1,3.457500076E1,-1.590000057E1,-3.502500153E1
5.682765894E1,3.427500153E1,-1.646250153E1,-3.183750153E1
5.683765894E1,3.498750305E1,-1.670625114E1,-3.075000191E1
5.684765894E1,3.275625229E1,-1.738125038E1,-2.705625153E1
5.685765894E1,3.140625191E1,-1.653750038E1,-2.773125076E1
5.686765894E1,3.240000153E1,-1.672500038E1,-3.163125038E1
5.687765894E1,3.575625229E1,-1.629375076E1,-3.470625305E1
5.688765894E1,3.691875076E1,-1.558125019E1,-3.461250305E1
5.689765894E1,3.738750076E1,-1.655625153E1,-3.031875038E1
5.690765894E1,3.530625153E1,-1.563750076E1,-2.692500114E1
5.691765894E1,3.360000229E1,-1.533750057E1,-2.926875114E1
5.692765894E1,3.450000000E1,-1.575000095E1,-3.534375000E1
5.693765894E1,3.611250305E1,-1.565625095E1,-3.538125229E1
5.694765894E1,3.727500153E1,-1.522500038E1,-3.386250305E1
5.695765894E1,3.828750229E1,-1.526250076E1,-3.138750076E1
5.696765894E1,3.577500153E1,-1.468125057E1,-2.716875076E1
5.697765894E1,3.487500000E1,-1.400625038E1,-2.986875153E1
5.698765894E1,3.260625076E1,-1.580625057E1,-3.343125153E1
5.699765894E1,3.607500076E1,-1.546875095E1,-3.446250153E1
5.700765894E1,3.616875076E1,-1.306875038E1,-3.388125229E1
5.701765894E1,3.778125000E1,-1.275000095E1,-3.065625191E1
5.702765894E1,3.474375153E1,-1.618125153E1,-2.827500153E1
5.703765894E1,3.388125229E1,-1.578750038E1,-2.908125114E1
5.704765894E1,3.474375153E1,-1.550625038E1,-3.255000305E1
5.705765894E1,3.661875153E1,-1.306875038E1,-3.466875076E1
5.706765894E1,3.661875153E1,-1.284375095E1,-3.217500305E1
5.707765894E1,3.766875076E1,-1.336875057E1,-2.981250191E1
5.708765894E1,3.534375000E1,-1.436250019E1,-2.610000038E1
5.709765894E1,3.446250153E1,-1.644375038E1,-2.529375076E1
5.710765894E1,3.388125229E1,-1.633125114E1,-3.168750191E1
5.711765894E1,3.487500000E1,-1.507500076E1,-3.448125076E1
5.712765894E1,3.750000000E1,-1.230000019E1,-3.099375153E1
5.713765894E1,3.810000229E1,-1.222500038E1,-2.990625191E1
5.714765894E1,3.553125000E1,-1.415625095E1,-2.518125153E1
5.715765894E1,3.380625153E1,-1.481250095E1,-2.791875076E1
5.716765894E1,3.547500229E1,-1.591875076E1,-3.191250038E1
5.717765894E1,3.639375305E1,-1.618125153E1,-3.206250000E1
5.718765894E1,3.750000000E1,-1.353750038E1,-2.994375038E1
5.719765894E1,3.817500305E1,-1.273125076E1,-2.488125038E1
5.720765894E1,3.637500000E1,-1.552500057E1,-2.461875153E1
5.721765894E1,3.496875000E1,-1.719375038E1,-2.491875076E1
5.722765894E1,3.678750229E1,-1.762500000E1,-2.726250076E1
5.723765894E1,3.637500000E1,-1.681875038E1,-3.200625229E1
5.724765894E1,3.768750000E1,-1.573125076E1,-3.009375191E1
5.725765894E1,3.804375076E1,-1.462500095E1,-2.409375191E1
5.726765894E1,3.607500076E1,-1.631250000E1,-2.422500038E1
5.727765894E1,3.508125305E1,-1.833750153E1,-2.670000076E1
5.728765894E1,3.526875305E1,-1.745625114E1,-2.990625191E1
5.729765894E1,3.725625229E1,-1.895625114E1,-3.136875153E1
5.730765894E1,3.772500229E1,-1.708125114E1,-3.294375229E1
5.731765894E1,3.855000305E1,-1.644375038E1,-2.895000076E1
5.732765894E1,3.613125229E1,-1.908750153E1,-2.743125153E1
5.733765894E1,3.510000229E1,-1.854375076E1,-2.840625191E1
5.734765894E1,3.615000153E1,-1.951875114E1,-3.225000000E1
5.735765894E1,3.813750076E1,-1.762500000E1,-3.727500153E1
5.736765894E1,4.027500153E1,-1.710000038E1,-3.360000229E1
5.737765894E1,4.005000305E1,-1.623750114E1,-3.071250153E1
5.738765894E1,3.810000229E1,-1.740000153E1,-2.761875153E1
5.739765894E1,3.733125305E1,-1.794375038E1,-2.895000076E1
5.740765894E1,3.856875229E1,-1.865625000E1,-3.485625076E1
5.741765894E1,3.856875229E1,-1.865625000E1,-3.485625076E1
5.742765894E1,4.006875229E1,-1.576875019E1,-3.652500153E1
5.743765894E1,3.706875229E1,-1.715625000E1,-2.823750114E1
5.744765894E1,3.555000305E1,-1.666875076E1,-3.028125191E1
5.745765894E1,3.570000076E1,-1.676250076E1,-3.481875229E1
5.746765894E1,3.669375229E1,-1.580625057E1,-3.693750000E1
5.747765894E1,3.941250229E1,-1.815000153E1,-3.585000229E1
5.748765894E1,4.027500153E1,-1.530000019E1,-3.172500038E1
5.749765894E1,3.742500305E1,-1.432500076E1,-3.020625114E1
5.750765894E1,3.513750076E1,-1.479375076E1,-3.043125153E1
5.751765894E1,3.421875000E1,-1.477500057E1,-3.401250076E1
5.752765894E1,3.511875153E1,-1.764375114E1,-3.706875229E1
5.753765894E1,3.633750153E1,-1.563750076E1,-3.538125229E1
5.754765894E1,3.918750000E1,-1.462500095E1,-3.316875076E1
5.755765894E1,3.611250305E1,-1.456875038E1,-3.031875038E1
5.756765894E1,3.384375000E1,-1.408125019E1,-3.016875076E1
5.757765894E1,3.240000153E1,-1.402500057E1,-3.108750153E1
5.758765894E1,3.425625229E1,-1.518750095E1,-3.742500305E1
5.759765894E1,3.712500000E1,-1.560000038E1,-3.601875305E1
5.760765894E1,3.785625076E1,-1.340625095E1,-3.230625153E1
5.761765894E1,3.622500229E1,-1.301250076E1,-3.153750038E1
5.762765894E1,3.133125114E1,-1.483125019E1,-2.958750153E1
5.763765894E1,3.142500114E1,-1.477500057E1,-3.350625229E1
5.764765894E1,3.063750076E1,-1.826250076E1,-3.851250076E1
5.765765894E1,3.468750000E1,-1.556250095E1,-3.504375076E1
5.766765894E1,3.491250229E1,-1.380000019E1,-3.427500153E1
5.767765894E1,3.360000229E1,-1.263750076E1,-2.949375153E1
5.768765894E1,3.106875038E1,-1.584375095E1,-3.106875038E1
5.769765894E1,3.007500076E1,-1.807500076E1,-3.555000305E1
5.770765894E1,3.271875000E1,-1.895625114E1,-3.926250076E1
5.771765894E1,3.208125305E1,-1.438125038E1,-3.855000305E1
5.772765894E1,3.003750038E1,-1.164375019E1,-3.155625153E1
5.773765894E1,2.902500153E1,-1.207500076E1,-2.760000038E1
5.774765894E1,2.917500114E1,-1.890000153E1,-2.859375191E1
5.775765894E1,3.341250229E1,-2.293125153E1,-3.536250305E1
5.776765894E1,3.463125229E1,-2.135625076E1,-3.862500000E1
5.777765894E1,3.223125076E1,-1.798125076E1,-3.669375229E1
5.778765894E1,2.821875191E1,-1.413750076E1,-3.195000076E1
5.779765894E1,2.589375114E1,-1.490625095E1,-2.544375038E1
5.780765894E1,2.705625153E1,-1.856250000E1,-2.921250153E1
5.781765894E1,3.333750153E1,-1.955625153E1,-3.345000076E1
5.782765894E1,3.744375229E1,-1.831875038E1,-3.736875153E1
5.783765894E1,3.618750000E1,-1.537500095E1,-3.680625153E1
5.784765894E1,3.003750038E1,-1.434375095E1,-3.226875305E1
5.785765894E1,2.752500153E1,-1.498125076E1,-2.608125114E1
5.786765894E1,2.928750038E1,-1.558125019E1,-2.887500191E1
5.787765894E1,3.283125305E1,-1.642500114E1,-3.307500076E1
5.788765894E1,3.697500229E1,-1.681875038E1,-3.952500153E1
5.789765894E1,3.596250153E1,-1.475625038E1,-3.748125076E1
5.790765894E1,3.219375229E1,-1.672500038E1,-3.086250114E1
5.791765894E1,2.896875191E1,-1.410000038E1,-2.587500191E1
5.792765894E1,2.934375191E1,-1.573125076E1,-2.870625114E1
5.793765894E1,3.256875229E1,-1.494375038E1,-3.631875229E1
5.794765894E1,3.596250153E1,-1.561875057E1,-3.975000000E1
5.795765894E1,3.513750076E1,-1.485000038E1,-3.918750000E1
5.796765894E1,3.202500153E1,-1.314375019E1,-3.318750000E1
5.797765894E1,2.955000114E1,-1.518750095E1,-2.686875153E1
5.798765894E1,3.001875114E1,-1.661250114E1,-2.801250076E1
5.799765894E1,3.183750153E1,-1.582500076E1,-3.217500305E1
5.800765894E1,3.676875305E1,-1.625625038E1,-3.581250000E1
5.801765894E1,3.671250153E1,-1.434375095E1,-3.487500000E1
5.802765894E1,3.191250038E1,-1.573125076E1,-2.859375191E1
5.803765894E1,2.928750038E1,-1.659375000E1,-2.503125191E1
5.804765894E1,2.932500076E1,-1.770000076E1,-2.525625038E1
5.805765894E1,3.204375076E1,-1.777500153E1,-2.857500076E1
5.806765894E1,3.545625305E1,-1.773750114E1,-3.487500000E1
5.807765894E1,3.555000305E1,-1.473750019E1,-3.513750076E1
5.808765894E1,3.131250191E1,-1.580625057E1,-2.998125076E1
5.809765894E1,2.928750038E1,-1.659375000E1,-2.503125191E1
5.810765894E1,2.851875114E1,-1.775625038E1,-2.570625114E1
5.811765894E1,3.206250000E1,-1.798125076E1,-3.060000038E1
5.812765894E1,3.564375305E1,-1.576875019E1,-3.286875153E1
5.813765894E1,3.500625229E1,-1.565625095E1,-3.301875305E1
5.814765894E1,3.288750076E1,-1.550625038E1,-2.799375153E1
5.815765894E1,2.902500153E1,-1.674375153E1,-2.407500076E1
5.816765894E1,2.810625076E1,-1.708125114E1,-2.326875114E1
5.817765894E1,3.189375114E1,-1.730625153E1,-2.799375153E1
5.818765894E1,3.523125076E1,-1.595625019E1,-3.268125153E1
5.819765894E1,3.579375076E1,-1.591875076E1,-3.300000000E1
5.820765894E1,3.133125114E1,-1.732500076E1,-2.767500114E1
5.821765894E1,3.022500038E1,-1.588125038E1,-2.448750114E1
5.822765894E1,2.964375114E1,-1.745625114E1,-2.293125153E1
5.823765894E1,3.052500153E1,-1.798125076E1,-2.713125038E1
5.824765894E1,3.369375229E1,-1.775625038E1,-3.189375114E1
5.825765894E1,3.585000229E1,-1.638750076E1,-3.266250229E1
5.826765894E1,3.170625114E1,-1.749375153E1,-2.891250038E1
5.827765894E1,3.178125191E1,-1.560000038E1,-2.328750038E1
5.828765894E1,2.945625114E1,-1.734375000E1,-2.418750191E1
5.829765894E1,3.213750076E1,-1.695000076E1,-2.754375076E1
5.830765894E1,3.523125076E1,-1.689375114E1,-3.245625305E1
5.831765894E1,3.538125229E1,-1.736250114E1,-3.241875076E1
5.832765894E1,3.333750153E1,-1.826250076E1,-2.574375153E1
5.833765894E1,3.026250076E1,-1.854375076E1,-2.317500114E1
5.834765894E1,2.936250114E1,-1.764375114E1,-2.338125038E1
5.835765894E1,3.365625000E1,-1.674375153E1,-2.883750153E1
5.836765894E1,3.628125000E1,-1.648125076E1,-3.125625038E1
5.837765894E1,3.498750305E1,-1.846875000E1,-3.183750153E1
5.838765894E1,3.609375000E1,-1.614375114E1,-2.955000114E1
5.839765894E1,3.091875076E1,-1.666875076E1,-2.568750191E1
5.840765894E1,3.018750191E1,-1.839375114E1,-2.381250000E1
5.841765894E1,3.131250191E1,-1.950000000E1,-2.638125038E1
5.842765894E1,3.525000000E1,-1.841250038E1,-2.966250038E1
5.843765894E1,3.671250153E1,-1.650000000E1,-3.281250000E1
5.844765894E1,3.495000076E1,-1.651875114E1,-2.951250076E1
5.845765894E1,3.256875229E1,-1.672500038E1,-2.538750076E1
5.846765894E1,3.086250114E1,-1.651875114E1,-2.585625076E1
5.847765894E1,3.305625153E1,-1.813125038E1,-2.621250153E1
5.848765894E1,3.474375153E1,-1.818750000E1,-3.234375000E1
5.849765894E1,3.682500076E1,-1.741875076E1,-3.211875153E1
5.850765894E1,3.586875153E1,-1.584375095E1,-2.973750114E1
5.851765894E1,3.191250038E1,-1.642500114E1,-2.508750153E1
5.852765894E1,3.086250114E1,-1.867500114E1,-2.379375076E1
5.853765894E1,3.345000076E1,-1.764375114E1,-2.673750114E1
5.854765894E1,3.536250305E1,-1.809375000E1,-3.046875191E1
5.855765894E1,3.673125076E1,-1.646250153E1,-3.172500038E1
5.856765894E1,3.358125305E1,-1.755000114E1,-2.908125114E1
5.857765894E1,3.330000305E1,-1.717500114E1,-2.613750076E1
5.858765894E1,3.125625038E1,-1.736250114E1,-2.296875000E1
5.859765894E1,3.221250153E1,-1.914375114E1,-2.705625153E1
5.860765894E1,3.570000076E1,-1.901250076E1,-3.009375191E1
5.861765894E1,3.766875076E1,-1.483125019E1,-3.140625191E1
5.862765894E1,3.506250000E1,-1.683750153E1,-2.947500038E1
5.863765894E1,3.313125229E1,-1.668750000E1,-2.587500191E1
5.864765894E1,3.202500153E1,-1.734375000E1,-2.377500153E1
5.865765894E1,3.247500229E1,-1.661250114E1,-2.758125114E1
5.866765894E1,3.472500229E1,-1.644375038E1,-3.217500305E1
5.867765894E1,3.551250076E1,-1.672500038E1,-3.294375229E1
5.868765894E1,3.448125076E1,-1.593750095E1,-3.033750153E1
5.869765894E1,3.193125153E1,-1.786875153E1,-2.576250076E1
5.870765894E1,3.170625114E1,-1.764375114E1,-2.248125076E1
5.871765894E1,3.202500153E1,-1.912500000E1,-2.565000153E1
5.872765894E1,3.566250229E1,-1.728750038E1,-3.007500076E1
5.873765894E1,3.635625076E1,-1.777500153E1,-3.208125305E1
5.874765894E1,3.391875076E1,-1.595625019E1,-3.000000191E1
5.875765894E1,3.123750114E1,-1.584375095E1,-2.497500038E1
5.876765894E1,2.994375038E1,-1.760625076E1,-2.278125000E1
5.877765894E1,3.369375229E1,-1.545000076E1,-2.769375038E1
5.878765894E1,3.504375076E1,-1.717500114E1,-3.024375153E1
5.879765894E1,3.682500076E1,-1.588125038E1,-3.350625229E1
5.880765894E1,3.453750229E1,-1.393125057E1,-3.268125153E1
5.881765894E1,3.286875153E1,-1.282500076E1,-2.853750038E1
5.882765894E1,3.170625114E1,-1.393125057E1,-2.593125153E1
5.883765894E1,3.346875000E1,-1.490625095E1,-2.508750153E1
5.884765894E1,3.622500229E1,-1.395000076E1,-3.099375153E1
5.885765894E1,3.665625000E1,-1.635000038E1,-3.298125076E1
5.886765894E1,3.483750153E1,-1.466250038E1,-3.106875038E1
5.887765894E1,3.298125076E1,-1.621875000E1,-2.574375153E1
5.888765894E1,3.048750114E1,-1.760625076E1,-2.418750191E1
5.889765894E1,3.230625153E1,-1.749375153E1,-2.422500038E1
5.890765894E1,3.564375305E1,-1.708125114E1,-2.806875038E1
5.891765894E1,3.720000076E1,-1.455000019E1,-3.221250153E1
5.892765894E1,3.645000076E1,-1.631250000E1,-3.110625076E1
5.893765894E1,3.185625076E1,-1.648125076E1,-2.728125191E1
5.894765894E1,3.138750076E1,-1.846875000E1,-2.319375038E1
5.895765894E1,3.159375191E1,-1.850625038E1,-2.506875038E1
5.896765894E1,3.564375305E1,-1.708125114E1,-2.853750038E1
5.897765894E1,3.718125153E1,-1.552500057E1,-3.275625229E1
5.898765894E1,3.446250153E1,-1.597500038E1,-3.157500076E1
5.899765894E1,3.270000076E1,-1.816875076E1,-2.700000191E1
5.900765894E1,3.046875191E1,-1.636875153E1,-2.570625114E1
5.901765894E1,3.073125076E1,-1.685625076E1,-2.690625191E1
5.902765894E1,3.480000305E1,-1.635000038E1,-2.857500076E1
5.903765894E1,3.667500305E1,-1.477500057E1,-3.311250305E1
5.904765894E1,3.586875153E1,-1.636875153E1,-3.219375229E1
5.905765894E1,3.305625153E1,-1.680000114E1,-2.960625076E1
5.906765894E1,3.041250038E1,-1.839375114E1,-2.381250000E1
5.907765894E1,3.195000076E1,-1.689375114E1,-2.490000153E1
5.908765894E1,3.450000000E1,-1.685625076E1,-2.900625038E1
5.909765894E1,3.669375229E1,-1.629375076E1,-3.080625153E1
5.910765894E1,3.618750000E1,-1.428750038E1,-3.189375114E1
5.911765894E1,3.281250000E1,-1.661250114E1,-2.821875191E1
5.912765894E1,3.046875191E1,-1.638750076E1,-2.600625038E1
5.913765894E1,3.039375114E1,-1.665000153E1,-2.379375076E1
5.914765894E1,3.401250076E1,-1.691250038E1,-3.009375191E1
5.915765894E1,3.579375076E1,-1.593750095E1,-3.346875000E1
5.916765894E1,3.571875000E1,-1.528125095E1,-3.228750229E1
5.917765894E1,3.468750000E1,-1.595625019E1,-3.157500076E1
5.918765894E1,3.065625191E1,-1.586250019E1,-2.495625114E1
5.919765894E1,3.388125229E1,-1.554375076E1,-2.628750038E1
5.920765894E1,3.423750305E1,-1.723125076E1,-3.069375038E1
5.921765894E1,3.645000076E1,-1.531875038E1,-3.541875076E1
5.922765894E1,3.768750000E1,-1.556250095E1,-3.571875000E1
5.923765894E1,3.403125000E1,-1.348125076E1,-3.240000153E1
5.924765894E1,3.204375076E1,-1.537500095E1,-2.737500191E1
5.925765894E1,3.335625076E1,-1.578750038E1,-2.767500114E1
5.926765894E1,3.414375305E1,-1.501875019E1,-3.103125191E1
5.927765894E1,3.663750076E1,-1.481250095E1,-3.498750305E1
5.928765894E1,3.744375229E1,-1.537500095E1,-3.401250076E1
5.929765894E1,3.418125153E1,-1.768125153E1,-2.971875191E1
5.930765894E1,3.309375000E1,-1.530000019E1,-2.677500153E1
5.931765894E1,3.185625076E1,-1.867500114E1,-2.600625038E1
5.932765894E1,3.560625076E1,-1.736250114E1,-3.273750305E1
5.933765894E1,3.560625076E1,-1.736250114E1,-3.273750305E1
5.934765894E1,3.633750153E1,-1.665000153E1,-3.155625153E1
5.935765894E1,3.521250153E1,-1.524375057E1,-2.930625153E1
5.936765894E1,3.125625038E1,-1.935000038E1,-2.655000114E1
5.937765894E1,3.211875153E1,-1.698750114E1,-2.865000153E1
5.938765894E1,3.564375305E1,-1.659375000E1,-3.435000229E1
5.939765894E1,3.510000229E1,-1.661250114E1,-3.356250000E1
5.940765894E1,3.354375076E1,-1.580625057E1,-2.955000114E1
5.941765894E1,3.101250076E1,-1.636875153E1,-2.679375076E1
5.942765894E1,3.150000191E1,-1.755000114E1,-2.467500114E1
5.943765894E1,3.166875076E1,-1.790625000E1,-2.683125114E1
5.944765894E1,3.453750229E1,-1.642500114E1,-3.076875114E1
5.945765894E1,3.495000076E1,-1.768125153E1,-3.159375191E1
5.946765894E1,3.487500000E1,-1.576875019E1,-3.065625191E1
5.947765894E1,3.114375114E1,-1.726875114E1,-2.501250076E1
5.948765894E1,3.058125114E1,-1.822500038E1,-2.398125076E1
5.949765894E1,3.168750191E1,-1.820625114E1,-2.587500191E1
5.950765894E1,3.333750153E1,-1.755000114E1,-2.908125114E1
5.951765894E1,3.577500153E1,-1.666875076E1,-3.106875038E1
5.952765894E1,3.189375114E1,-1.698750114E1,-2.816250038E1
5.953765894E1,3.013125038E1,-1.668750000E1,-2.488125038E1
5.954765894E1,2.932500076E1,-1.830000114E1,-2.396250153E1
5.955765894E1,3.106875038E1,-1.955625153E1,-2.746875191E1
5.956765894E1,3.525000000E1,-1.685625076E1,-3.120000076E1
5.957765894E1,3.502500153E1,-1.470000076E1,-3.294375229E1
5.958765894E1,3.463125229E1,-1.473750019E1,-2.715000153E1
5.959765894E1,3.043125153E1,-1.743750000E1,-2.373750114E1
5.960765894E1,3.084375191E1,-1.725000000E1,-2.343750000E1
5.961765894E1,3.200625229E1,-1.884375000E1,-2.660625076E1
5.962765894E1,3.541875076E1,-1.824375153E1,-3.015000153E1
5.963765894E1,3.506250000E1,-1.644375038E1,-3.264375305E1
5.964765894E1,3.523125076E1,-1.575000095E1,-3.067500114E1
5.965765894E1,3.241875076E1,-1.843125153E1,-2.368125153E1
5.966765894E1,3.075000191E1,-1.929375076E1,-2.311875153E1
5.967765894E1,3.183750153E1,-1.951875114E1,-2.827500153E1
5.968765894E1,3.553125000E1,-1.762500000E1,-3.052500153E1
5.969765894E1,3.491250229E1,-1.595625019E1,-3.221250153E1
5.970765894E1,3.283125305E1,-1.597500038E1,-2.780625153E1
5.971765894E1,3.219375229E1,-1.717500114E1,-2.424375153E1
5.972765894E1,3.144375038E1,-1.863750076E1,-2.334375000E1
5.973765894E1,3.187500191E1,-2.040000153E1,-2.570625114E1
5.974765894E1,3.453750229E1,-1.640625000E1,-3.030000114E1
5.975765894E1,3.425625229E1,-1.689375114E1,-3.009375191E1
5.976765894E1,3.281250000E1,-1.661250114E1,-2.790000153E1
5.977765894E1,3.050625038E1,-1.756875038E1,-2.278125000E1
5.978765894E1,3.037500191E1,-1.790625000E1,-2.338125038E1
5.979765894E1,3.210000229E1,-1.676250076E1,-2.615625191E1
5.980765894E1,3.416250229E1,-1.653750038E1,-2.870625114E1
5.981765894E1,3.530625153E1,-1.586250019E1,-2.925000191E1
5.982765894E1,3.328125000E1,-1.833750153E1,-2.838750076E1
5.983765894E1,2.992500114E1,-1.668750000E1,-2.409375191E1
5.984765894E1,3.061875153E1,-1.695000076E1,-2.377500153E1
5.985765894E1,3.095625114E1,-1.683750153E1,-2.660625076E1
5.986765894E1,3.480000305E1,-1.635000038E1,-2.889375114E1
5.987765894E1,3.601875305E1,-1.623750114E1,-3.315000153E1
5.988765894E1,3.465000153E1,-1.672500038E1,-3.026250076E1
5.989765894E1,3.003750038E1,-1.730625153E1,-2.388750076E1
5.990765894E1,3.127500153E1,-1.734375000E1,-2.188125038E1
5.991765894E1,3.103125191E1,-1.698750114E1,-2.596875191E1
5.992765894E1,3.450000000E1,-1.591875076E1,-2.970000076E1
5.993765894E1,3.605625153E1,-1.588125038E1,-3.193125153E1
5.994765894E1,3.433125305E1,-1.640625000E1,-2.966250038E1
5.995765894E1,3.230625153E1,-1.655625153E1,-2.446875191E1
5.996765894E1,3.037500191E1,-1.792500114E1,-2.385000038E1
5.997765894E1,3.159375191E1,-1.693125153E1,-2.566875076E1
5.998765894E1,3.470625305E1,-1.623750114E1,-3.061875153E1
5.999765894E1,3.583125305E1,-1.588125038E1,-3.161250114E1
6.000765894E1,3.487500000E1,-1.732500076E1,-3.005625153E1
6.001765894E1,3.345000076E1,-1.670625114E1,-2.696250153E1
6.002765894E1,3.060000038E1,-1.726875114E1,-2.390625000E1
6.003765894E1,3.131250191E1,-1.680000114E1,-2.583750153E1
6.004765894E1,3.361875153E1,-1.676250076E1,-2.994375038E1
6.005765894E1,3.536250305E1,-1.738125038E1,-3.350625229E1
6.006765894E1,3.532500076E1,-1.545000076E1,-3.210000229E1
6.007765894E1,3.331875229E1,-1.651875114E1,-2.572500038E1
6.008765894E1,3.078750038E1,-1.831875038E1,-2.195625114E1
6.009765894E1,3.153750038E1,-1.503750038E1,-2.505000114E1
6.010765894E1,3.384375000E1,-1.676250076E1,-3.024375153E1
6.011765894E1,3.671250153E1,-1.650000000E1,-3.251250076E1
6.012765894E1,3.502500153E1,-1.447500038E1,-3.046875191E1
6.013765894E1,3.373125076E1,-1.591875076E1,-2.782500076E1
6.014765894E1,3.129375076E1,-1.631250000E1,-2.493750191E1
6.015765894E1,3.195000076E1,-1.785000038E1,-2.465625191E1
6.016765894E1,3.373125076E1,-1.646250153E1,-3.028125191E1
6.017765894E1,3.665625000E1,-1.635000038E1,-3.298125076E1
6.018765894E1,3.588750076E1,-1.635000038E1,-3.157500076E1
6.019765894E1,3.429375076E1,-1.620000076E1,-2.795625114E1
6.020765894E1,3.196875191E1,-1.781250000E1,-2.388750076E1
6.021765894E1,3.135000038E1,-1.698750114E1,-2.707500076E1
6.022765894E1,3.465000153E1,-1.670625114E1,-2.964375114E1
6.023765894E1,3.594375229E1,-1.672500038E1,-3.373125076E1
6.024765894E1,3.620625305E1,-1.822500038E1,-3.095625114E1
6.025765894E1,3.386250305E1,-1.651875114E1,-2.715000153E1
6.026765894E1,3.086250114E1,-1.651875114E1,-2.585625076E1
6.027765894E1,3.146250153E1,-1.822500038E1,-2.587500191E1
6.028765894E1,3.526875305E1,-1.745625114E1,-2.990625191E1
6.029765894E1,3.596250153E1,-1.846875000E1,-3.373125076E1
6.030765894E1,3.695625305E1,-1.554375076E1,-3.305625153E1
6.031765894E1,3.346875000E1,-1.785000038E1,-2.844375038E1
6.032765894E1,3.296250153E1,-1.663125038E1,-2.321250153E1
6.033765894E1,3.345000076E1,-1.494375038E1,-2.617500114E1
6.034765894E1,3.429375076E1,-1.736250114E1,-3.005625153E1
6.035765894E1,3.778125000E1,-1.743750000E1,-3.525000000E1
6.036765894E1,3.714375305E1,-1.681875038E1,-3.390000153E1
6.037765894E1,3.416250229E1,-1.770000076E1,-3.048750114E1
6.038765894E1,3.410625076E1,-1.711875153E1,-2.585625076E1
6.039765894E1,3.091875076E1,-1.666875076E1,-2.568750191E1
6.040765894E1,3.523125076E1,-1.666875076E1,-2.996250153E1
6.041765894E1,3.635625076E1,-1.623750114E1,-3.393750000E1
6.042765894E1,3.738750076E1,-1.678125000E1,-3.311250305E1
6.043765894E1,3.480000305E1,-1.635000038E1,-2.889375114E1
6.044765894E1,3.133125114E1,-1.770000076E1,-2.403750038E1
6.045765894E1,3.208125305E1,-1.593750095E1,-2.482500076E1
6.046765894E1,3.393750000E1,-1.927500153E1,-2.956875038E1
6.047765894E1,3.665625000E1,-1.811250114E1,-3.423750305E1
6.048765894E1,3.757500076E1,-1.741875076E1,-3.401250076E1
6.049765894E1,3.448125076E1,-1.717500114E1,-2.960625076E1
6.050765894E1,3.238125229E1,-1.575000095E1,-2.422500038E1
6.051765894E1,3.191250038E1,-1.528125095E1,-2.330625153E1
6.052765894E1,3.403125000E1,-1.689375114E1,-2.945625114E1
6.053765894E1,3.723750305E1,-1.651875114E1,-3.500625229E1
6.054765894E1,3.915000153E1,-1.736250114E1,-3.528750229E1
6.055765894E1,3.571875000E1,-1.867500114E1,-2.887500191E1
6.056765894E1,3.243750000E1,-1.621875000E1,-2.448750114E1
6.057765894E1,3.163125038E1,-1.629375076E1,-2.493750191E1
6.058765894E1,3.461250305E1,-1.561875057E1,-3.035625076E1
6.059765894E1,3.661875153E1,-1.938750076E1,-3.429375076E1
6.060765894E1,3.890625000E1,-2.109375000E1,-3.230625153E1
6.061765894E1,3.573750305E1,-1.959375000E1,-2.754375076E1
6.062765894E1,3.493125153E1,-1.453125095E1,-2.593125153E1
6.063765894E1,3.716250229E1,-1.136250019E1,-3.121875191E1
6.064765894E1,3.740625000E1,-1.582500076E1,-3.303750229E1
6.065765894E1,3.483750153E1,-1.738125038E1,-3.193125153E1
6.066765894E1,3.007500076E1,-2.049375153E1,-2.488125038E1
6.067765894E1,3.013125038E1,-1.863750076E1,-2.034375000E1
6.068765894E1,3.395625305E1,-1.839375114E1,-2.621250153E1
6.069765894E1,3.905625153E1,-1.526250076E1,-3.326250076E1
6.070765894E1,3.945000076E1,-1.561875057E1,-3.558750153E1
6.071765894E1,3.652500153E1,-1.668750000E1,-3.343125153E1
6.072765894E1,3.050625038E1,-1.779375076E1,-2.557500076E1
6.073765894E1,2.921250153E1,-1.685625076E1,-2.281875038E1
6.074765894E1,3.268125153E1,-1.764375114E1,-2.516250038E1
6.075765894E1,3.787500000E1,-1.638750076E1,-3.097500038E1
6.076765894E1,3.931875229E1,-1.719375038E1,-3.545625305E1
6.077765894E1,3.716250229E1,-1.616250038E1,-3.316875076E1
6.078765894E1,3.133125114E1,-1.678125000E1,-2.505000114E1
6.079765894E1,3.052500153E1,-1.755000114E1,-2.201250076E1
6.080765894E1,3.281250000E1,-1.876875114E1,-2.615625191E1
6.081765894E1,3.678750229E1,-1.640625000E1,-2.908125114E1
6.082765894E1,3.933750153E1,-1.717500114E1,-3.436875153E1
6.083765894E1,3.703125000E1,-1.565625095E1,-3.133125114E1
6.084765894E1,3.191250038E1,-1.788750076E1,-2.606250191E1
6.085765894E1,3.022500038E1,-1.835625076E1,-2.225625038E1
6.086765894E1,3.088125038E1,-1.920000076E1,-2.593125153E1
6.087765894E1,3.669375229E1,-1.753125000E1,-2.975625038E1
6.088765894E1,3.967500305E1,-1.539375019E1,-3.390000153E1
6.089765894E1,3.581250000E1,-1.685625076E1,-3.198750114E1
6.090765894E1,3.161250114E1,-1.691250038E1,-2.490000153E1
6.091765894E1,2.928750038E1,-1.726875114E1,-2.092500114E1
6.092765894E1,3.348750305E1,-1.758750153E1,-2.439375114E1
6.093765894E1,3.682500076E1,-1.740000153E1,-3.150000191E1
6.094765894E1,3.965625000E1,-1.696875000E1,-3.345000076E1
6.095765894E1,3.706875229E1,-1.644375038E1,-3.174375153E1
6.096765894E1,3.380625153E1,-1.636875153E1,-2.700000191E1
6.097765894E1,3.000000191E1,-1.773750114E1,-2.244375038E1
6.098765894E1,3.316875076E1,-1.751250076E1,-2.690625191E1
6.099765894E1,3.804375076E1,-1.623750114E1,-3.161250114E1
6.100765894E1,3.911250305E1,-1.719375038E1,-3.466875076E1
6.101765894E1,3.575625229E1,-1.670625114E1,-3.215625000E1
6.102765894E1,3.346875000E1,-1.668750000E1,-2.619375038E1
6.103765894E1,3.181875038E1,-1.732500076E1,-2.251875114E1
6.104765894E1,3.043125153E1,-1.920000076E1,-2.484375191E1
6.105765894E1,3.682500076E1,-1.895625114E1,-3.011250114E1
6.106765894E1,3.796875000E1,-1.756875038E1,-3.463125229E1
6.107765894E1,3.736875153E1,-1.565625095E1,-3.211875153E1
6.108765894E1,3.294375229E1,-1.721250153E1,-2.692500114E1
6.109765894E1,3.050625038E1,-1.848750114E1,-2.208750153E1
6.110765894E1,3.133125114E1,-1.950000000E1,-2.593125153E1
6.111765894E1,3.553125000E1,-1.764375114E1,-3.114375114E1
6.112765894E1,3.875625229E1,-1.846875000E1,-3.440625000E1
6.113765894E1,3.721875000E1,-1.723125076E1,-3.198750114E1
6.114765894E1,3.348750305E1,-1.687500000E1,-2.790000153E1
6.115765894E1,3.166875076E1,-1.685625076E1,-2.255625153E1
6.116765894E1,3.091875076E1,-1.884375000E1,-2.424375153E1
6.117765894E1,3.427500153E1,-1.957500076E1,-2.955000114E1
6.118765894E1,3.811875153E1,-1.743750000E1,-3.556875229E1
6.119765894E1,3.733125305E1,-1.516875076E1,-3.168750191E1
6.120765894E1,3.286875153E1,-1.530000019E1,-2.628750038E1
6.121765894E1,3.086250114E1,-1.721250153E1,-2.235000038E1
6.122765894E1,3.138750076E1,-1.725000000E1,-2.471250153E1
6.123765894E1,3.412500000E1,-1.929375076E1,-3.097500038E1
6.124765894E1,3.720000076E1,-1.811250114E1,-3.487500000E1
6.125765894E1,3.825000000E1,-1.531875038E1,-3.326250076E1
6.126765894E1,3.258750153E1,-1.576875019E1,-2.578125191E1
6.127765894E1,3.170625114E1,-1.618125153E1,-2.120625114E1
6.128765894E1,3.504375076E1,-1.683750153E1,-2.979375076E1
6.129765894E1,3.504375076E1,-1.683750153E1,-2.979375076E1
6.130765894E1,3.845625305E1,-1.573125076E1,-3.166875076E1
6.131765894E1,3.326250076E1,-1.543125057E1,-2.643750191E1
6.132765894E1,3.031875038E1,-1.627500153E1,-2.148750114E1
6.133765894E1,3.159375191E1,-1.848750114E1,-2.430000114E1
6.134765894E1,3.558750153E1,-1.933125114E1,-2.975625038E1
6.135765894E1,3.866250229E1,-1.659375000E1,-3.487500000E1
6.136765894E1,3.883125305E1,-1.526250076E1,-3.296250153E1
6.137765894E1,3.556875229E1,-1.580625057E1,-2.786250114E1
6.138765894E1,3.078750038E1,-1.770000076E1,-2.246250153E1
6.139765894E1,3.410625076E1,-1.771875000E1,-2.471250153E1
6.140765894E1,3.675000000E1,-1.800000000E1,-2.941875076E1
6.141765894E1,4.063125229E1,-1.820625114E1,-3.461250305E1
6.142765894E1,3.748125076E1,-1.471875095E1,-3.283125305E1
6.143765894E1,3.480000305E1,-1.488750076E1,-2.730000114E1
6.144765894E1,3.016875076E1,-1.818750000E1,-2.178750038E1
6.145765894E1,3.195000076E1,-1.938750076E1,-2.328750038E1
6.146765894E1,3.787500000E1,-1.856250000E1,-2.938125038E1
6.147765894E1,4.095000076E1,-1.738125038E1,-3.390000153E1
6.148765894E1,3.877500153E1,-1.575000095E1,-3.275625229E1
6.149765894E1,3.451875305E1,-1.567500019E1,-2.613750076E1
6.150765894E1,3.007500076E1,-1.672500038E1,-1.987500000E1
6.151765894E1,3.238125229E1,-1.822500038E1,-2.197500038E1
6.152765894E1,3.699375153E1,-1.796250153E1,-2.895000076E1
6.153765894E1,4.070625305E1,-1.710000038E1,-3.438750076E1
6.154765894E1,3.896250153E1,-1.824375153E1,-3.240000153E1
6.155765894E1,3.253125000E1,-1.678125000E1,-2.773125076E1
6.156765894E1,3.033750153E1,-1.771875000E1,-2.246250153E1
6.157765894E1,3.080625153E1,-1.946250153E1,-2.326875114E1
6.158765894E1,3.688125229E1,-1.734375000E1,-2.883750153E1
6.159765894E1,4.065000153E1,-1.663125038E1,-3.474375153E1
6.160765894E1,3.875625229E1,-1.606875038E1,-3.320625305E1
6.161765894E1,3.356250000E1,-1.578750038E1,-2.829375076E1
6.162765894E1,2.949375153E1,-1.854375076E1,-2.175000000E1
6.163765894E1,3.236250305E1,-1.918125153E1,-2.205000114E1
6.164765894E1,3.650625229E1,-1.843125153E1,-2.718750191E1
6.165765894E1,3.939375305E1,-1.764375114E1,-3.448125076E1
6.166765894E1,3.888750076E1,-1.635000038E1,-3.178125191E1
6.167765894E1,3.429375076E1,-1.620000076E1,-2.795625114E1
6.168765894E1,3.118125153E1,-1.636875153E1,-2.101875114E1
6.169765894E1,3.172500038E1,-1.783125114E1,-2.388750076E1
6.170765894E1,3.549375153E1,-1.815000153E1,-2.656875038E1
6.171765894E1,3.988125229E1,-1.695000076E1,-3.298125076E1
6.172765894E1,3.871875000E1,-1.651875114E1,-3.223125076E1
6.173765894E1,3.420000076E1,-1.588125038E1,-2.735625076E1
6.174765894E1,3.048750114E1,-1.674375153E1,-2.176875114E1
6.175765894E1,3.166875076E1,-1.770000076E1,-2.435625076E1
6.176765894E1,3.738750076E1,-1.809375000E1,-2.848125076E1
6.177765894E1,3.922500229E1,-1.809375000E1,-3.335625076E1
6.178765894E1,3.836250305E1,-1.715625000E1,-3.168750191E1
6.179765894E1,3.328125000E1,-1.779375076E1,-2.610000038E1
6.180765894E1,3.030000114E1,-1.725000000E1,-2.235000038E1
6.181765894E1,3.125625038E1,-1.880625153E1,-2.394375038E1
6.182765894E1,3.345000076E1,-1.940625000E1,-2.752500153E1
6.183765894E1,3.903750229E1,-1.621875000E1,-3.350625229E1
6.184765894E1,3.855000305E1,-1.666875076E1,-3.127500153E1
6.185765894E1,3.388125229E1,-1.732500076E1,-2.786250114E1
6.186765894E1,3.084375191E1,-1.846875000E1,-2.208750153E1
6.187765894E1,3.028125191E1,-1.850625038E1,-2.208750153E1
6.188765894E1,3.480000305E1,-1.912500000E1,-2.615625191E1
6.189765894E1,3.671250153E1,-1.950000000E1,-3.288750076E1
6.190765894E1,3.744375229E1,-1.755000114E1,-3.243750000E1
6.191765894E1,3.547500229E1,-1.640625000E1,-2.608125114E1
6.192765894E1,3.050625038E1,-1.850625038E1,-2.240625000E1
6.193765894E1,3.011250114E1,-1.888125038E1,-2.392500114E1
6.194765894E1,3.555000305E1,-1.861875153E1,-2.621250153E1
6.195765894E1,3.883125305E1,-1.796250153E1,-3.350625229E1
6.196765894E1,3.855000305E1,-1.822500038E1,-3.052500153E1
6.197765894E1,3.585000229E1,-1.655625153E1,-2.701875114E1
6.198765894E1,3.075000191E1,-1.908750153E1,-2.109375000E1
6.199765894E1,3.037500191E1,-1.788750076E1,-2.306250000E1
6.200765894E1,3.519375229E1,-1.865625000E1,-2.668125153E1
6.201765894E1,3.813750076E1,-1.957500076E1,-3.243750000E1
6.202765894E1,3.885000229E1,-1.638750076E1,-3.363750076E1
6.203765894E1,3.577500153E1,-1.738125038E1,-2.773125076E1
6.204765894E1,3.159375191E1,-1.826250076E1,-2.195625114E1
6.205765894E1,3.324375153E1,-1.833750153E1,-2.214375114E1
6.206765894E1,3.470625305E1,-1.995000076E1,-2.686875153E1
6.207765894E1,3.918750000E1,-1.886250114E1,-3.172500038E1
6.208765894E1,3.892500305E1,-1.653750038E1,-3.300000000E1
6.209765894E1,3.598125076E1,-1.644375038E1,-2.874375153E1
6.210765894E1,3.211875153E1,-1.745625114E1,-2.235000038E1
6.211765894E1,3.193125153E1,-1.762500000E1,-2.250000000E1
6.212765894E1,3.450000000E1,-1.965000153E1,-2.673750114E1
6.213765894E1,4.008750153E1,-1.818750000E1,-3.273750305E1
6.214765894E1,3.830625153E1,-1.764375114E1,-3.150000191E1
6.215765894E1,3.500625229E1,-1.644375038E1,-2.638125038E1
6.216765894E1,3.133125114E1,-1.571250057E1,-2.045625114E1
6.217765894E1,3.030000114E1,-1.848750114E1,-2.130000114E1
6.218765894E1,3.487500000E1,-1.801875114E1,-2.595000076E1
6.219765894E1,3.901875305E1,-1.725000000E1,-3.076875114E1
6.220765894E1,3.759375000E1,-1.935000038E1,-2.883750153E1
6.221765894E1,3.585000229E1,-1.531875038E1,-2.775000191E1
6.222765894E1,3.056250191E1,-1.595625019E1,-2.182500076E1
6.223765894E1,3.101250076E1,-1.953750038E1,-2.090625000E1
6.224765894E1,3.431250000E1,-1.835625076E1,-2.559375191E1
6.225765894E1,3.810000229E1,-1.794375038E1,-3.052500153E1
6.226765894E1,3.856875229E1,-1.717500114E1,-3.279375076E1
6.227765894E1,3.570000076E1,-1.546875095E1,-2.741250038E1
6.228765894E1,3.168750191E1,-1.713750076E1,-2.128125000E1
6.229765894E1,3.120000076E1,-1.813125038E1,-2.180625153E1
6.230765894E1,3.489375305E1,-1.852500153E1,-2.715000153E1
6.231765894E1,3.941250229E1,-1.884375000E1,-3.204375076E1
6.232765894E1,4.014375305E1,-1.597500038E1,-3.260625076E1
6.233765894E1,3.691875076E1,-1.605000114E1,-2.833125114E1
6.234765894E1,3.086250114E1,-1.565625095E1,-2.356875038E1
6.235765894E1,2.994375038E1,-2.060625076E1,-2.283750153E1
6.236765894E1,3.609375000E1,-1.953750038E1,-2.645625114E1
6.237765894E1,3.826875305E1,-2.193750000E1,-3.255000305E1
6.238765894E1,4.027500153E1,-1.531875038E1,-3.204375076E1
6.239765894E1,3.648750305E1,-1.327500057E1,-2.996250153E1
6.240765894E1,3.020625114E1,-1.681875038E1,-2.394375038E1
6.241765894E1,3.193125153E1,-2.158125114E1,-2.201250076E1
6.242765894E1,3.648750305E1,-2.214375114E1,-2.437500191E1
6.243765894E1,4.186875153E1,-1.938750076E1,-3.436875153E1
6.244765894E1,3.960000229E1,-1.441875076E1,-3.225000000E1
6.245765894E1,3.350625229E1,-1.293750095E1,-2.806875038E1
6.246765894E1,3.136875153E1,-1.526250076E1,-2.143125153E1
6.247765894E1,3.348750305E1,-1.891875076E1,-2.085000038E1
6.248765894E1,4.096875000E1,-1.959375000E1,-2.778750038E1
6.249765894E1,4.455000305E1,-1.854375076E1,-3.183750153E1
6.250765894E1,3.954375076E1,-1.603125000E1,-3.367500305E1
6.251765894E1,3.393750000E1,-1.471875095E1,-3.073125076E1
6.252765894E1,2.913750076E1,-1.464375019E1,-2.300625038E1
6.253765894E1,3.165000153E1,-1.841250038E1,-2.180625153E1
6.254765894E1,3.948750305E1,-1.974375153E1,-2.415000153E1
6.255765894E1,4.336875153E1,-1.897500038E1,-3.397500229E1
6.256765894E1,4.057500076E1,-1.629375076E1,-3.367500305E1
6.257765894E1,3.326250076E1,-1.411875057E1,-3.093750191E1
6.258765894E1,2.780625153E1,-1.612500000E1,-2.238750076E1
6.259765894E1,3.200625229E1,-1.931250000E1,-2.032500076E1
6.260765894E1,3.847500229E1,-2.242500114E1,-2.735625076E1
6.261765894E1,4.220625305E1,-2.186250114E1,-3.245625305E1
6.262765894E1,3.945000076E1,-1.633125114E1,-3.286875153E1
6.263765894E1,3.300000000E1,-1.395000076E1,-2.970000076E1
6.264765894E1,2.838750076E1,-1.370625019E1,-2.135625076E1
6.265765894E1,3.123750114E1,-1.807500076E1,-1.995000076E1
6.266765894E1,3.823125076E1,-2.036250114E1,-2.688750076E1
6.267765894E1,4.453125000E1,-2.002500153E1,-3.436875153E1
6.268765894E1,4.156875229E1,-1.749375153E1,-3.375000000E1
6.269765894E1,3.305625153E1,-1.411875057E1,-2.983125114E1
6.270765894E1,2.617500114E1,-1.698750114E1,-2.088750076E1
6.271765894E1,2.895000076E1,-1.938750076E1,-2.229375076E1
6.272765894E1,3.903750229E1,-1.968750000E1,-2.696250153E1
6.273765894E1,4.526250076E1,-1.983750153E1,-3.485625076E1
6.274765894E1,4.095000076E1,-1.790625000E1,-3.573750305E1
6.275765894E1,3.328125000E1,-1.586250019E1,-3.063750076E1
6.276765894E1,2.604375076E1,-1.670625114E1,-2.201250076E1
6.277765894E1,2.754375076E1,-2.023125076E1,-2.079375076E1
6.278765894E1,3.868125153E1,-1.920000076E1,-2.512500191E1
6.279765894E1,4.586250305E1,-1.676250076E1,-3.326250076E1
6.280765894E1,4.520625305E1,-1.543125057E1,-3.555000305E1
6.281765894E1,3.468750000E1,-1.451250076E1,-3.045000076E1
6.282765894E1,2.746875191E1,-1.762500000E1,-2.398125076E1
6.283765894E1,2.940000153E1,-1.665000153E1,-2.190000153E1
6.284765894E1,3.913125229E1,-1.886250114E1,-2.563125038E1
6.285765894E1,4.588125229E1,-1.672500038E1,-3.185625076E1
6.286765894E1,4.305000305E1,-1.680000114E1,-3.461250305E1
6.287765894E1,3.382500076E1,-1.833750153E1,-2.981250191E1
6.288765894E1,2.750625038E1,-1.655625153E1,-2.563125038E1
6.289765894E1,2.823750114E1,-1.891875076E1,-2.092500114E1
6.290765894E1,3.853125000E1,-1.935000038E1,-2.463750076E1
6.291765894E1,4.426875305E1,-1.809375000E1,-3.217500305E1
6.292765894E1,4.261875153E1,-1.792500114E1,-3.451875305E1
6.293765894E1,3.461250305E1,-1.561875057E1,-3.035625076E1
6.294765894E1,2.643750191E1,-1.706250000E1,-2.463750076E1
6.295765894E1,3.015000153E1,-1.822500038E1,-2.319375038E1
6.296765894E1,3.810000229E1,-1.809375000E1,-2.379375076E1
6.297765894E1,4.492500305E1,-1.871250153E1,-3.307500076E1
6.298765894E1,4.460625076E1,-1.683750153E1,-3.322500229E1
6.299765894E1,3.442500305E1,-1.672500038E1,-3.026250076E1
6.300765894E1,2.625000191E1,-1.848750114E1,-2.388750076E1
6.301765894E1,2.835000038E1,-1.768125153E1,-2.227500153E1
6.302765894E1,3.727500153E1,-2.034375000E1,-2.360625076E1
6.303765894E1,4.640625000E1,-1.800000000E1,-3.346875000E1
6.304765894E1,4.365000153E1,-1.672500038E1,-3.305625153E1
6.305765894E1,3.483750153E1,-1.466250038E1,-3.075000191E1
6.306765894E1,2.767500114E1,-1.584375095E1,-2.319375038E1
6.307765894E1,2.866875076E1,-1.777500153E1,-2.025000000E1
6.308765894E1,3.635625076E1,-1.948125076E1,-2.460000038E1
6.309765894E1,4.513125229E1,-1.578750038E1,-3.097500038E1
6.310765894E1,4.428750229E1,-1.590000057E1,-3.315000153E1
6.311765894E1,3.358125305E1,-1.558125019E1,-3.315000153E1
6.312765894E1,2.763750076E1,-1.805625153E1,-2.332500076E1
6.313765894E1,2.928750038E1,-1.728750038E1,-2.169375038E1
6.314765894E1,3.731250000E1,-1.687500000E1,-2.435625076E1
6.315765894E1,4.477500153E1,-1.704375076E1,-2.992500114E1
6.316765894E1,4.413750076E1,-1.500000095E1,-3.525000000E1
6.317765894E1,2.827500153E1,-1.777500153E1,-2.570625114E1
6.318765894E1,2.827500153E1,-1.777500153E1,-2.570625114E1
6.319765894E1,2.964375114E1,-1.571250057E1,-2.246250153E1
6.320765894E1,3.961875153E1,-1.912500000E1,-2.435625076E1
6.321765894E1,4.513125229E1,-1.623750114E1,-3.579375076E1
6.322765894E1,3.828750229E1,-1.370625019E1,-3.275625229E1
6.323765894E1,2.949375153E1,-1.659375000E1,-2.613750076E1
6.324765894E1,2.938125038E1,-1.668750000E1,-2.300625038E1
6.325765894E1,3.836250305E1,-1.732500076E1,-2.574375153E1
6.326765894E1,4.651875305E1,-1.681875038E1,-3.121875191E1
6.327765894E1,4.550625229E1,-1.670625114E1,-3.652500153E1
6.328765894E1,3.785625076E1,-1.516875076E1,-3.311250305E1
6.329765894E1,2.958750153E1,-1.753125000E1,-2.589375114E1
6.330765894E1,2.975625038E1,-1.777500153E1,-2.323125076E1
6.331765894E1,3.973125076E1,-1.725000000E1,-2.576250076E1
6.332765894E1,4.608750153E1,-1.528125095E1,-3.213750076E1
6.333765894E1,4.580625153E1,-1.590000057E1,-3.691875076E1
6.334765894E1,3.870000076E1,-1.415625095E1,-3.226875305E1
6.335765894E1,2.908125114E1,-1.950000000E1,-2.683125114E1
6.336765894E1,3.129375076E1,-1.906875038E1,-2.158125114E1
6.337765894E1,3.915000153E1,-1.801875114E1,-2.336250114E1
6.338765894E1,4.590000153E1,-1.792500114E1,-2.971875191E1
6.339765894E1,4.657500076E1,-1.627500153E1,-3.487500000E1
6.340765894E1,3.838125229E1,-1.558125019E1,-3.213750076E1
6.341765894E1,3.082500076E1,-1.695000076E1,-2.441250038E1
6.342765894E1,3.271875000E1,-1.736250114E1,-2.017500114E1
6.343765894E1,3.832500076E1,-1.963125038E1,-2.321250153E1
6.344765894E1,4.588125229E1,-1.775625038E1,-2.880000114E1
6.345765894E1,4.492500305E1,-1.715625000E1,-3.446250153E1
6.346765894E1,3.755625153E1,-1.638750076E1,-3.018750191E1
6.347765894E1,2.956875038E1,-1.848750114E1,-2.598750114E1
6.348765894E1,2.977500153E1,-1.751250076E1,-1.935000038E1
6.349765894E1,3.821250153E1,-1.841250038E1,-2.439375114E1
6.350765894E1,4.507500076E1,-1.779375076E1,-2.908125114E1
6.351765894E1,4.629375076E1,-1.728750038E1,-3.650625229E1
6.352765894E1,3.915000153E1,-1.381875038E1,-3.245625305E1
6.353765894E1,3.048750114E1,-1.783125114E1,-2.668125153E1
6.354765894E1,3.037500191E1,-1.766250038E1,-2.026875114E1
6.355765894E1,3.675000000E1,-1.815000153E1,-2.298750114E1
6.356765894E1,4.539375305E1,-1.811250114E1,-2.985000038E1
6.357765894E1,4.661250305E1,-1.531875038E1,-3.433125305E1
6.358765894E1,3.780000305E1,-1.696875000E1,-2.889375114E1
6.359765894E1,3.054375076E1,-1.651875114E1,-2.506875038E1
6.360765894E1,2.964375114E1,-1.818750000E1,-2.023125076E1
6.361765894E1,3.744375229E1,-1.839375114E1,-2.220000076E1
6.362765894E1,4.543125153E1,-1.711875153E1,-2.821875191E1
6.363765894E1,4.492500305E1,-1.715625000E1,-3.446250153E1
6.364765894E1,3.712500000E1,-1.513125038E1,-2.981250191E1
6.365765894E1,2.996250153E1,-1.708125114E1,-2.750625038E1
6.366765894E1,3.075000191E1,-1.906875038E1,-2.032500076E1
6.367765894E1,3.748125076E1,-1.796250153E1,-2.349375153E1
6.368765894E1,4.490625000E1,-1.764375114E1,-2.863125038E1
6.369765894E1,4.470000076E1,-1.738125038E1,-3.646875000E1
6.370765894E1,3.862500000E1,-1.710000038E1,-3.015000153E1
6.371765894E1,3.191250038E1,-1.726875114E1,-2.658750153E1
6.372765894E1,2.940000153E1,-1.914375114E1,-1.998750114E1
6.373765894E1,3.718125153E1,-2.002500153E1,-2.315625000E1
6.374765894E1,4.475625229E1,-1.779375076E1,-2.767500114E1
6.375765894E1,4.368750000E1,-1.773750114E1,-3.547500229E1
6.376765894E1,3.798750305E1,-1.668750000E1,-3.095625114E1
6.377765894E1,2.932500076E1,-1.522500038E1,-2.718750191E1
6.378765894E1,2.906250191E1,-1.728750038E1,-2.090625000E1
6.379765894E1,3.635625076E1,-1.708125114E1,-2.385000038E1
6.380765894E1,4.357500076E1,-1.822500038E1,-2.949375153E1
6.381765894E1,4.488750076E1,-1.501875019E1,-3.759375000E1
6.382765894E1,3.798750305E1,-1.608750153E1,-3.178125191E1
6.383765894E1,3.103125191E1,-1.565625095E1,-2.951250076E1
6.384765894E1,2.949375153E1,-1.852500153E1,-2.098125076E1
6.385765894E1,3.671250153E1,-1.548750019E1,-2.430000114E1
6.386765894E1,4.380000305E1,-1.726875114E1,-3.005625153E1
6.387765894E1,4.291875076E1,-1.466250038E1,-3.759375000E1
6.388765894E1,3.723750305E1,-1.721250153E1,-3.090000153E1
6.389765894E1,3.088125038E1,-1.516875076E1,-2.908125114E1
6.390765894E1,2.850000191E1,-1.950000000E1,-1.916250038E1
6.391765894E1,3.558750153E1,-1.886250114E1,-2.385000038E1
6.392765894E1,4.361250305E1,-1.691250038E1,-2.820000076E1
6.393765894E1,4.440000153E1,-1.578750038E1,-3.566250229E1
6.394765894E1,3.825000000E1,-1.770000076E1,-3.399375153E1
6.395765894E1,3.009375191E1,-1.458750057E1,-2.911875153E1
6.396765894E1,3.043125153E1,-1.835625076E1,-2.272500038E1
6.397765894E1,3.600000000E1,-1.741875076E1,-2.413125038E1
6.398765894E1,4.344375229E1,-1.886250114E1,-2.960625076E1
6.399765894E1,4.305000305E1,-1.648125076E1,-3.480000305E1
6.400765894E1,3.849375153E1,-1.766250038E1,-3.337500000E1
6.401765894E1,3.281250000E1,-1.537500095E1,-2.925000191E1
6.402765894E1,3.114375114E1,-1.766250038E1,-2.216250038E1
6.403765894E1,3.586875153E1,-1.901250076E1,-2.368125153E1
6.404765894E1,4.297500229E1,-1.985625076E1,-2.998125076E1
6.405765894E1,4.381875229E1,-1.708125114E1,-3.538125229E1
6.406765894E1,3.885000229E1,-1.856250000E1,-3.189375114E1
6.407765894E1,3.116250038E1,-1.593750095E1,-2.872500038E1
6.408765894E1,2.988750076E1,-1.961250114E1,-2.088750076E1
6.409765894E1,3.615000153E1,-1.730625153E1,-2.587500191E1
6.410765894E1,4.447500229E1,-2.034375000E1,-2.840625191E1
6.411765894E1,4.590000153E1,-1.443750095E1,-3.579375076E1
6.412765894E1,3.826875305E1,-1.800000000E1,-3.350625229E1
6.413765894E1,3.168750191E1,-1.511250019E1,-2.880000114E1
6.414765894E1,3.060000038E1,-1.966875076E1,-2.463750076E1
6.415765894E1,3.526875305E1,-2.010000038E1,-2.171250153E1
6.416765894E1,4.417500305E1,-2.105625153E1,-3.084375191E1
6.417765894E1,4.584375000E1,-1.678125000E1,-3.403125000E1
6.418765894E1,3.868125153E1,-2.051250076E1,-3.330000305E1
6.419765894E1,3.264375305E1,-1.646250153E1,-2.806875038E1
6.420765894E1,3.060000038E1,-2.182500076E1,-2.259375000E1
6.421765894E1,3.751875305E1,-1.815000153E1,-2.488125038E1
6.422765894E1,4.308750153E1,-2.013750076E1,-2.887500191E1
6.423765894E1,4.711875153E1,-1.605000114E1,-3.363750076E1
6.424765894E1,4.080000305E1,-1.803750038E1,-3.478125000E1
6.425765894E1,3.545625305E1,-1.548750019E1,-2.741250038E1
6.426765894E1,3.363750076E1,-1.901250076E1,-2.460000038E1
6.427765894E1,3.688125229E1,-1.783125114E1,-2.302500153E1
6.428765894E1,4.353750229E1,-1.897500038E1,-2.818125153E1
6.429765894E1,4.590000153E1,-1.599375057E1,-3.457500076E1
6.430765894E1,3.997500229E1,-1.811250114E1,-3.586875153E1
6.431765894E1,3.489375305E1,-1.552500057E1,-2.739375114E1
6.432765894E1,3.116250038E1,-1.963125038E1,-2.497500038E1
6.433765894E1,3.896250153E1,-1.642500114E1,-2.238750076E1
6.434765894E1,4.336875153E1,-1.788750076E1,-2.874375153E1
6.435765894E1,4.556250000E1,-1.578750038E1,-3.208125305E1
6.436765894E1,4.036875153E1,-1.618125153E1,-3.540000153E1
6.437765894E1,3.354375076E1,-1.558125019E1,-2.628750038E1
6.438765894E1,3.187500191E1,-1.863750076E1,-2.460000038E1
6.439765894E1,3.733125305E1,-1.811250114E1,-2.300625038E1
6.440765894E1,4.220625305E1,-1.860000038E1,-2.881875038E1
6.441765894E1,4.451250076E1,-1.803750038E1,-3.078750038E1
6.442765894E1,4.016250229E1,-1.762500000E1,-3.558750153E1
6.443765894E1,3.448125076E1,-1.571250057E1,-2.801250076E1
6.444765894E1,3.046875191E1,-1.856250000E1,-2.426250076E1
6.445765894E1,3.575625229E1,-2.034375000E1,-2.013750076E1
6.446765894E1,4.359375000E1,-1.818750000E1,-2.825625038E1
6.447765894E1,4.395000076E1,-1.891875076E1,-3.335625076E1
6.448765894E1,3.907500076E1,-1.846875000E1,-3.519375229E1
6.449765894E1,3.313125229E1,-1.871250153E1,-3.054375076E1
6.450765894E1,3.112500191E1,-1.768125153E1,-2.295000076E1
6.451765894E1,3.639375305E1,-1.974375153E1,-2.285625076E1
6.452765894E1,4.095000076E1,-2.055000114E1,-2.754375076E1
6.453765894E1,4.556250000E1,-1.725000000E1,-3.352500153E1
6.454765894E1,3.901875305E1,-1.903125000E1,-3.185625076E1
6.455765894E1,3.416250229E1,-1.871250153E1,-2.696250153E1
6.456765894E1,3.187500191E1,-1.747500038E1,-2.281875038E1
6.457765894E1,3.639375305E1,-1.880625153E1,-2.340000153E1
6.458765894E1,4.320000076E1,-1.629375076E1,-2.731875038E1
6.459765894E1,4.558125305E1,-1.723125076E1,-3.273750305E1
6.460765894E1,4.005000305E1,-1.824375153E1,-3.459375000E1
6.461765894E1,3.534375000E1,-1.612500000E1,-2.720625114E1
6.462765894E1,3.187500191E1,-2.017500114E1,-2.321250153E1
6.463765894E1,3.675000000E1,-1.815000153E1,-2.298750114E1
6.464765894E1,4.230000305E1,-1.756875038E1,-2.578125191E1
6.465765894E1,4.511250305E1,-1.818750000E1,-3.202500153E1
6.466765894E1,4.072500229E1,-1.708125114E1,-3.391875076E1
6.467765894E1,3.624375153E1,-1.546875095E1,-2.866875076E1
6.468765894E1,3.230625153E1,-1.809375000E1,-2.323125076E1
6.469765894E1,3.510000229E1,-1.901250076E1,-2.242500114E1
6.470765894E1,4.275000000E1,-1.755000114E1,-2.580000114E1
6.471765894E1,4.560000229E1,-1.659375000E1,-3.232500076E1
6.472765894E1,4.083750153E1,-1.644375038E1,-3.382500076E1
6.473765894E1,3.586875153E1,-1.614375114E1,-2.908125114E1
6.474765894E1,3.217500305E1,-1.845000076E1,-2.430000114E1
6.475765894E1,3.660000229E1,-1.650000000E1,-2.047500038E1
6.476765894E1,4.087500000E1,-1.863750076E1,-2.692500114E1
6.477765894E1,4.278750229E1,-1.826250076E1,-2.902500153E1
6.478765894E1,3.976875305E1,-1.903125000E1,-3.375000000E1
6.479765894E1,3.457500076E1,-1.760625076E1,-2.754375076E1
6.480765894E1,3.148125076E1,-1.972500038E1,-2.325000000E1
6.481765894E1,3.446250153E1,-2.107500076E1,-2.100000000E1
6.482765894E1,4.055625153E1,-1.987500000E1,-2.510625076E1
6.483765894E1,4.186875153E1,-2.008125114E1,-3.009375191E1
6.484765894E1,4.042500305E1,-1.826250076E1,-3.022500038E1
6.485765894E1,3.487500000E1,-1.925625038E1,-2.490000153E1
6.486765894E1,3.247500229E1,-1.710000038E1,-2.176875114E1
6.487765894E1,3.571875000E1,-1.869375038E1,-1.745625114E1
6.488765894E1,4.158750153E1,-1.865625000E1,-2.302500153E1
6.489765894E1,4.518750000E1,-1.841250038E1,-2.810625076E1
6.490765894E1,4.074375153E1,-1.650000000E1,-3.022500038E1
6.491765894E1,3.697500229E1,-1.567500019E1,-2.555625153E1
6.492765894E1,3.253125000E1,-1.848750114E1,-2.040000153E1
6.493765894E1,3.609375000E1,-1.822500038E1,-1.860000038E1
6.494765894E1,4.145625305E1,-1.629375076E1,-2.321250153E1
6.495765894E1,4.355625153E1,-1.676250076E1,-2.836875153E1
6.496765894E1,4.027500153E1,-1.447500038E1,-2.992500114E1
6.497765894E1,3.631875229E1,-1.713750076E1,-2.604375076E1
6.498765894E1,3.410625076E1,-1.449375057E1,-2.216250038E1
6.499765894E1,3.564375305E1,-1.702500153E1,-1.963125038E1
6.500765894E1,4.128750229E1,-1.614375114E1,-2.338125038E1
6.501765894E1,4.378125000E1,-1.730625153E1,-3.114375114E1
6.502765894E1,4.098750305E1,-1.430625057E1,-3.120000076E1
6.503765894E1,3.600000000E1,-1.550625038E1,-2.928750038E1
6.504765894E1,3.249375153E1,-1.460625076E1,-2.276250076E1
6.505765894E1,3.560625076E1,-1.800000000E1,-2.096250153E1
6.506765894E1,4.305000305E1,-1.781250000E1,-3.076875114E1
6.507765894E1,4.305000305E1,-1.781250000E1,-3.076875114E1
6.508765894E1,4.160625076E1,-1.372500038E1,-3.483750153E1
6.509765894E1,3.495000076E1,-1.496250057E1,-3.073125076E1
6.510765894E1,3.294375229E1,-1.582500076E1,-2.250000000E1
6.511765894E1,3.451875305E1,-1.813125038E1,-2.343750000E1
6.512765894E1,4.260000229E1,-1.650000000E1,-3.448125076E1
6.513765894E1,4.005000305E1,-1.410000038E1,-3.337500000E1
6.514765894E1,3.485625076E1,-1.734375000E1,-3.084375191E1
6.515765894E1,3.324375153E1,-1.586250019E1,-2.437500191E1
6.516765894E1,3.420000076E1,-1.867500114E1,-2.557500076E1
6.517765894E1,4.008750153E1,-1.689375114E1,-2.533125114E1
6.518765894E1,4.385625076E1,-1.704375076E1,-3.350625229E1
6.519765894E1,4.136250305E1,-1.323750019E1,-3.346875000E1
6.520765894E1,3.528750229E1,-1.663125038E1,-3.496875000E1
6.521765894E1,3.328125000E1,-1.635000038E1,-2.480625153E1
6.522765894E1,3.487500000E1,-1.801875114E1,-2.625000191E1
6.523765894E1,3.907500076E1,-1.717500114E1,-2.733750153E1
6.524765894E1,4.265625000E1,-1.875000000E1,-3.553125000E1
6.525765894E1,4.173750305E1,-1.516875076E1,-3.566250229E1
6.526765894E1,3.727500153E1,-1.824375153E1,-3.440625000E1
6.527765894E1,3.583125305E1,-1.513125038E1,-2.683125114E1
6.528765894E1,3.526875305E1,-1.815000153E1,-2.578125191E1
6.529765894E1,3.969375229E1,-1.822500038E1,-2.662500191E1
6.530765894E1,4.235625076E1,-1.745625114E1,-3.406875229E1
6.531765894E1,4.218750000E1,-1.638750076E1,-3.495000076E1
6.532765894E1,3.849375153E1,-1.706250000E1,-3.405000305E1
6.533765894E1,3.412500000E1,-1.770000076E1,-2.424375153E1
6.534765894E1,3.705000305E1,-1.695000076E1,-2.670000076E1
6.535765894E1,4.021875000E1,-1.801875114E1,-2.634375191E1
6.536765894E1,4.381875229E1,-1.925625038E1,-3.363750076E1
6.537765894E1,4.305000305E1,-1.678125000E1,-3.414375305E1
6.538765894E1,3.766875076E1,-1.931250000E1,-3.354375076E1
6.539765894E1,3.513750076E1,-1.848750114E1,-2.653125191E1
6.540765894E1,3.555000305E1,-1.861875153E1,-2.621250153E1
6.541765894E1,4.050000000E1,-1.878750038E1,-2.565000153E1
6.542765894E1,4.368750000E1,-1.813125038E1,-3.264375305E1
6.543765894E1,4.226250076E1,-1.681875038E1,-3.350625229E1
6.544765894E1,3.787500000E1,-1.732500076E1,-3.073125076E1
6.545765894E1,3.363750076E1,-1.899375153E1,-2.413125038E1
6.546765894E1,3.579375076E1,-1.858125114E1,-2.512500191E1
6.547765894E1,3.871875000E1,-1.875000000E1,-2.688750076E1
6.548765894E1,4.160625076E1,-1.620000076E1,-3.260625076E1
6.549765894E1,4.318125153E1,-1.636875153E1,-3.652500153E1
6.550765894E1,3.894375229E1,-1.736250114E1,-3.450000000E1
6.551765894E1,3.600000000E1,-1.858125114E1,-2.623125076E1
6.552765894E1,3.573750305E1,-1.719375038E1,-2.681250191E1
6.553765894E1,4.014375305E1,-1.882500076E1,-2.626875114E1
6.554765894E1,4.494375229E1,-1.713750076E1,-3.367500305E1
6.555765894E1,4.215000153E1,-1.912500000E1,-3.706875229E1
6.556765894E1,4.031250000E1,-1.573125076E1,-3.575625229E1
6.557765894E1,3.573750305E1,-1.895625114E1,-2.791875076E1
6.558765894E1,3.721875000E1,-1.916250038E1,-2.713125038E1
6.559765894E1,4.031250000E1,-1.865625000E1,-2.660625076E1
6.560765894E1,4.346250153E1,-1.867500114E1,-3.446250153E1
6.561765894E1,4.215000153E1,-2.068125153E1,-3.568125153E1
6.562765894E1,4.110000229E1,-1.816875076E1,-3.384375000E1
6.563765894E1,3.860625076E1,-1.906875038E1,-2.653125191E1
6.564765894E1,3.858750153E1,-1.888125038E1,-2.484375191E1
6.565765894E1,4.132500076E1,-2.015625000E1,-2.587500191E1
6.566765894E1,4.462500000E1,-1.951875114E1,-3.300000000E1
6.567765894E1,4.423125076E1,-1.867500114E1,-3.635625076E1
6.568765894E1,4.110000229E1,-1.916250038E1,-3.000000191E1
6.569765894E1,3.691875076E1,-1.882500076E1,-2.527500153E1
6.570765894E1,3.825000000E1,-1.794375038E1,-2.506875038E1
6.571765894E1,3.986250305E1,-1.961250114E1,-2.557500076E1
6.572765894E1,4.365000153E1,-1.796250153E1,-3.202500153E1
6.573765894E1,4.376250076E1,-1.762500000E1,-3.174375153E1
6.574765894E1,4.087500000E1,-1.640625000E1,-3.273750305E1
6.575765894E1,3.721875000E1,-1.741875076E1,-2.634375191E1
6.576765894E1,3.798750305E1,-1.841250038E1,-2.377500153E1
6.577765894E1,4.003125000E1,-1.736250114E1,-2.514375114E1
6.578765894E1,4.445625305E1,-1.635000038E1,-3.294375229E1
6.579765894E1,4.365000153E1,-1.818750000E1,-3.481875229E1
6.580765894E1,4.074375153E1,-1.882500076E1,-3.440625000E1
6.581765894E1,3.907500076E1,-1.809375000E1,-2.632500076E1
6.582765894E1,3.789375305E1,-1.747500038E1,-2.400000000E1
6.583765894E1,3.999375153E1,-1.895625114E1,-2.531250191E1
6.584765894E1,4.252500153E1,-1.801875114E1,-3.121875191E1
6.585765894E1,4.441875076E1,-1.670625114E1,-3.386250305E1
6.586765894E1,4.141875076E1,-1.886250114E1,-3.112500191E1
6.587765894E1,3.720000076E1,-1.805625153E1,-2.690625191E1
6.588765894E1,3.508125305E1,-1.850625038E1,-2.105625153E1
6.589765894E1,3.783750153E1,-1.908750153E1,-2.495625114E1
6.590765894E1,4.230000305E1,-1.779375076E1,-2.810625076E1
6.591765894E1,4.342500305E1,-1.674375153E1,-3.305625153E1
6.592765894E1,4.170000076E1,-1.537500095E1,-3.142500114E1
6.593765894E1,3.720000076E1,-1.803750038E1,-2.613750076E1
6.594765894E1,3.751875305E1,-1.792500114E1,-2.208750153E1
6.595765894E1,3.693750000E1,-1.818750000E1,-2.486250114E1
6.596765894E1,4.141875076E1,-1.863750076E1,-2.850000191E1
6.597765894E1,4.306875229E1,-1.584375095E1,-3.453750229E1
6.598765894E1,4.126875305E1,-1.601250076E1,-3.043125153E1
6.599765894E1,3.901875305E1,-1.618125153E1,-2.585625076E1
6.600765894E1,3.652500153E1,-1.815000153E1,-2.298750114E1
6.601765894E1,3.765000153E1,-1.903125000E1,-2.278125000E1
6.602765894E1,4.177500153E1,-1.642500114E1,-2.962500191E1
6.603765894E1,4.323750305E1,-1.783125114E1,-3.219375229E1
6.604765894E1,4.001250076E1,-1.785000038E1,-3.166875076E1
6.605765894E1,3.744375229E1,-1.648125076E1,-2.735625076E1
6.606765894E1,3.650625229E1,-1.818750000E1,-2.407500076E1
6.607765894E1,3.498750305E1,-1.895625114E1,-2.570625114E1
6.608765894E1,3.984375000E1,-1.715625000E1,-2.859375191E1
6.609765894E1,4.203750229E1,-1.807500076E1,-3.245625305E1
6.610765894E1,4.059375000E1,-1.933125114E1,-2.904375076E1
6.611765894E1,3.727500153E1,-1.695000076E1,-2.670000076E1
6.612765894E1,3.465000153E1,-1.843125153E1,-2.278125000E1
6.613765894E1,3.665625000E1,-1.845000076E1,-2.218125153E1
6.614765894E1,4.036875153E1,-1.811250114E1,-3.009375191E1
6.615765894E1,4.276875305E1,-1.550625038E1,-3.283125305E1
6.616765894E1,4.110000229E1,-1.700625038E1,-3.174375153E1
6.617765894E1,3.988125229E1,-1.711875153E1,-2.703750038E1
6.618765894E1,3.680625153E1,-1.830000114E1,-2.313750076E1
6.619765894E1,3.828750229E1,-1.636875153E1,-2.488125038E1
6.620765894E1,4.166250229E1,-1.861875153E1,-2.803125191E1
6.621765894E1,4.327500153E1,-1.801875114E1,-3.311250305E1
6.622765894E1,4.385625076E1,-1.640625000E1,-3.371250153E1
6.623765894E1,4.085625076E1,-1.595625019E1,-2.746875191E1
6.624765894E1,3.768750000E1,-1.798125076E1,-2.505000114E1
6.625765894E1,3.928125000E1,-1.644375038E1,-2.396250153E1
6.626765894E1,4.205625153E1,-1.721250153E1,-2.956875038E1
6.627765894E1,4.421250153E1,-1.691250038E1,-3.555000305E1
6.628765894E1,4.370625305E1,-1.811250114E1,-3.153750038E1
6.629765894E1,4.042500305E1,-1.710000038E1,-2.814375114E1
6.630765894E1,3.864375305E1,-1.725000000E1,-2.341875076E1
6.631765894E1,3.930000305E1,-1.693125153E1,-2.501250076E1
6.632765894E1,4.042500305E1,-1.890000153E1,-3.001875114E1
6.633765894E1,4.432500076E1,-1.762500000E1,-3.285000229E1
6.634765894E1,4.342500305E1,-1.674375153E1,-3.305625153E1
6.635765894E1,3.866250229E1,-1.828125000E1,-2.692500114E1
6.636765894E1,3.710625076E1,-1.689375114E1,-2.403750038E1
6.637765894E1,3.472500229E1,-1.815000153E1,-2.467500114E1
6.638765894E1,3.856875229E1,-1.890000153E1,-2.593125153E1
6.639765894E1,4.155000305E1,-1.698750114E1,-3.255000305E1
6.640765894E1,4.061250305E1,-1.715625000E1,-3.031875038E1
6.641765894E1,3.830625153E1,-1.593750095E1,-2.726250076E1
6.642765894E1,3.371250153E1,-1.736250114E1,-2.206875038E1
6.643765894E1,3.573750305E1,-1.756875038E1,-2.287500000E1
6.644765894E1,3.866250229E1,-1.830000114E1,-2.722500038E1
6.645765894E1,4.068750000E1,-1.753125000E1,-3.264375305E1
6.646765894E1,4.048125076E1,-1.781250000E1,-3.120000076E1
6.647765894E1,3.862500000E1,-1.657500076E1,-2.769375038E1
6.648765894E1,3.436875153E1,-1.828125000E1,-2.295000076E1
6.649765894E1,3.436875153E1,-1.921875000E1,-2.223750114E1
6.650765894E1,3.753750229E1,-1.741875076E1,-2.713125038E1
6.651765894E1,4.033125305E1,-1.723125076E1,-3.296250153E1
6.652765894E1,3.935625076E1,-1.839375114E1,-3.255000305E1
6.653765894E1,3.765000153E1,-1.803750038E1,-2.692500114E1
6.654765894E1,3.519375229E1,-1.841250038E1,-2.388750076E1
6.655765894E1,3.481875229E1,-1.826250076E1,-2.326875114E1
6.656765894E1,3.888750076E1,-1.736250114E1,-2.825625038E1
6.657765894E1,4.170000076E1,-1.715625000E1,-3.300000000E1
6.658765894E1,4.248750305E1,-1.711875153E1,-3.378750229E1
6.659765894E1,4.059375000E1,-1.541250038E1,-3.031875038E1
6.660765894E1,3.493125153E1,-1.762500000E1,-2.347500038E1
6.661765894E1,3.586875153E1,-1.809375000E1,-2.501250076E1
6.662765894E1,3.810000229E1,-1.884375000E1,-2.904375076E1
6.663765894E1,4.293750000E1,-1.710000038E1,-3.380625153E1
6.664765894E1,4.320000076E1,-1.635000038E1,-3.573750305E1
6.665765894E1,3.991875076E1,-1.753125000E1,-3.106875038E1
6.666765894E1,3.693750000E1,-1.726875114E1,-2.619375038E1
6.667765894E1,3.483750153E1,-2.146875000E1,-2.503125191E1
6.668765894E1,3.926250076E1,-1.897500038E1,-3.046875191E1
6.669765894E1,4.320000076E1,-1.912500000E1,-3.348750305E1
6.670765894E1,4.440000153E1,-1.620000076E1,-3.311250305E1
6.671765894E1,4.087500000E1,-1.989375114E1,-2.666250038E1
6.672765894E1,3.556875229E1,-1.951875114E1,-2.458125114E1
6.673765894E1,3.631875229E1,-1.785000038E1,-2.253750038E1
6.674765894E1,3.774375153E1,-1.897500038E1,-2.670000076E1
6.675765894E1,4.261875153E1,-1.770000076E1,-3.202500153E1
6.676765894E1,4.310625076E1,-1.725000000E1,-3.363750076E1
6.677765894E1,4.098750305E1,-1.800000000E1,-2.760000038E1
6.678765894E1,3.735000229E1,-1.653750038E1,-2.345625114E1
6.679765894E1,3.517500305E1,-1.822500038E1,-2.250000000E1
6.680765894E1,3.926250076E1,-1.822500038E1,-2.615625191E1
6.681765894E1,4.305000305E1,-1.627500153E1,-3.230625153E1
6.682765894E1,4.531875229E1,-1.758750153E1,-3.395625305E1
6.683765894E1,4.288125229E1,-1.711875153E1,-2.833125114E1
6.684765894E1,3.723750305E1,-1.738125038E1,-2.493750191E1
6.685765894E1,3.624375153E1,-1.740000153E1,-2.336250114E1
6.686765894E1,3.791250229E1,-1.726875114E1,-2.855625153E1
6.687765894E1,4.340625000E1,-1.674375153E1,-3.352500153E1
6.688765894E1,4.501875305E1,-1.509375095E1,-3.431250000E1
6.689765894E1,4.164375305E1,-1.616250038E1,-3.105000114E1
6.690765894E1,3.718125153E1,-1.545000076E1,-2.400000000E1
6.691765894E1,3.493125153E1,-1.670625114E1,-2.448750114E1
6.692765894E1,3.686250305E1,-1.736250114E1,-2.962500191E1
6.693765894E1,4.239375305E1,-1.794375038E1,-3.450000000E1
6.694765894E1,4.509375000E1,-1.760625076E1,-3.395625305E1
6.695765894E1,3.553125000E1,-1.811250114E1,-2.469375038E1
6.696765894E1,3.553125000E1,-1.811250114E1,-2.469375038E1
6.697765894E1,3.326250076E1,-1.914375114E1,-2.317500114E1
6.698765894E1,3.483750153E1,-1.807500076E1,-2.812500191E1
6.699765894E1,4.083750153E1,-1.798125076E1,-3.260625076E1
6.700765894E1,4.335000229E1,-1.721250153E1,-3.316875076E1
6.701765894E1,4.108125305E1,-1.741875076E1,-2.968125153E1
6.702765894E1,3.285000229E1,-1.965000153E1,-2.326875114E1
6.703765894E1,3.669375229E1,-1.668750000E1,-2.795625114E1
6.704765894E1,4.181250000E1,-1.530000019E1,-3.502500153E1
6.705765894E1,4.261875153E1,-1.680000114E1,-3.350625229E1
6.706765894E1,4.051875305E1,-1.798125076E1,-3.181875038E1
6.707765894E1,3.601875305E1,-1.764375114E1,-2.662500191E1
6.708765894E1,3.279375076E1,-1.732500076E1,-2.518125153E1
6.709765894E1,3.504375076E1,-1.753125000E1,-2.630625153E1
6.710765894E1,4.145625305E1,-1.687500000E1,-3.380625153E1
6.711765894E1,4.305000305E1,-1.648125076E1,-3.480000305E1
6.712765894E1,4.200000000E1,-1.488750076E1,-3.178125191E1
6.713765894E1,3.611250305E1,-1.558125019E1,-2.617500114E1
6.714765894E1,3.352500153E1,-1.661250114E1,-2.323125076E1
6.715765894E1,3.560625076E1,-1.659375000E1,-2.778750038E1
6.716765894E1,4.063125229E1,-1.642500114E1,-3.273750305E1
6.717765894E1,4.470000076E1,-1.500000095E1,-3.603750229E1
6.718765894E1,4.222500229E1,-1.486875057E1,-3.133125114E1
6.719765894E1,3.656250000E1,-1.618125153E1,-2.596875191E1
6.720765894E1,3.378750229E1,-1.678125000E1,-2.446875191E1
6.721765894E1,3.457500076E1,-1.636875153E1,-2.857500076E1
6.722765894E1,4.078125000E1,-1.876875114E1,-3.206250000E1
6.723765894E1,4.393125153E1,-1.717500114E1,-3.286875153E1
6.724765894E1,4.278750229E1,-1.608750153E1,-3.106875038E1
6.725765894E1,3.598125076E1,-1.747500038E1,-2.568750191E1
6.726765894E1,3.328125000E1,-1.758750153E1,-2.377500153E1
6.727765894E1,3.478125000E1,-1.738125038E1,-2.536875153E1
6.728765894E1,4.125000000E1,-1.749375153E1,-3.296250153E1
6.729765894E1,4.543125153E1,-1.498125076E1,-3.105000114E1
6.730765894E1,4.275000000E1,-1.685625076E1,-2.960625076E1
6.731765894E1,3.748125076E1,-1.548750019E1,-2.587500191E1
6.732765894E1,3.300000000E1,-1.680000114E1,-2.383125114E1
6.733765894E1,3.350625229E1,-1.841250038E1,-2.557500076E1
6.734765894E1,4.119375229E1,-1.711875153E1,-3.033750153E1
6.735765894E1,4.385625076E1,-1.526250076E1,-3.225000000E1
6.736765894E1,4.145625305E1,-1.550625038E1,-2.985000038E1
6.737765894E1,3.631875229E1,-1.535625076E1,-2.446875191E1
6.738765894E1,3.168750191E1,-1.713750076E1,-2.128125000E1
6.739765894E1,3.271875000E1,-1.635000038E1,-2.401875114E1
6.740765894E1,3.961875153E1,-1.524375057E1,-3.375000000E1
6.741765894E1,4.335000229E1,-1.597500038E1,-3.390000153E1
6.742765894E1,4.252500153E1,-1.584375095E1,-3.296250153E1
6.743765894E1,3.521250153E1,-1.621875000E1,-2.484375191E1
6.744765894E1,3.234375000E1,-1.743750000E1,-2.235000038E1
6.745765894E1,3.225000000E1,-1.880625153E1,-2.615625191E1
6.746765894E1,3.849375153E1,-1.828125000E1,-3.270000076E1
6.747765894E1,4.306875229E1,-1.582500076E1,-3.375000000E1
6.748765894E1,4.194375229E1,-1.711875153E1,-3.191250038E1
6.749765894E1,3.609375000E1,-1.809375000E1,-2.533125114E1
6.750765894E1,3.196875191E1,-1.719375038E1,-2.394375038E1
6.751765894E1,3.333750153E1,-2.004375076E1,-2.731875038E1
6.752765894E1,4.010625076E1,-1.995000076E1,-3.320625305E1
6.753765894E1,4.389375305E1,-1.721250153E1,-3.397500229E1
6.754765894E1,4.383750153E1,-1.530000019E1,-3.333750153E1
6.755765894E1,3.553125000E1,-1.955625153E1,-2.566875076E1
6.756765894E1,3.399375153E1,-1.833750153E1,-2.403750038E1
6.757765894E1,3.442500305E1,-2.041875076E1,-2.636250114E1
6.758765894E1,4.016250229E1,-1.886250114E1,-3.438750076E1
6.759765894E1,4.295625305E1,-1.794375038E1,-3.560625076E1
6.760765894E1,4.258125305E1,-1.599375057E1,-3.279375076E1
6.761765894E1,3.673125076E1,-1.816875076E1,-2.377500153E1
6.762765894E1,3.127500153E1,-2.025000000E1,-2.445000076E1
6.763765894E1,3.238125229E1,-2.092500114E1,-2.253750038E1
6.764765894E1,3.943125153E1,-1.852500153E1,-3.191250038E1
6.765765894E1,4.323750305E1,-1.629375076E1,-3.388125229E1
6.766765894E1,4.200000000E1,-1.550625038E1,-3.095625114E1
6.767765894E1,3.491250229E1,-1.920000076E1,-2.272500038E1
6.768765894E1,3.448125076E1,-1.858125114E1,-2.244375038E1
6.769765894E1,3.577500153E1,-2.191875076E1,-2.625000191E1
6.770765894E1,4.089375305E1,-1.815000153E1,-3.305625153E1
6.771765894E1,4.505625153E1,-1.680000114E1,-3.324375153E1
6.772765894E1,4.325625229E1,-1.687500000E1,-3.210000229E1
6.773765894E1,3.579375076E1,-1.856250000E1,-2.482500076E1
6.774765894E1,3.431250000E1,-2.051250076E1,-2.353125000E1
6.775765894E1,3.513750076E1,-2.004375076E1,-2.516250038E1
6.776765894E1,4.372500229E1,-1.683750153E1,-3.180000114E1
6.777765894E1,4.477500153E1,-1.760625076E1,-3.285000229E1
6.778765894E1,4.243125153E1,-1.612500000E1,-3.183750153E1
6.779765894E1,3.723750305E1,-1.621875000E1,-2.315625000E1
6.780765894E1,3.444375229E1,-1.715625000E1,-2.257500076E1
6.781765894E1,3.553125000E1,-1.985625076E1,-2.548125076E1
6.782765894E1,4.389375305E1,-1.815000153E1,-3.405000305E1
6.783765894E1,4.573125076E1,-1.616250038E1,-3.470625305E1
6.784765894E1,4.524375153E1,-1.631250000E1,-3.328125000E1
6.785765894E1,3.705000305E1,-1.786875153E1,-2.521875191E1
6.786765894E1,3.583125305E1,-1.728750038E1,-2.430000114E1
6.787765894E1,3.740625000E1,-1.751250076E1,-2.476875114E1
6.788765894E1,4.393125153E1,-1.717500114E1,-3.256875229E1
6.789765894E1,4.762500000E1,-1.526250076E1,-3.481875229E1
6.790765894E1,4.569375229E1,-1.381875038E1,-3.536250305E1
6.791765894E1,3.721875000E1,-1.801875114E1,-2.535000038E1
6.792765894E1,3.511875153E1,-1.745625114E1,-2.334375000E1
6.793765894E1,3.616875076E1,-1.820625114E1,-2.407500076E1
6.794765894E1,4.338750076E1,-1.593750095E1,-3.281250000E1
6.795765894E1,4.485000229E1,-1.826250076E1,-3.390000153E1
6.796765894E1,4.593750000E1,-1.470000076E1,-3.373125076E1
6.797765894E1,3.796875000E1,-1.605000114E1,-2.443125153E1
6.798765894E1,3.307500076E1,-1.633125114E1,-2.401875114E1
6.799765894E1,3.558750153E1,-1.888125038E1,-2.416875076E1
6.800765894E1,4.261875153E1,-1.591875076E1,-3.045000076E1
6.801765894E1,4.558125305E1,-1.505625057E1,-3.433125305E1
6.802765894E1,4.380000305E1,-1.451250076E1,-3.341250229E1
6.803765894E1,3.596250153E1,-1.571250057E1,-2.490000153E1
6.804765894E1,3.358125305E1,-1.531875038E1,-2.240625000E1
6.805765894E1,3.391875076E1,-1.644375038E1,-2.418750191E1
6.806765894E1,4.173750305E1,-1.586250019E1,-3.217500305E1
6.807765894E1,4.533750153E1,-1.687500000E1,-3.699375153E1
6.808765894E1,4.456875229E1,-1.387500095E1,-3.504375076E1
6.809765894E1,3.660000229E1,-1.728750038E1,-2.619375038E1
6.810765894E1,3.395625305E1,-1.815000153E1,-2.310000038E1
6.811765894E1,3.408750153E1,-1.929375076E1,-2.488125038E1
6.812765894E1,4.213125229E1,-1.839375114E1,-3.305625153E1
6.813765894E1,4.548750305E1,-1.890000153E1,-3.588750076E1
6.814765894E1,4.449375153E1,-1.590000057E1,-3.361875153E1
6.815765894E1,3.763125229E1,-1.783125114E1,-2.521875191E1
6.816765894E1,3.172500038E1,-2.030625153E1,-2.163750076E1
6.817765894E1,3.318750000E1,-1.965000153E1,-2.375625038E1
6.818765894E1,4.196250153E1,-1.833750153E1,-3.056250191E1
6.819765894E1,4.466250229E1,-1.876875114E1,-3.495000076E1
6.820765894E1,4.505625153E1,-1.588125038E1,-3.425625229E1
6.821765894E1,3.650625229E1,-1.996875000E1,-2.565000153E1
6.822765894E1,3.200625229E1,-1.775625038E1,-2.169375038E1
6.823765894E1,3.399375153E1,-1.935000038E1,-2.066250038E1
6.824765894E1,4.083750153E1,-1.839375114E1,-2.975625038E1
6.825765894E1,4.290000153E1,-1.869375038E1,-3.397500229E1
6.826765894E1,4.393125153E1,-1.695000076E1,-3.007500076E1
6.827765894E1,3.573750305E1,-1.843125153E1,-2.576250076E1
6.828765894E1,3.195000076E1,-1.614375114E1,-2.011875153E1
6.829765894E1,3.247500229E1,-1.854375076E1,-2.274375153E1
6.830765894E1,3.871875000E1,-1.899375153E1,-2.998125076E1
6.831765894E1,4.430625153E1,-1.702500153E1,-3.414375305E1
6.832765894E1,4.500000000E1,-1.666875076E1,-3.388125229E1
6.833765894E1,3.568125153E1,-1.672500038E1,-2.685000038E1
6.834765894E1,3.253125000E1,-1.809375000E1,-2.325000000E1
6.835765894E1,3.166875076E1,-1.861875153E1,-2.334375000E1
6.836765894E1,4.301250076E1,-1.762500000E1,-2.955000114E1
6.837765894E1,4.466250229E1,-2.053125000E1,-3.573750305E1
6.838765894E1,4.398750305E1,-1.764375114E1,-3.253125000E1
6.839765894E1,3.796875000E1,-1.803750038E1,-2.803125191E1
6.840765894E1,3.285000229E1,-1.725000000E1,-2.221875000E1
6.841765894E1,3.457500076E1,-1.953750038E1,-2.268750000E1
6.842765894E1,4.134375000E1,-1.820625114E1,-2.994375038E1
6.843765894E1,4.633125305E1,-1.878750038E1,-3.371250153E1
6.844765894E1,4.668750000E1,-1.721250153E1,-3.463125229E1
6.845765894E1,3.751875305E1,-1.659375000E1,-2.610000038E1
6.846765894E1,3.288750076E1,-1.959375000E1,-2.109375000E1
6.847765894E1,3.285000229E1,-1.965000153E1,-2.296875000E1
6.848765894E1,4.173750305E1,-1.801875114E1,-3.011250114E1
6.849765894E1,4.680000305E1,-1.781250000E1,-3.365625000E1
6.850765894E1,4.520625305E1,-1.790625000E1,-3.361875153E1
6.851765894E1,3.639375305E1,-1.882500076E1,-2.386875153E1
6.852765894E1,3.185625076E1,-1.728750038E1,-2.143125153E1
6.853765894E1,3.296250153E1,-1.910625076E1,-2.066250038E1
6.854765894E1,4.010625076E1,-1.618125153E1,-2.836875153E1
6.855765894E1,4.500000000E1,-1.665000153E1,-3.356250000E1
6.856765894E1,4.271250153E1,-1.711875153E1,-3.410625076E1
6.857765894E1,3.648750305E1,-1.605000114E1,-2.722500038E1
6.858765894E1,3.048750114E1,-1.758750153E1,-2.341875076E1
6.859765894E1,3.195000076E1,-1.938750076E1,-2.296875000E1
6.860765894E1,3.988125229E1,-1.890000153E1,-2.891250038E1
6.861765894E1,4.486875153E1,-1.824375153E1,-3.358125305E1
6.862765894E1,4.550625229E1,-1.762500000E1,-3.583125305E1
6.863765894E1,3.828750229E1,-1.899375153E1,-2.857500076E1
6.864765894E1,3.378750229E1,-1.676250076E1,-2.415000153E1
6.865765894E1,3.114375114E1,-2.038125038E1,-2.302500153E1
6.866765894E1,4.134375000E1,-1.820625114E1,-2.994375038E1
6.867765894E1,4.485000229E1,-2.002500153E1,-3.545625305E1
6.868765894E1,4.702500153E1,-1.689375114E1,-3.498750305E1
6.869765894E1,3.847500229E1,-1.702500153E1,-2.640000153E1
6.870765894E1,3.118125153E1,-1.783125114E1,-2.278125000E1
6.871765894E1,3.223125076E1,-1.931250000E1,-2.079375076E1
6.872765894E1,4.006875229E1,-1.869375038E1,-2.769375038E1
6.873765894E1,4.456875229E1,-1.996875000E1,-3.249375153E1
6.874765894E1,4.666875076E1,-1.723125076E1,-3.541875076E1
6.875765894E1,3.791250229E1,-1.850625038E1,-2.750625038E1
6.876765894E1,3.240000153E1,-1.800000000E1,-1.918125153E1
6.877765894E1,3.142500114E1,-1.914375114E1,-1.830000114E1
6.878765894E1,3.946875000E1,-1.646250153E1,-2.536875153E1
6.879765894E1,4.511250305E1,-1.758750153E1,-3.316875076E1
6.880765894E1,4.492500305E1,-1.539375019E1,-3.318750000E1
6.881765894E1,3.673125076E1,-1.839375114E1,-2.656875038E1
6.882765894E1,3.281250000E1,-1.770000076E1,-2.124375153E1
6.883765894E1,3.309375000E1,-1.698750114E1,-1.865625000E1
6.884765894E1,4.196250153E1,-1.732500076E1,-3.391875076E1
6.885765894E1,4.196250153E1,-1.732500076E1,-3.391875076E1
6.886765894E1,4.166250229E1,-2.030625153E1,-3.258750153E1
6.887765894E1,3.871875000E1,-1.305000019E1,-2.656875038E1
6.888765894E1,3.871875000E1,-1.305000019E1,-2.656875038E1
6.889765894E1,4.194375229E1,-8.231250763E0,-3.718125153E1
6.890765894E1,3.556875229E1,-1.385625076E1,-3.193125153E1
6.891765894E1,3.103125191E1,-1.404375076E1,-2.261250114E1
6.892765894E1,3.228750229E1,-1.944375038E1,-2.015625000E1
6.893765894E1,4.200000000E1,-1.860000038E1,-2.803125191E1
6.894765894E1,4.591875076E1,-1.775625038E1,-3.536250305E1
6.895765894E1,4.678125000E1,-1.475625038E1,-3.750000000E1
6.896765894E1,3.526875305E1,-1.591875076E1,-3.112500191E1
6.897765894E1,3.000000191E1,-1.483125019E1,-1.957500076E1
6.898765894E1,3.020625114E1,-1.730625153E1,-1.811250114E1
6.899765894E1,3.780000305E1,-1.981875038E1,-2.302500153E1
6.900765894E1,4.807500076E1,-1.740000153E1,-3.292500305E1
6.901765894E1,4.685625076E1,-1.488750076E1,-3.686250305E1
6.902765894E1,3.783750153E1,-1.558125019E1,-3.073125076E1
6.903765894E1,3.061875153E1,-1.370625019E1,-2.077500153E1
6.904765894E1,2.953125191E1,-1.695000076E1,-2.111250114E1
6.905765894E1,3.789375305E1,-1.747500038E1,-2.400000000E1
6.906765894E1,4.642500305E1,-1.796250153E1,-3.223125076E1
6.907765894E1,4.546875000E1,-1.591875076E1,-3.691875076E1
6.908765894E1,4.023750305E1,-1.381875038E1,-3.513750076E1
6.909765894E1,3.080625153E1,-1.676250076E1,-2.317500114E1
6.910765894E1,3.046875191E1,-1.653750038E1,-1.959375000E1
6.911765894E1,3.731250000E1,-1.991250038E1,-2.520000076E1
6.912765894E1,4.670625305E1,-1.841250038E1,-3.187500191E1
6.913765894E1,4.691250229E1,-1.625625038E1,-3.487500000E1
6.914765894E1,3.969375229E1,-1.629375076E1,-3.178125191E1
6.915765894E1,3.118125153E1,-1.569375038E1,-2.514375114E1
6.916765894E1,3.060000038E1,-1.768125153E1,-2.105625153E1
6.917765894E1,3.819375229E1,-1.726875114E1,-2.308125114E1
6.918765894E1,4.771875000E1,-1.567500019E1,-3.243750000E1
6.919765894E1,4.704375076E1,-1.708125114E1,-3.637500000E1
6.920765894E1,4.070625305E1,-1.531875038E1,-3.283125305E1
6.921765894E1,2.985000038E1,-1.747500038E1,-2.403750038E1
6.922765894E1,2.996250153E1,-1.756875038E1,-2.169375038E1
6.923765894E1,3.761250305E1,-1.908750153E1,-2.465625191E1
6.924765894E1,4.738125229E1,-1.775625038E1,-3.288750076E1
6.925765894E1,4.762500000E1,-1.704375076E1,-3.637500000E1
6.926765894E1,4.104375076E1,-1.408125019E1,-3.465000153E1
6.927765894E1,3.238125229E1,-1.670625114E1,-2.430000114E1
6.928765894E1,3.238125229E1,-1.522500038E1,-2.223750114E1
6.929765894E1,3.901875305E1,-1.741875076E1,-2.433750153E1
6.930765894E1,4.741875076E1,-1.618125153E1,-3.270000076E1
6.931765894E1,4.743750000E1,-1.505625057E1,-3.873750305E1
6.932765894E1,4.265625000E1,-1.323750019E1,-3.693750000E1
6.933765894E1,3.198750114E1,-1.606875038E1,-2.996250153E1
6.934765894E1,3.286875153E1,-1.569375038E1,-2.345625114E1
6.935765894E1,3.937500000E1,-1.790625000E1,-2.617500114E1
6.936765894E1,4.946250153E1,-1.576875019E1,-3.386250305E1
6.937765894E1,4.867500305E1,-1.655625153E1,-3.830625153E1
6.938765894E1,4.370625305E1,-1.400625038E1,-3.828750229E1
6.939765894E1,3.433125305E1,-1.640625000E1,-2.966250038E1
6.940765894E1,3.450000000E1,-1.515000057E1,-2.445000076E1
6.941765894E1,3.881250000E1,-2.064375114E1,-2.641875076E1
6.942765894E1,5.015625381E1,-1.601250076E1,-3.307500076E1
6.943765894E1,4.935000229E1,-1.745625114E1,-3.810000229E1
6.944765894E1,4.357500076E1,-1.528125095E1,-3.834375000E1
6.945765894E1,3.360000229E1,-1.681875038E1,-3.150000191E1
6.946765894E1,3.249375153E1,-1.636875153E1,-2.401875114E1
6.947765894E1,3.751875305E1,-1.991250038E1,-2.566875076E1
6.948765894E1,4.661250305E1,-1.621875000E1,-3.268125153E1
6.949765894E1,4.751250076E1,-1.788750076E1,-3.834375000E1
6.950765894E1,4.065000153E1,-1.663125038E1,-3.474375153E1
6.951765894E1,3.045000076E1,-1.786875153E1,-2.806875038E1
6.952765894E1,3.050625038E1,-1.756875038E1,-2.278125000E1
6.953765894E1,3.510000229E1,-1.987500000E1,-2.469375038E1
6.954765894E1,4.541250229E1,-1.717500114E1,-2.977500153E1
6.955765894E1,4.721250153E1,-1.815000153E1,-3.549375153E1
6.956765894E1,3.945000076E1,-1.479375076E1,-3.410625076E1
6.957765894E1,3.018750191E1,-1.738125038E1,-2.763750076E1
6.958765894E1,2.923125076E1,-1.773750114E1,-2.071875000E1
6.959765894E1,3.534375000E1,-1.931250000E1,-2.178750038E1
6.960765894E1,4.381875229E1,-1.726875114E1,-2.973750114E1
6.961765894E1,4.453125000E1,-1.908750153E1,-3.491250229E1
6.962765894E1,3.991875076E1,-1.535625076E1,-3.281250000E1
6.963765894E1,2.906250191E1,-1.951875114E1,-2.760000038E1
6.964765894E1,3.035625076E1,-1.646250153E1,-2.287500000E1
6.965765894E1,3.633750153E1,-1.803750038E1,-2.392500114E1
6.966765894E1,4.552500153E1,-1.663125038E1,-2.731875038E1
6.967765894E1,4.756875229E1,-1.666875076E1,-3.375000000E1
6.968765894E1,4.072500229E1,-1.614375114E1,-3.416250229E1
6.969765894E1,3.142500114E1,-1.918125153E1,-2.641875076E1
6.970765894E1,3.163125038E1,-1.543125057E1,-2.266875076E1
6.971765894E1,3.680625153E1,-1.830000114E1,-2.281875038E1
6.972765894E1,4.554375076E1,-1.837500000E1,-2.780625153E1
6.973765894E1,4.661250305E1,-1.801875114E1,-3.487500000E1
6.974765894E1,4.175625229E1,-1.586250019E1,-3.185625076E1
6.975765894E1,3.236250305E1,-1.725000000E1,-2.722500038E1
6.976765894E1,2.923125076E1,-1.931250000E1,-1.981875038E1
6.977765894E1,3.558750153E1,-1.948125076E1,-2.302500153E1
6.978765894E1,4.524375153E1,-1.586250019E1,-2.784375191E1
6.979765894E1,4.561875153E1,-1.856250000E1,-3.528750229E1
6.980765894E1,4.080000305E1,-1.627500153E1,-3.367500305E1
6.981765894E1,3.148125076E1,-1.687500000E1,-2.880000114E1
6.982765894E1,3.045000076E1,-1.657500076E1,-2.083125114E1
6.983765894E1,3.472500229E1,-1.940625000E1,-2.394375038E1
6.984765894E1,4.436250305E1,-1.910625076E1,-2.911875153E1
6.985765894E1,4.680000305E1,-1.865625000E1,-3.545625305E1
6.986765894E1,4.115625000E1,-1.522500038E1,-3.675000000E1
6.987765894E1,3.138750076E1,-1.831875038E1,-2.930625153E1
6.988765894E1,2.887500191E1,-1.685625076E1,-2.235000038E1
6.989765894E1,3.526875305E1,-1.886250114E1,-2.276250076E1
6.990765894E1,4.410000229E1,-1.856250000E1,-3.151875114E1
6.991765894E1,4.635000229E1,-1.785000038E1,-3.363750076E1
6.992765894E1,4.123125076E1,-1.689375114E1,-3.410625076E1
6.993765894E1,3.018750191E1,-2.040000153E1,-2.771250153E1
6.994765894E1,3.011250114E1,-1.920000076E1,-2.405625153E1
6.995765894E1,3.558750153E1,-1.980000114E1,-2.283750153E1
6.996765894E1,4.464375305E1,-1.841250038E1,-2.731875038E1
6.997765894E1,4.565625000E1,-1.976250076E1,-3.268125153E1
6.998765894E1,4.021875000E1,-1.880625153E1,-3.206250000E1
6.999765894E1,3.110625076E1,-1.826250076E1,-2.664375114E1
7.000765894E1,2.975625038E1,-1.777500153E1,-2.291250038E1
7.001765894E1,3.504375076E1,-2.010000038E1,-2.124375153E1
7.002765894E1,4.513125229E1,-1.771875000E1,-2.581875038E1
7.003765894E1,4.719375229E1,-1.710000038E1,-3.168750191E1
7.004765894E1,4.218750000E1,-1.492500019E1,-3.365625000E1
7.005765894E1,3.380625153E1,-1.481250095E1,-2.791875076E1
7.006765894E1,3.138750076E1,-1.524375057E1,-2.064375114E1
7.007765894E1,3.481875229E1,-1.981875038E1,-2.173125076E1
7.008765894E1,4.578750229E1,-1.408125019E1,-2.769375038E1
7.009765894E1,4.768125153E1,-1.695000076E1,-3.294375229E1
7.010765894E1,4.228125000E1,-1.588125038E1,-3.373125076E1
7.011765894E1,3.341250229E1,-1.530000019E1,-2.786250114E1
7.012765894E1,3.136875153E1,-1.674375153E1,-2.349375153E1
7.013765894E1,3.508125305E1,-1.811250114E1,-2.422500038E1
7.014765894E1,4.509375000E1,-1.621875000E1,-2.891250038E1
7.015765894E1,4.689375305E1,-1.721250153E1,-3.495000076E1
7.016765894E1,4.110000229E1,-1.546875095E1,-3.375000000E1
7.017765894E1,3.337500000E1,-1.503750038E1,-2.960625076E1
7.018765894E1,3.078750038E1,-1.554375076E1,-2.499375153E1
7.019765894E1,3.710625076E1,-1.751250076E1,-2.351250076E1
7.020765894E1,4.530000305E1,-1.509375095E1,-2.853750038E1
7.021765894E1,4.556250000E1,-1.685625076E1,-3.637500000E1
7.022765894E1,4.113750076E1,-1.593750095E1,-3.371250153E1
7.023765894E1,3.223125076E1,-1.666875076E1,-2.866875076E1
7.024765894E1,3.161250114E1,-1.668750000E1,-2.210625076E1
7.025765894E1,3.491250229E1,-1.920000076E1,-2.272500038E1
7.026765894E1,4.456875229E1,-1.526250076E1,-2.758125114E1
7.027765894E1,4.640625000E1,-1.498125076E1,-3.324375153E1
7.028765894E1,4.209375000E1,-1.428750038E1,-3.309375000E1
7.029765894E1,3.264375305E1,-1.700625038E1,-3.084375191E1
7.030765894E1,3.050625038E1,-1.455000019E1,-2.225625038E1
7.031765894E1,3.376875305E1,-2.051250076E1,-2.227500153E1
7.032765894E1,4.342500305E1,-1.565625095E1,-2.784375191E1
7.033765894E1,4.524375153E1,-1.717500114E1,-3.555000305E1
7.034765894E1,4.126875305E1,-1.314375019E1,-3.598125076E1
7.035765894E1,3.346875000E1,-1.475625038E1,-3.135000038E1
7.036765894E1,2.885625076E1,-1.494375038E1,-2.767500114E1
7.037765894E1,3.453750229E1,-1.616250038E1,-2.718750191E1
7.038765894E1,4.280625153E1,-1.451250076E1,-3.120000076E1
7.039765894E1,4.447500229E1,-1.616250038E1,-3.781875229E1
7.040765894E1,4.111875153E1,-1.471875095E1,-3.570000076E1
7.041765894E1,3.406875229E1,-1.582500076E1,-3.127500153E1
7.042765894E1,3.026250076E1,-1.698750114E1,-2.439375114E1
7.043765894E1,3.506250000E1,-1.813125038E1,-2.499375153E1
7.044765894E1,4.276875305E1,-1.920000076E1,-2.878125191E1
7.045765894E1,4.458750153E1,-1.955625153E1,-3.487500000E1
7.046765894E1,4.235625076E1,-1.623750114E1,-3.558750153E1
7.047765894E1,3.395625305E1,-1.644375038E1,-3.075000191E1
7.048765894E1,3.105000114E1,-1.848750114E1,-2.319375038E1
7.049765894E1,3.481875229E1,-1.908750153E1,-2.476875114E1
7.050765894E1,4.226250076E1,-1.822500038E1,-2.683125114E1
7.051765894E1,4.530000305E1,-1.824375153E1,-3.468750000E1
7.052765894E1,4.186875153E1,-1.698750114E1,-3.316875076E1
7.053765894E1,3.401250076E1,-1.691250038E1,-3.009375191E1
7.054765894E1,3.091875076E1,-1.738125038E1,-2.250000000E1
7.055765894E1,3.373125076E1,-1.910625076E1,-2.240625000E1
7.056765894E1,4.155000305E1,-1.891875076E1,-2.722500038E1
7.057765894E1,4.507500076E1,-1.826250076E1,-3.466875076E1
7.058765894E1,4.065000153E1,-1.695000076E1,-3.487500000E1
7.059765894E1,3.480000305E1,-1.865625000E1,-3.198750114E1
7.060765894E1,3.003750038E1,-1.698750114E1,-2.377500153E1
7.061765894E1,3.583125305E1,-1.882500076E1,-2.276250076E1
7.062765894E1,4.297500229E1,-1.805625153E1,-2.810625076E1
7.063765894E1,4.687500000E1,-1.856250000E1,-3.202500153E1
7.064765894E1,4.475625229E1,-1.730625153E1,-3.380625153E1
7.065765894E1,3.573750305E1,-1.741875076E1,-2.960625076E1
7.066765894E1,3.641250229E1,-1.878750038E1,-2.231250000E1
7.067765894E1,3.641250229E1,-1.878750038E1,-2.231250000E1
7.068765894E1,4.290000153E1,-1.861875153E1,-2.523750114E1
7.069765894E1,4.681875229E1,-1.903125000E1,-3.181875038E1
7.070765894E1,4.166250229E1,-1.792500114E1,-3.183750153E1
7.071765894E1,3.510000229E1,-1.854375076E1,-2.840625191E1
7.072765894E1,3.191250038E1,-1.743750000E1,-2.094375038E1
7.073765894E1,4.408125305E1,-1.696875000E1,-2.538750076E1
7.074765894E1,4.408125305E1,-1.696875000E1,-2.538750076E1
7.075765894E1,4.728750229E1,-1.743750000E1,-3.258750153E1
7.076765894E1,3.523125076E1,-1.666875076E1,-2.996250153E1
7.077765894E1,3.466875076E1,-1.601250076E1,-2.094375038E1
7.078765894E1,3.691875076E1,-1.777500153E1,-2.115000153E1
7.079765894E1,4.321875000E1,-1.903125000E1,-2.349375153E1
7.080765894E1,4.764375305E1,-1.770000076E1,-3.101250076E1
7.081765894E1,4.432500076E1,-1.520625019E1,-3.116250038E1
7.082765894E1,3.648750305E1,-1.605000114E1,-2.722500038E1
7.083765894E1,3.288750076E1,-1.723125076E1,-2.113125038E1
7.084765894E1,3.658125305E1,-1.831875038E1,-2.313750076E1
7.085765894E1,4.338750076E1,-1.888125038E1,-2.413125038E1
7.086765894E1,4.732500076E1,-1.760625076E1,-3.305625153E1
7.087765894E1,4.535625076E1,-1.725000000E1,-3.273750305E1
7.088765894E1,3.823125076E1,-1.575000095E1,-3.165000153E1
7.089765894E1,3.495000076E1,-1.545000076E1,-2.490000153E1
7.090765894E1,3.808125305E1,-1.788750076E1,-2.210625076E1
7.091765894E1,4.539375305E1,-1.942500114E1,-2.536875153E1
7.092765894E1,4.807500076E1,-1.803750038E1,-3.286875153E1
7.093765894E1,4.719375229E1,-1.492500019E1,-3.326250076E1
7.094765894E1,3.896250153E1,-1.646250153E1,-3.082500076E1
7.095765894E1,3.558750153E1,-1.753125000E1,-2.756250191E1
7.096765894E1,3.916875076E1,-1.704375076E1,-2.296875000E1
7.097765894E1,4.453125000E1,-1.871250153E1,-2.619375038E1
7.098765894E1,4.942500305E1,-1.828125000E1,-3.301875305E1
7.099765894E1,4.563750076E1,-1.674375153E1,-3.262500000E1
7.100765894E1,3.841875076E1,-1.710000038E1,-2.951250076E1
7.101765894E1,3.343125153E1,-1.588125038E1,-2.595000076E1
7.102765894E1,3.603750229E1,-1.830000114E1,-2.124375153E1
7.103765894E1,4.299375153E1,-1.659375000E1,-2.602500153E1
7.104765894E1,4.715625000E1,-1.601250076E1,-3.208125305E1
7.105765894E1,4.567500305E1,-1.299375057E1,-3.403125000E1
7.106765894E1,3.710625076E1,-1.578750038E1,-3.084375191E1
7.107765894E1,3.331875229E1,-1.713750076E1,-2.505000114E1
7.108765894E1,3.661875153E1,-1.704375076E1,-2.261250114E1
7.109765894E1,4.271250153E1,-1.706250000E1,-2.536875153E1
7.110765894E1,4.721250153E1,-1.614375114E1,-3.144375038E1
7.111765894E1,4.406250000E1,-1.580625057E1,-3.564375305E1
7.112765894E1,3.845625305E1,-1.479375076E1,-3.189375114E1
7.113765894E1,3.363750076E1,-1.653750038E1,-2.715000153E1
7.114765894E1,3.532500076E1,-1.807500076E1,-2.343750000E1
7.115765894E1,4.231875229E1,-1.691250038E1,-2.521875191E1
7.116765894E1,4.674375153E1,-1.498125076E1,-3.373125076E1
7.117765894E1,4.490625000E1,-1.479375076E1,-3.480000305E1
7.118765894E1,3.836250305E1,-1.417500019E1,-3.225000000E1
7.119765894E1,3.408750153E1,-1.711875153E1,-2.615625191E1
7.120765894E1,3.607500076E1,-1.786875153E1,-2.300625038E1
7.121765894E1,4.113750076E1,-1.734375000E1,-2.671875191E1
7.122765894E1,4.631250000E1,-1.860000038E1,-3.200625229E1
7.123765894E1,4.449375153E1,-1.828125000E1,-3.435000229E1
7.124765894E1,3.710625076E1,-1.755000114E1,-3.165000153E1
7.125765894E1,3.487500000E1,-1.801875114E1,-2.595000076E1
7.126765894E1,3.586875153E1,-1.901250076E1,-2.368125153E1
7.127765894E1,4.282500076E1,-1.944375038E1,-2.595000076E1
7.128765894E1,4.651875305E1,-1.805625153E1,-3.018750191E1
7.129765894E1,4.428750229E1,-1.828125000E1,-3.356250000E1
7.130765894E1,3.930000305E1,-1.800000000E1,-2.960625076E1
7.131765894E1,3.301875305E1,-1.858125114E1,-2.493750191E1
7.132765894E1,3.571875000E1,-1.914375114E1,-2.227500153E1
7.133765894E1,4.374375153E1,-1.783125114E1,-2.718750191E1
7.134765894E1,4.614375305E1,-1.790625000E1,-2.971875191E1
7.135765894E1,4.576875305E1,-1.788750076E1,-3.440625000E1
7.136765894E1,3.928125000E1,-1.803750038E1,-3.101250076E1
7.137765894E1,3.491250229E1,-1.944375038E1,-2.613750076E1
7.138765894E1,3.721875000E1,-2.017500114E1,-2.330625153E1
7.139765894E1,4.293750000E1,-1.882500076E1,-2.694375038E1
7.140765894E1,4.730625153E1,-1.835625076E1,-3.110625076E1
7.141765894E1,4.567500305E1,-1.516875076E1,-3.275625229E1
7.142765894E1,3.860625076E1,-1.661250114E1,-2.908125114E1
7.143765894E1,3.549375153E1,-1.636875153E1,-2.499375153E1
7.144765894E1,3.553125000E1,-1.786875153E1,-2.143125153E1
7.145765894E1,4.280625153E1,-1.715625000E1,-2.332500076E1
7.146765894E1,4.571250153E1,-1.813125038E1,-3.095625114E1
7.147765894E1,4.404375076E1,-1.685625076E1,-3.290625000E1
7.148765894E1,3.945000076E1,-1.455000019E1,-3.131250191E1
7.149765894E1,3.457500076E1,-1.612500000E1,-2.531250191E1
7.150765894E1,3.742500305E1,-1.696875000E1,-2.201250076E1
7.151765894E1,4.166250229E1,-1.807500076E1,-2.589375114E1
7.152765894E1,4.481250000E1,-1.878750038E1,-2.994375038E1
7.153765894E1,4.535625076E1,-1.601250076E1,-3.376875305E1
7.154765894E1,3.881250000E1,-1.601250076E1,-3.071250153E1
7.155765894E1,3.365625000E1,-1.743750000E1,-2.503125191E1
7.156765894E1,3.571875000E1,-1.644375038E1,-2.218125153E1
7.157765894E1,3.954375076E1,-1.835625076E1,-2.566875076E1
7.158765894E1,4.513125229E1,-1.672500038E1,-3.028125191E1
7.159765894E1,4.449375153E1,-1.590000057E1,-3.391875076E1
7.160765894E1,3.980625153E1,-1.597500038E1,-3.181875038E1
7.161765894E1,3.493125153E1,-1.725000000E1,-2.709375191E1
7.162765894E1,3.555000305E1,-1.715625000E1,-2.446875191E1
7.163765894E1,4.125000000E1,-1.796250153E1,-2.636250114E1
7.164765894E1,4.455000305E1,-1.798125076E1,-2.891250038E1
7.165765894E1,4.458750153E1,-1.685625076E1,-3.401250076E1
7.166765894E1,3.969375229E1,-1.753125000E1,-3.075000191E1
7.167765894E1,3.523125076E1,-1.642500114E1,-2.640000153E1
7.168765894E1,3.725625229E1,-1.796250153E1,-2.349375153E1
7.169765894E1,4.072500229E1,-1.854375076E1,-2.317500114E1
7.170765894E1,4.644375229E1,-1.888125038E1,-3.090000153E1
7.171765894E1,4.486875153E1,-1.854375076E1,-3.292500305E1
7.172765894E1,3.860625076E1,-1.858125114E1,-3.236250305E1
7.173765894E1,3.650625229E1,-1.843125153E1,-2.718750191E1
7.174765894E1,3.806250000E1,-2.062500000E1,-2.405625153E1
7.175765894E1,4.235625076E1,-1.948125076E1,-2.625000191E1
7.176765894E1,4.683750153E1,-1.931250000E1,-3.056250191E1
7.177765894E1,4.552500153E1,-1.884375000E1,-3.401250076E1
7.178765894E1,4.125000000E1,-1.603125000E1,-3.121875191E1
7.179765894E1,3.568125153E1,-1.766250038E1,-2.613750076E1
7.180765894E1,3.703125000E1,-1.983750153E1,-2.191875076E1
7.181765894E1,4.038750076E1,-1.762500000E1,-2.386875153E1
7.182765894E1,4.565625000E1,-1.867500114E1,-2.730000114E1
7.183765894E1,4.528125000E1,-1.625625038E1,-3.110625076E1
7.184765894E1,3.851250076E1,-1.741875076E1,-2.949375153E1
7.185765894E1,3.511875153E1,-1.674375153E1,-2.606250191E1
7.186765894E1,3.343125153E1,-1.991250038E1,-2.233125114E1
7.187765894E1,3.804375076E1,-1.888125038E1,-2.373750114E1
7.188765894E1,4.029375076E1,-1.837500000E1,-2.818125153E1
7.189765894E1,3.991875076E1,-1.813125038E1,-3.007500076E1
7.190765894E1,3.335625076E1,-1.910625076E1,-2.754375076E1
7.191765894E1,2.893125153E1,-1.940625000E1,-2.276250076E1
7.192765894E1,3.041250038E1,-1.856250000E1,-1.816875076E1
7.193765894E1,3.253125000E1,-2.004375076E1,-1.918125153E1
7.194765894E1,3.650625229E1,-1.910625076E1,-2.306250000E1
7.195765894E1,3.543750000E1,-1.770000076E1,-2.722500038E1
7.196765894E1,3.091875076E1,-1.822500038E1,-2.476875114E1
7.197765894E1,2.662500191E1,-1.903125000E1,-2.167500114E1
7.198765894E1,2.773125076E1,-1.948125076E1,-1.696875000E1
7.199765894E1,3.091875076E1,-1.993125153E1,-1.713750076E1
7.200765894E1,3.639375305E1,-1.796250153E1,-2.128125000E1
7.201765894E1,3.725625229E1,-1.696875000E1,-2.778750038E1
7.202765894E1,3.285000229E1,-1.747500038E1,-2.501250076E1
7.203765894E1,2.968125153E1,-1.586250019E1,-2.261250114E1
7.204765894E1,3.230625153E1,-1.725000000E1,-2.113125038E1
7.205765894E1,3.789375305E1,-1.505625057E1,-2.248125076E1
7.206765894E1,4.080000305E1,-1.674375153E1,-2.739375114E1
7.207765894E1,4.042500305E1,-1.734375000E1,-3.093750191E1
7.208765894E1,3.855000305E1,-1.520625019E1,-2.998125076E1
7.209765894E1,3.480000305E1,-1.736250114E1,-2.475000191E1
7.210765894E1,3.536250305E1,-1.648125076E1,-2.295000076E1
7.211765894E1,3.943125153E1,-1.721250153E1,-2.341875076E1
7.212765894E1,4.396875000E1,-1.689375114E1,-2.821875191E1
7.213765894E1,4.385625076E1,-1.526250076E1,-3.225000000E1
7.214765894E1,3.990000153E1,-1.755000114E1,-3.153750038E1
7.215765894E1,3.658125305E1,-1.730625153E1,-2.696250153E1
7.216765894E1,3.750000000E1,-1.638750076E1,-2.439375114E1
7.217765894E1,3.926250076E1,-1.736250114E1,-2.325000000E1
7.218765894E1,4.303125000E1,-1.760625076E1,-2.908125114E1
7.219765894E1,4.385625076E1,-1.580625057E1,-3.485625076E1
7.220765894E1,4.256250000E1,-1.425000095E1,-3.279375076E1
7.221765894E1,3.836250305E1,-1.693125153E1,-2.889375114E1
7.222765894E1,3.601875305E1,-1.741875076E1,-2.383125114E1
7.223765894E1,3.954375076E1,-1.773750114E1,-2.604375076E1
7.224765894E1,4.486875153E1,-1.623750114E1,-2.921250153E1
7.225765894E1,4.458750153E1,-1.779375076E1,-3.376875305E1
7.226765894E1,4.128750229E1,-1.743750000E1,-3.078750038E1
7.227765894E1,3.727500153E1,-1.601250076E1,-2.771250153E1
7.228765894E1,3.819375229E1,-1.728750038E1,-2.340000153E1
7.229765894E1,3.922500229E1,-1.897500038E1,-2.420625114E1
7.230765894E1,4.276875305E1,-1.920000076E1,-2.878125191E1
7.231765894E1,4.299375153E1,-1.702500153E1,-3.116250038E1
7.232765894E1,4.078125000E1,-1.700625038E1,-3.095625114E1
7.233765894E1,3.690000153E1,-1.648125076E1,-2.626875114E1
7.234765894E1,3.695625305E1,-1.638750076E1,-2.298750114E1
7.235765894E1,3.950625229E1,-1.672500038E1,-2.362500000E1
7.236765894E1,4.273125076E1,-1.880625153E1,-2.583750153E1
7.237765894E1,4.325625229E1,-1.781250000E1,-3.108750153E1
7.238765894E1,4.051875305E1,-1.743750000E1,-2.889375114E1
7.239765894E1,3.830625153E1,-1.719375038E1,-2.623125076E1
7.240765894E1,3.615000153E1,-1.800000000E1,-2.205000114E1
7.241765894E1,3.915000153E1,-1.708125114E1,-2.405625153E1
7.242765894E1,4.280625153E1,-1.822500038E1,-2.791875076E1
7.243765894E1,4.543125153E1,-1.498125076E1,-3.058125114E1
7.244765894E1,4.177500153E1,-1.644375038E1,-3.024375153E1
7.245765894E1,3.796875000E1,-1.721250153E1,-2.621250153E1
7.246765894E1,3.708750153E1,-1.751250076E1,-2.398125076E1
7.247765894E1,4.006875229E1,-1.794375038E1,-2.259375000E1
7.248765894E1,4.198125076E1,-1.777500153E1,-2.670000076E1
7.249765894E1,4.406250000E1,-1.681875038E1,-3.181875038E1
7.250765894E1,4.160625076E1,-1.597500038E1,-2.981250191E1
7.251765894E1,3.836250305E1,-1.608750153E1,-2.709375191E1
7.252765894E1,3.663750076E1,-1.785000038E1,-2.332500076E1
7.253765894E1,3.765000153E1,-1.751250076E1,-2.478750038E1
7.254765894E1,4.126875305E1,-1.723125076E1,-2.876250076E1
7.255765894E1,4.346250153E1,-1.668750000E1,-3.118125153E1
7.256765894E1,4.201875305E1,-1.631250000E1,-3.198750114E1
7.257765894E1,3.896250153E1,-1.625625038E1,-2.835000038E1
7.258765894E1,3.924375153E1,-1.771875000E1,-2.446875191E1
7.259765894E1,3.924375153E1,-1.771875000E1,-2.446875191E1
7.260765894E1,4.050000000E1,-1.993125153E1,-2.775000191E1
7.261765894E1,4.453125000E1,-1.586250019E1,-3.206250000E1
7.262765894E1,3.875625229E1,-1.893750000E1,-2.780625153E1
7.263765894E1,3.894375229E1,-1.674375153E1,-2.298750114E1
7.264765894E1,4.038750076E1,-1.826250076E1,-2.336250114E1
7.265765894E1,4.336875153E1,-1.788750076E1,-2.874375153E1
7.266765894E1,4.438125229E1,-1.869375038E1,-3.166875076E1
7.267765894E1,4.170000076E1,-1.963125038E1,-3.076875114E1
7.268765894E1,3.973125076E1,-1.685625076E1,-2.893125153E1
7.269765894E1,3.950625229E1,-1.640625000E1,-2.349375153E1
7.270765894E1,3.952500153E1,-1.816875076E1,-2.398125076E1
7.271765894E1,4.295625305E1,-1.901250076E1,-2.786250114E1
7.272765894E1,4.336875153E1,-1.719375038E1,-3.208125305E1
7.273765894E1,4.411875153E1,-1.696875000E1,-3.165000153E1
7.274765894E1,4.083750153E1,-1.691250038E1,-2.769375038E1
7.275765894E1,4.010625076E1,-1.710000038E1,-2.735625076E1
7.276765894E1,4.005000305E1,-1.640625000E1,-2.460000038E1
7.277765894E1,4.329375076E1,-1.721250153E1,-2.677500153E1
7.278765894E1,4.539375305E1,-1.717500114E1,-3.009375191E1
7.279765894E1,4.389375305E1,-1.636875153E1,-3.185625076E1
7.280765894E1,4.156875229E1,-1.640625000E1,-2.836875153E1
7.281765894E1,3.952500153E1,-1.599375057E1,-2.555625153E1
7.282765894E1,4.121250153E1,-1.777500153E1,-2.512500191E1
7.283765894E1,4.338750076E1,-1.695000076E1,-2.866875076E1
7.284765894E1,4.546875000E1,-1.693125153E1,-3.275625229E1
7.285765894E1,4.380000305E1,-1.781250000E1,-3.266250229E1
7.286765894E1,4.100625229E1,-1.676250076E1,-2.818125153E1
7.287765894E1,4.036875153E1,-1.858125114E1,-2.394375038E1
7.288765894E1,4.188750076E1,-1.691250038E1,-2.411250114E1
7.289765894E1,4.284375000E1,-1.816875076E1,-2.606250191E1
7.290765894E1,4.376250076E1,-1.856250000E1,-3.073125076E1
7.291765894E1,4.445625305E1,-1.635000038E1,-3.294375229E1
7.292765894E1,4.194375229E1,-1.605000114E1,-2.778750038E1
7.293765894E1,3.686250305E1,-1.846875000E1,-2.328750038E1
7.294765894E1,3.913125229E1,-1.801875114E1,-2.383125114E1
7.295765894E1,4.179375076E1,-1.773750114E1,-2.514375114E1
7.296765894E1,4.261875153E1,-1.893750000E1,-3.067500114E1
7.297765894E1,4.252500153E1,-1.800000000E1,-3.091875076E1
7.298765894E1,3.975000000E1,-1.683750153E1,-2.861250114E1
7.299765894E1,3.613125229E1,-1.708125114E1,-2.338125038E1
7.300765894E1,3.856875229E1,-1.711875153E1,-2.403750038E1
7.301765894E1,4.055625153E1,-1.770000076E1,-2.685000038E1
7.302765894E1,4.164375305E1,-1.794375038E1,-3.262500000E1
7.303765894E1,4.158750153E1,-1.839375114E1,-3.165000153E1
7.304765894E1,3.802500153E1,-1.820625114E1,-2.816250038E1
7.305765894E1,3.661875153E1,-1.786875153E1,-2.441250038E1
7.306765894E1,3.678750229E1,-1.987500000E1,-2.268750000E1
7.307765894E1,4.063125229E1,-1.906875038E1,-2.484375191E1
7.308765894E1,4.147500229E1,-1.903125000E1,-3.142500114E1
7.309765894E1,4.209375000E1,-1.644375038E1,-3.103125191E1
7.310765894E1,3.990000153E1,-1.732500076E1,-2.904375076E1
7.311765894E1,3.946875000E1,-1.800000000E1,-2.383125114E1
7.312765894E1,3.826875305E1,-1.918125153E1,-2.371875000E1
7.313765894E1,3.928125000E1,-2.088750076E1,-2.514375114E1
7.314765894E1,4.351875305E1,-1.983750153E1,-3.108750153E1
7.315765894E1,4.374375153E1,-1.858125114E1,-3.181875038E1
7.316765894E1,4.096875000E1,-1.929375076E1,-2.795625114E1
7.317765894E1,4.003125000E1,-1.715625000E1,-2.265000153E1
7.318765894E1,4.068750000E1,-1.775625038E1,-2.293125153E1
7.319765894E1,4.110000229E1,-1.893750000E1,-2.690625191E1
7.320765894E1,4.556250000E1,-1.702500153E1,-3.103125191E1
7.321765894E1,4.657500076E1,-1.627500153E1,-3.455625153E1
7.322765894E1,4.361250305E1,-1.777500153E1,-3.110625076E1
7.323765894E1,4.258125305E1,-1.593750095E1,-2.435625076E1
7.324765894E1,4.205625153E1,-1.676250076E1,-2.428125191E1
7.325765894E1,4.470000076E1,-1.670625114E1,-2.838750076E1
7.326765894E1,4.597500229E1,-1.591875076E1,-3.144375038E1
7.327765894E1,4.657500076E1,-1.481250095E1,-3.311250305E1
7.328765894E1,4.385625076E1,-1.618125153E1,-3.123750114E1
7.329765894E1,4.025625229E1,-1.644375038E1,-2.647500038E1
7.330765894E1,4.008750153E1,-1.635000038E1,-2.272500038E1
7.331765894E1,4.301250076E1,-1.584375095E1,-2.827500153E1
7.332765894E1,4.393125153E1,-1.571250057E1,-3.112500191E1
7.333765894E1,4.464375305E1,-1.400625038E1,-3.408750153E1
7.334765894E1,4.291875076E1,-1.421250057E1,-3.200625229E1
7.335765894E1,4.010625076E1,-1.616250038E1,-2.775000191E1
7.336765894E1,3.905625153E1,-1.696875000E1,-2.578125191E1
7.337765894E1,4.125000000E1,-1.580625057E1,-2.842500114E1
7.338765894E1,4.406250000E1,-1.528125095E1,-3.335625076E1
7.339765894E1,4.627500153E1,-1.616250038E1,-3.581250000E1
7.340765894E1,4.378125000E1,-1.762500000E1,-3.127500153E1
7.341765894E1,4.126875305E1,-1.599375057E1,-3.011250114E1
7.342765894E1,4.175625229E1,-1.475625038E1,-2.617500114E1
7.343765894E1,4.513125229E1,-1.492500019E1,-2.808750153E1
7.344765894E1,4.631250000E1,-1.610625076E1,-3.393750000E1
7.345765894E1,4.665000153E1,-1.756875038E1,-3.585000229E1
7.346765894E1,4.593750000E1,-1.471875095E1,-3.436875153E1
7.347765894E1,4.363125229E1,-1.537500095E1,-2.941875076E1
7.348765894E1,4.166250229E1,-1.861875153E1,-2.803125191E1
7.349765894E1,4.312500000E1,-1.792500114E1,-2.904375076E1
7.350765894E1,4.687500000E1,-1.723125076E1,-3.603750229E1
7.351765894E1,4.732500076E1,-1.659375000E1,-3.688125229E1
7.352765894E1,4.723125076E1,-1.689375114E1,-3.545625305E1
7.353765894E1,4.355625153E1,-1.676250076E1,-2.836875153E1
7.354765894E1,4.160625076E1,-1.636875153E1,-2.649375153E1
7.355765894E1,4.218750000E1,-1.863750076E1,-3.022500038E1
7.356765894E1,4.453125000E1,-1.762500000E1,-3.361875153E1
7.357765894E1,4.653750229E1,-1.766250038E1,-3.303750229E1
7.358765894E1,4.425000000E1,-1.687500000E1,-3.399375153E1
7.359765894E1,4.220625305E1,-1.683750153E1,-2.771250153E1
7.360765894E1,3.961875153E1,-1.809375000E1,-2.758125114E1
7.361765894E1,3.995625305E1,-1.725000000E1,-2.640000153E1
7.362765894E1,4.209375000E1,-1.914375114E1,-3.159375191E1
7.363765894E1,4.327500153E1,-1.863750076E1,-3.258750153E1
7.364765894E1,4.241250229E1,-1.916250038E1,-3.268125153E1
7.365765894E1,3.928125000E1,-1.936875153E1,-2.715000153E1
7.366765894E1,3.901875305E1,-1.833750153E1,-2.379375076E1
7.367765894E1,3.999375153E1,-1.719375038E1,-2.452500153E1
7.368765894E1,4.218750000E1,-1.811250114E1,-2.808750153E1
7.369765894E1,4.265625000E1,-1.672500038E1,-3.086250114E1
7.370765894E1,4.192500305E1,-1.693125153E1,-3.099375153E1
7.371765894E1,3.836250305E1,-1.734375000E1,-2.606250191E1
7.372765894E1,3.646875000E1,-1.740000153E1,-2.415000153E1
7.373765894E1,3.770625305E1,-1.702500153E1,-2.450625038E1
7.374765894E1,4.164375305E1,-1.770000076E1,-2.951250076E1
7.375765894E1,4.357500076E1,-1.627500153E1,-3.420000076E1
7.376765894E1,4.231875229E1,-1.676250076E1,-3.116250038E1
7.377765894E1,3.999375153E1,-1.648125076E1,-2.771250153E1
7.378765894E1,3.637500000E1,-1.884375000E1,-2.465625191E1
7.379765894E1,3.796875000E1,-1.721250153E1,-2.621250153E1
7.380765894E1,4.166250229E1,-1.914375114E1,-3.048750114E1
7.381765894E1,4.361250305E1,-1.800000000E1,-3.358125305E1
7.382765894E1,4.284375000E1,-1.893750000E1,-3.146250153E1
7.383765894E1,4.083750153E1,-1.691250038E1,-2.769375038E1
7.384765894E1,3.847500229E1,-1.741875076E1,-2.323125076E1
7.385765894E1,3.751875305E1,-1.936875153E1,-2.338125038E1
7.386765894E1,4.166250229E1,-1.792500114E1,-3.183750153E1
7.387765894E1,4.565625000E1,-1.852500153E1,-3.373125076E1
7.388765894E1,4.430625153E1,-1.826250076E1,-3.309375000E1
7.389765894E1,4.038750076E1,-2.086875153E1,-2.673750114E1
7.390765894E1,3.802500153E1,-2.011875153E1,-2.300625038E1
7.391765894E1,3.907500076E1,-1.871250153E1,-2.580000114E1
7.392765894E1,4.276875305E1,-1.828125000E1,-3.011250114E1
7.393765894E1,4.453125000E1,-1.824375153E1,-3.247500229E1
7.394765894E1,4.398750305E1,-1.886250114E1,-3.071250153E1
7.395765894E1,4.243125153E1,-1.807500076E1,-2.730000114E1
7.396765894E1,3.980625153E1,-1.715625000E1,-2.265000153E1
7.397765894E1,3.675000000E1,-1.815000153E1,-2.330625153E1
7.398765894E1,4.239375305E1,-1.811250114E1,-2.855625153E1
7.399765894E1,4.425000000E1,-1.811250114E1,-3.296250153E1
7.400765894E1,4.363125229E1,-1.713750076E1,-3.069375038E1
7.401765894E1,4.183125305E1,-1.696875000E1,-2.628750038E1
7.402765894E1,3.907500076E1,-1.912500000E1,-2.326875114E1
7.403765894E1,3.826875305E1,-2.094375038E1,-2.450625038E1
7.404765894E1,4.295625305E1,-1.903125000E1,-2.865000153E1
7.405765894E1,4.678125000E1,-1.760625076E1,-3.195000076E1
7.406765894E1,4.721250153E1,-1.646250153E1,-3.127500153E1
7.407765894E1,4.301250076E1,-1.854375076E1,-2.851875114E1
7.408765894E1,4.031250000E1,-1.719375038E1,-2.501250076E1
7.409765894E1,3.905625153E1,-2.008125114E1,-2.334375000E1
7.410765894E1,4.381875229E1,-1.725000000E1,-2.926875114E1
7.411765894E1,4.672500229E1,-1.807500076E1,-3.127500153E1
7.412765894E1,4.661250305E1,-1.777500153E1,-3.131250191E1
7.413765894E1,4.286250305E1,-1.691250038E1,-2.632500076E1
7.414765894E1,3.960000229E1,-1.830000114E1,-2.334375000E1
7.415765894E1,3.870000076E1,-1.740000153E1,-2.293125153E1
7.416765894E1,4.168125153E1,-1.826250076E1,-2.713125038E1
7.417765894E1,4.486875153E1,-1.854375076E1,-3.262500000E1
7.418765894E1,4.558125305E1,-1.700625038E1,-3.026250076E1
7.419765894E1,4.093125153E1,-1.702500153E1,-2.626875114E1
7.420765894E1,3.776250076E1,-1.841250038E1,-2.330625153E1
7.421765894E1,3.740625000E1,-1.698750114E1,-2.263125038E1
7.422765894E1,4.162500000E1,-1.665000153E1,-2.553750038E1
7.423765894E1,4.494375229E1,-1.535625076E1,-3.210000229E1
7.424765894E1,4.631250000E1,-1.681875038E1,-3.091875076E1
7.425765894E1,4.111875153E1,-1.738125038E1,-2.812500191E1
7.426765894E1,3.939375305E1,-1.526250076E1,-2.171250153E1
7.427765894E1,3.705000305E1,-1.734375000E1,-2.338125038E1
7.428765894E1,3.982500076E1,-1.717500114E1,-2.968125153E1
7.429765894E1,4.456875229E1,-1.726875114E1,-3.163125038E1
7.430765894E1,4.545000076E1,-1.672500038E1,-3.136875153E1
7.431765894E1,4.081875229E1,-1.672500038E1,-2.630625153E1
7.432765894E1,3.806250000E1,-1.612500000E1,-2.161875153E1
7.433765894E1,3.678750229E1,-1.653750038E1,-2.235000038E1
7.434765894E1,4.076250076E1,-1.625625038E1,-2.681250191E1
7.435765894E1,4.464375305E1,-1.616250038E1,-3.202500153E1
7.436765894E1,4.526250076E1,-1.629375076E1,-3.219375229E1
7.437765894E1,4.239375305E1,-1.571250057E1,-2.782500076E1
7.438765894E1,3.721875000E1,-1.717500114E1,-2.323125076E1
7.439765894E1,3.485625076E1,-1.728750038E1,-2.210625076E1
7.440765894E1,4.089375305E1,-1.683750153E1,-2.505000114E1
7.441765894E1,4.368750000E1,-1.666875076E1,-3.120000076E1
7.442765894E1,4.608750153E1,-1.597500038E1,-2.831250191E1
7.443765894E1,4.134375000E1,-1.475625038E1,-2.460000038E1
7.444765894E1,3.581250000E1,-1.685625076E1,-1.996875000E1
7.445765894E1,3.405000305E1,-1.648125076E1,-1.996875000E1
7.446765894E1,3.755625153E1,-1.593750095E1,-2.506875038E1
7.447765894E1,4.267500305E1,-1.393125057E1,-3.281250000E1
7.448765894E1,4.267500305E1,-1.393125057E1,-3.281250000E1
7.449765894E1,4.046250153E1,-1.584375095E1,-2.808750153E1
7.450765894E1,3.570000076E1,-1.648125076E1,-2.358750153E1
7.451765894E1,3.823125076E1,-1.644375038E1,-2.784375191E1
7.452765894E1,4.261875153E1,-1.770000076E1,-3.202500153E1
7.453765894E1,4.537500000E1,-1.599375057E1,-3.300000000E1
7.454765894E1,4.183125305E1,-1.597500038E1,-3.045000076E1
7.455765894E1,3.652500153E1,-1.661250114E1,-2.452500153E1
7.456765894E1,3.566250229E1,-1.651875114E1,-2.514375114E1
7.457765894E1,3.868125153E1,-1.880625153E1,-2.874375153E1
7.458765894E1,4.479375076E1,-1.665000153E1,-3.277500153E1
7.459765894E1,4.693125153E1,-1.625625038E1,-3.455625153E1
7.460765894E1,4.230000305E1,-1.621875000E1,-2.902500153E1
7.461765894E1,3.834375000E1,-1.711875153E1,-2.403750038E1
7.462765894E1,3.521250153E1,-1.839375114E1,-2.310000038E1
7.463765894E1,3.995625305E1,-1.807500076E1,-2.790000153E1
7.464765894E1,4.486875153E1,-1.698750114E1,-3.384375000E1
7.465765894E1,4.743750000E1,-1.698750114E1,-3.403125000E1
7.466765894E1,4.308750153E1,-1.867500114E1,-2.790000153E1
7.467765894E1,3.766875076E1,-1.777500153E1,-2.334375000E1
7.468765894E1,3.556875229E1,-1.713750076E1,-2.385000038E1
7.469765894E1,3.847500229E1,-1.848750114E1,-2.784375191E1
7.470765894E1,4.535625076E1,-1.723125076E1,-3.226875305E1
7.471765894E1,4.711875153E1,-1.783125114E1,-3.474375153E1
7.472765894E1,4.346250153E1,-1.728750038E1,-3.003750038E1
7.473765894E1,3.845625305E1,-1.741875076E1,-2.355000114E1
7.474765894E1,3.601875305E1,-1.740000153E1,-2.336250114E1
7.475765894E1,3.800625229E1,-1.914375114E1,-2.761875153E1
7.476765894E1,4.501875305E1,-1.788750076E1,-3.204375076E1
7.477765894E1,4.726875305E1,-1.809375000E1,-3.316875076E1
7.478765894E1,4.357500076E1,-1.852500153E1,-2.915625191E1
7.479765894E1,3.826875305E1,-1.918125153E1,-2.371875000E1
7.480765894E1,3.365625000E1,-1.959375000E1,-2.298750114E1
7.481765894E1,3.892500305E1,-1.908750153E1,-2.763750076E1
7.482765894E1,4.344375229E1,-1.732500076E1,-3.114375114E1
7.483765894E1,4.852500153E1,-1.591875076E1,-3.180000114E1
7.484765894E1,4.378125000E1,-1.801875114E1,-2.810625076E1
7.485765894E1,4.029375076E1,-1.668750000E1,-2.411250114E1
7.486765894E1,3.635625076E1,-1.925625038E1,-2.242500114E1
7.487765894E1,3.896250153E1,-1.996875000E1,-2.506875038E1
7.488765894E1,4.593750000E1,-1.811250114E1,-3.095625114E1
7.489765894E1,4.777500153E1,-1.861875153E1,-3.000000191E1
7.490765894E1,4.305000305E1,-1.758750153E1,-2.797500038E1
7.491765894E1,3.804375076E1,-1.771875000E1,-2.148750114E1
7.492765894E1,3.470625305E1,-1.743750000E1,-2.115000153E1
7.493765894E1,3.796875000E1,-1.781250000E1,-2.491875076E1
7.494765894E1,4.449375153E1,-1.629375076E1,-3.076875114E1
7.495765894E1,4.590000153E1,-1.794375038E1,-3.033750153E1
7.496765894E1,4.276875305E1,-1.775625038E1,-2.780625153E1
7.497765894E1,3.796875000E1,-1.696875000E1,-2.341875076E1
7.498765894E1,3.343125153E1,-1.991250038E1,-2.280000114E1
7.499765894E1,3.744375229E1,-1.800000000E1,-2.536875153E1
7.500765894E1,4.316250229E1,-1.831875038E1,-3.277500153E1
7.501765894E1,4.773750305E1,-1.618125153E1,-3.380625153E1
7.502765894E1,4.410000229E1,-1.678125000E1,-2.994375038E1
7.503765894E1,3.708750153E1,-1.783125114E1,-2.381250000E1
7.504765894E1,3.465000153E1,-1.843125153E1,-2.310000038E1
7.505765894E1,3.967500305E1,-1.646250153E1,-2.615625191E1
7.506765894E1,4.374375153E1,-1.766250038E1,-3.315000153E1
7.507765894E1,4.623750305E1,-1.762500000E1,-3.084375191E1
7.508765894E1,4.438125229E1,-1.753125000E1,-2.956875038E1
7.509765894E1,3.731250000E1,-1.906875038E1,-2.308125114E1
7.510765894E1,3.363750076E1,-1.938750076E1,-2.128125000E1
7.511765894E1,3.750000000E1,-1.901250076E1,-2.746875191E1
7.512765894E1,4.301250076E1,-1.762500000E1,-2.955000114E1
7.513765894E1,4.865625381E1,-1.734375000E1,-3.215625000E1
7.514765894E1,4.323750305E1,-1.706250000E1,-2.694375038E1
7.515765894E1,3.676875305E1,-1.635000038E1,-2.111250114E1
7.516765894E1,3.369375229E1,-1.891875076E1,-2.163750076E1
7.517765894E1,3.549375153E1,-1.698750114E1,-2.431875038E1
7.518765894E1,4.267500305E1,-1.670625114E1,-3.007500076E1
7.519765894E1,4.650000000E1,-1.569375038E1,-3.022500038E1
7.520765894E1,4.263750076E1,-1.477500057E1,-2.836875153E1
7.521765894E1,3.708750153E1,-1.513125038E1,-2.356875038E1
7.522765894E1,3.279375076E1,-1.710000038E1,-2.238750076E1
7.523765894E1,3.693750000E1,-1.548750019E1,-2.461875153E1
7.524765894E1,4.252500153E1,-1.552500057E1,-3.283125305E1
7.525765894E1,4.695000076E1,-1.651875114E1,-3.281250000E1
7.526765894E1,4.228125000E1,-1.625625038E1,-3.011250114E1
7.527765894E1,3.676875305E1,-1.689375114E1,-2.325000000E1
7.528765894E1,3.300000000E1,-1.713750076E1,-2.396250153E1
7.529765894E1,3.500625229E1,-1.820625114E1,-2.765625191E1
7.530765894E1,4.188750076E1,-1.790625000E1,-3.183750153E1
7.531765894E1,4.801875305E1,-1.571250057E1,-3.478125000E1
7.532765894E1,4.636875153E1,-1.458750057E1,-3.000000191E1
7.533765894E1,3.995625305E1,-1.633125114E1,-2.741250038E1
7.534765894E1,3.476250076E1,-1.833750153E1,-2.561250114E1
7.535765894E1,3.757500076E1,-1.914375114E1,-2.715000153E1
7.536765894E1,4.400625229E1,-1.906875038E1,-3.303750229E1
7.537765894E1,4.781250000E1,-1.963125038E1,-3.303750229E1
7.538765894E1,4.522500229E1,-1.766250038E1,-3.035625076E1
7.539765894E1,3.796875000E1,-1.781250000E1,-2.523750114E1
7.540765894E1,3.367500305E1,-2.019375038E1,-2.167500114E1
7.541765894E1,3.588750076E1,-1.920000076E1,-2.523750114E1
7.542765894E1,4.252500153E1,-1.779375076E1,-2.857500076E1
7.543765894E1,4.590000153E1,-1.970625114E1,-3.159375191E1
7.544765894E1,4.404375076E1,-1.578750038E1,-2.799375153E1
7.545765894E1,3.660000229E1,-1.590000057E1,-2.161875153E1
7.546765894E1,3.337500000E1,-1.798125076E1,-2.107500076E1
7.547765894E1,3.397500229E1,-1.835625076E1,-2.512500191E1
7.548765894E1,4.239375305E1,-1.595625019E1,-3.091875076E1
7.549765894E1,4.736250305E1,-1.456875038E1,-3.142500114E1
7.550765894E1,4.308750153E1,-1.443750095E1,-2.902500153E1
7.551765894E1,3.725625229E1,-1.644375038E1,-2.548125076E1
7.552765894E1,3.213750076E1,-1.764375114E1,-2.373750114E1
7.553765894E1,3.371250153E1,-1.843125153E1,-2.698125076E1
7.554765894E1,4.080000305E1,-1.696875000E1,-2.956875038E1
7.555765894E1,4.543125153E1,-1.614375114E1,-3.283125305E1
7.556765894E1,4.447500229E1,-1.610625076E1,-2.906250191E1
7.557765894E1,3.639375305E1,-1.633125114E1,-2.533125114E1
7.558765894E1,3.196875191E1,-1.779375076E1,-2.310000038E1
7.559765894E1,3.451875305E1,-1.835625076E1,-2.623125076E1
7.560765894E1,4.183125305E1,-1.743750000E1,-3.187500191E1
7.561765894E1,4.501875305E1,-1.788750076E1,-3.204375076E1
7.562765894E1,4.327500153E1,-1.903125000E1,-2.973750114E1
7.563765894E1,3.740625000E1,-1.751250076E1,-2.476875114E1
7.564765894E1,3.363750076E1,-1.723125076E1,-2.332500076E1
7.565765894E1,3.583125305E1,-1.815000153E1,-2.688750076E1
7.566765894E1,4.329375076E1,-1.683750153E1,-3.024375153E1
7.567765894E1,4.766250229E1,-1.676250076E1,-3.125625038E1
7.568765894E1,4.520625305E1,-1.591875076E1,-3.003750038E1
7.569765894E1,3.705000305E1,-1.610625076E1,-2.441250038E1
7.570765894E1,3.335625076E1,-1.708125114E1,-2.287500000E1
7.571765894E1,3.735000229E1,-1.708125114E1,-2.606250191E1
7.572765894E1,4.241250229E1,-1.861875153E1,-3.022500038E1
7.573765894E1,4.638750076E1,-1.715625000E1,-3.196875191E1
7.574765894E1,4.395000076E1,-1.785000038E1,-2.797500038E1
7.575765894E1,3.613125229E1,-1.801875114E1,-2.283750153E1
7.576765894E1,3.129375076E1,-1.875000000E1,-2.176875114E1
7.577765894E1,3.361875153E1,-2.026875114E1,-2.463750076E1
7.578765894E1,4.166250229E1,-1.830000114E1,-2.821875191E1
7.579765894E1,4.526250076E1,-1.783125114E1,-3.065625191E1
7.580765894E1,4.408125305E1,-1.771875000E1,-3.001875114E1
7.581765894E1,3.780000305E1,-1.713750076E1,-2.325000000E1
7.582765894E1,3.288750076E1,-1.721250153E1,-2.083125114E1
7.583765894E1,3.538125229E1,-1.730625153E1,-2.430000114E1
7.584765894E1,4.001250076E1,-1.876875114E1,-3.018750191E1
7.585765894E1,4.777500153E1,-1.736250114E1,-3.073125076E1
7.586765894E1,4.432500076E1,-1.717500114E1,-2.741250038E1
7.587765894E1,3.870000076E1,-1.646250153E1,-2.394375038E1
7.588765894E1,3.330000305E1,-1.755000114E1,-2.251875114E1
7.589765894E1,3.478125000E1,-1.985625076E1,-2.360625076E1
7.590765894E1,4.256250000E1,-1.972500038E1,-3.015000153E1
7.591765894E1,4.749375153E1,-1.693125153E1,-3.138750076E1
7.592765894E1,4.563750076E1,-1.869375038E1,-2.808750153E1
7.593765894E1,3.984375000E1,-1.515000057E1,-2.454375076E1
7.594765894E1,3.266250229E1,-1.743750000E1,-2.313750076E1
7.595765894E1,3.723750305E1,-1.644375038E1,-2.595000076E1
7.596765894E1,4.325625229E1,-1.905000114E1,-3.005625153E1
7.597765894E1,4.948125076E1,-1.571250057E1,-3.198750114E1
7.598765894E1,4.863750076E1,-1.653750038E1,-3.144375038E1
7.599765894E1,4.203750229E1,-1.678125000E1,-2.506875038E1
7.600765894E1,3.549375153E1,-1.792500114E1,-2.409375191E1
7.601765894E1,3.701250076E1,-1.698750114E1,-2.808750153E1
7.602765894E1,4.464375305E1,-1.916250038E1,-3.178125191E1
7.603765894E1,4.968750381E1,-1.929375076E1,-3.622500229E1
7.604765894E1,4.880625153E1,-1.783125114E1,-3.273750305E1
7.605765894E1,4.224375153E1,-1.856250000E1,-2.773125076E1
7.606765894E1,3.622500229E1,-1.764375114E1,-2.692500114E1
7.607765894E1,3.826875305E1,-1.815000153E1,-2.707500076E1
7.608765894E1,4.650000000E1,-1.807500076E1,-3.095625114E1
7.609765894E1,5.088750076E1,-1.760625076E1,-3.481875229E1
7.610765894E1,5.019375229E1,-1.773750114E1,-3.230625153E1
7.611765894E1,4.228125000E1,-1.912500000E1,-2.471250153E1
7.612765894E1,3.740625000E1,-1.845000076E1,-2.437500191E1
7.613765894E1,3.868125153E1,-1.826250076E1,-2.613750076E1
7.614765894E1,4.426875305E1,-1.901250076E1,-3.116250038E1
7.615765894E1,5.139375305E1,-1.655625153E1,-3.241875076E1
7.616765894E1,5.049375153E1,-1.545000076E1,-3.000000191E1
7.617765894E1,4.200000000E1,-1.597500038E1,-2.435625076E1
7.618765894E1,3.710625076E1,-1.603125000E1,-2.145000076E1
7.619765894E1,3.699375153E1,-1.741875076E1,-2.602500153E1
7.620765894E1,4.481250000E1,-1.723125076E1,-3.084375191E1
7.621765894E1,5.023125076E1,-1.550625038E1,-3.185625076E1
7.622765894E1,4.826250076E1,-1.606875038E1,-3.084375191E1
7.623765894E1,3.956250000E1,-1.773750114E1,-2.572500038E1
7.624765894E1,3.615000153E1,-1.644375038E1,-2.328750038E1
7.625765894E1,3.588750076E1,-1.807500076E1,-2.424375153E1
7.626765894E1,4.288125229E1,-1.890000153E1,-2.958750153E1
7.627765894E1,4.912500381E1,-1.732500076E1,-3.215625000E1
7.628765894E1,4.905000305E1,-1.665000153E1,-3.050625038E1
7.629765894E1,3.363750076E1,-1.846875000E1,-2.197500038E1
7.630765894E1,3.363750076E1,-1.846875000E1,-2.197500038E1
7.631765894E1,3.446250153E1,-1.800000000E1,-2.405625153E1
7.632765894E1,4.186875153E1,-1.738125038E1,-2.970000076E1
7.633765894E1,4.852500153E1,-1.614375114E1,-3.412500000E1
7.634765894E1,4.768125153E1,-1.516875076E1,-3.138750076E1
7.635765894E1,3.945000076E1,-1.648125076E1,-2.613750076E1
7.636765894E1,3.386250305E1,-1.629375076E1,-2.403750038E1
7.637765894E1,3.386250305E1,-1.629375076E1,-2.403750038E1
7.638765894E1,4.704375076E1,-1.841250038E1,-3.266250229E1
7.639765894E1,4.749375153E1,-1.608750153E1,-2.926875114E1
7.640765894E1,3.928125000E1,-1.516875076E1,-2.422500038E1
7.641765894E1,3.219375229E1,-1.665000153E1,-2.210625076E1
7.642765894E1,3.286875153E1,-1.747500038E1,-2.471250153E1
7.643765894E1,4.117500305E1,-1.805625153E1,-2.979375076E1
7.644765894E1,4.794375229E1,-1.691250038E1,-3.187500191E1
7.645765894E1,4.618125153E1,-1.651875114E1,-3.123750114E1
7.646765894E1,3.819375229E1,-1.779375076E1,-2.523750114E1
7.647765894E1,3.187500191E1,-1.841250038E1,-2.180625153E1
7.648765894E1,3.277500153E1,-1.807500076E1,-2.325000000E1
7.649765894E1,4.125000000E1,-1.725000000E1,-2.955000114E1
7.650765894E1,4.717500305E1,-1.775625038E1,-3.210000229E1
7.651765894E1,4.749375153E1,-1.785000038E1,-3.005625153E1
7.652765894E1,3.772500229E1,-1.845000076E1,-2.516250038E1
7.653765894E1,3.204375076E1,-1.771875000E1,-1.983750153E1
7.654765894E1,3.232500076E1,-1.745625114E1,-2.281875038E1
7.655765894E1,4.119375229E1,-1.803750038E1,-2.900625038E1
7.656765894E1,4.843125153E1,-1.552500057E1,-3.418125153E1
7.657765894E1,4.758750153E1,-1.601250076E1,-3.318750000E1
7.658765894E1,4.005000305E1,-1.672500038E1,-2.441250038E1
7.659765894E1,3.230625153E1,-1.726875114E1,-2.143125153E1
7.660765894E1,3.223125076E1,-1.775625038E1,-2.171250153E1
7.661765894E1,4.106250000E1,-1.837500000E1,-3.007500076E1
7.662765894E1,4.921875381E1,-1.826250076E1,-3.193125153E1
7.663765894E1,5.053125381E1,-1.623750114E1,-3.024375153E1
7.664765894E1,4.016250229E1,-1.702500153E1,-2.407500076E1
7.665765894E1,3.226875305E1,-1.554375076E1,-2.190000153E1
7.666765894E1,3.187500191E1,-1.841250038E1,-2.210625076E1
7.667765894E1,4.089375305E1,-2.008125114E1,-2.790000153E1
7.668765894E1,4.959375381E1,-1.781250000E1,-3.384375000E1
7.669765894E1,5.006250381E1,-1.683750153E1,-3.378750229E1
7.670765894E1,4.093125153E1,-1.453125095E1,-2.790000153E1
7.671765894E1,3.330000305E1,-1.756875038E1,-2.298750114E1
7.672765894E1,3.371250153E1,-1.820625114E1,-2.418750191E1
7.673765894E1,4.241250229E1,-1.831875038E1,-3.088125038E1
7.674765894E1,4.996875381E1,-1.826250076E1,-3.412500000E1
7.675765894E1,4.957500076E1,-1.605000114E1,-3.273750305E1
7.676765894E1,4.027500153E1,-1.816875076E1,-2.617500114E1
7.677765894E1,3.238125229E1,-1.824375153E1,-2.276250076E1
7.678765894E1,3.131250191E1,-1.927500153E1,-2.358750153E1
7.679765894E1,4.271250153E1,-1.689375114E1,-3.131250191E1
7.680765894E1,5.036250305E1,-1.603125000E1,-3.384375000E1
7.681765894E1,5.071875381E1,-1.627500153E1,-3.243750000E1
7.682765894E1,4.130625153E1,-1.593750095E1,-2.793750191E1
7.683765894E1,3.264375305E1,-1.661250114E1,-2.180625153E1
7.684765894E1,3.303750229E1,-1.854375076E1,-2.338125038E1
7.685765894E1,4.267500305E1,-1.732500076E1,-2.925000191E1
7.686765894E1,4.970625305E1,-1.895625114E1,-3.594375229E1
7.687765894E1,5.086875153E1,-1.856250000E1,-3.489375305E1
7.688765894E1,4.359375000E1,-1.672500038E1,-2.696250153E1
7.689765894E1,3.187500191E1,-1.841250038E1,-2.180625153E1
7.690765894E1,3.292500305E1,-1.822500038E1,-2.340000153E1
7.691765894E1,4.235625076E1,-1.816875076E1,-3.073125076E1
7.692765894E1,4.912500381E1,-1.899375153E1,-3.562500000E1
7.693765894E1,5.055000305E1,-1.666875076E1,-3.474375153E1
7.694765894E1,4.072500229E1,-1.807500076E1,-2.947500038E1
7.695765894E1,3.245625305E1,-1.837500000E1,-2.180625153E1
7.696765894E1,3.328125000E1,-1.848750114E1,-2.229375076E1
7.697765894E1,4.190625000E1,-1.965000153E1,-3.232500076E1
7.698765894E1,5.210625076E1,-1.786875153E1,-3.590625000E1
7.699765894E1,5.201250076E1,-1.693125153E1,-3.615000153E1
7.700765894E1,4.258125305E1,-1.790625000E1,-2.763750076E1
7.701765894E1,3.270000076E1,-1.916250038E1,-2.236875153E1
7.702765894E1,3.328125000E1,-1.848750114E1,-2.229375076E1
7.703765894E1,4.104375076E1,-2.077500153E1,-3.097500038E1
7.704765894E1,5.208750153E1,-1.820625114E1,-3.650625229E1
7.705765894E1,5.225625229E1,-1.751250076E1,-3.453750229E1
7.706765894E1,4.348125076E1,-1.704375076E1,-2.694375038E1
7.707765894E1,3.459375000E1,-1.650000000E1,-2.184375000E1
7.708765894E1,3.296250153E1,-1.910625076E1,-2.098125076E1
7.709765894E1,4.308750153E1,-1.951875114E1,-2.970000076E1
7.710765894E1,5.233125305E1,-1.785000038E1,-3.592500305E1
7.711765894E1,5.401875305E1,-1.726875114E1,-3.506250000E1
7.712765894E1,4.290000153E1,-1.531875038E1,-2.566875076E1
7.713765894E1,3.399375153E1,-1.633125114E1,-2.013750076E1
7.714765894E1,3.153750038E1,-1.811250114E1,-2.212500000E1
7.715765894E1,4.218750000E1,-1.811250114E1,-2.808750153E1
7.716765894E1,5.201250076E1,-1.691250038E1,-3.553125000E1
7.717765894E1,5.227500153E1,-1.623750114E1,-3.433125305E1
7.718765894E1,4.275000000E1,-1.505625057E1,-2.756250191E1
7.719765894E1,3.202500153E1,-1.681875038E1,-2.193750000E1
7.720765894E1,3.189375114E1,-1.745625114E1,-2.203125000E1
7.721765894E1,3.999375153E1,-1.826250076E1,-2.881875038E1
7.722765894E1,4.882500076E1,-1.835625076E1,-3.457500076E1
7.723765894E1,5.154375076E1,-1.644375038E1,-3.414375305E1
7.724765894E1,4.241250229E1,-1.717500114E1,-2.910000038E1
7.725765894E1,3.076875114E1,-1.903125000E1,-1.923750114E1
7.726765894E1,3.001875114E1,-1.927500153E1,-2.013750076E1
7.727765894E1,4.100625229E1,-1.644375038E1,-2.835000038E1
7.728765894E1,5.025000381E1,-1.571250057E1,-3.388125229E1
7.729765894E1,5.133750153E1,-1.486875057E1,-3.427500153E1
7.730765894E1,4.194375229E1,-1.666875076E1,-2.711250114E1
7.731765894E1,3.268125153E1,-1.659375000E1,-2.056875038E1
7.732765894E1,3.078750038E1,-1.747500038E1,-2.013750076E1
7.733765894E1,4.044375229E1,-1.824375153E1,-2.913750076E1
7.734765894E1,5.100000381E1,-1.698750114E1,-3.549375153E1
7.735765894E1,5.317500305E1,-1.681875038E1,-3.429375076E1
7.736765894E1,4.265625000E1,-1.535625076E1,-2.643750191E1
7.737765894E1,3.399375153E1,-1.479375076E1,-2.135625076E1
7.738765894E1,3.136875153E1,-1.920000076E1,-2.062500000E1
7.739765894E1,4.102500153E1,-1.726875114E1,-2.985000038E1
7.740765894E1,5.206875229E1,-1.770000076E1,-3.545625305E1
7.741765894E1,5.240625381E1,-1.560000038E1,-3.423750305E1
7.742765894E1,4.308750153E1,-1.350000095E1,-2.956875038E1
7.743765894E1,3.433125305E1,-1.747500038E1,-2.191875076E1
7.744765894E1,3.161250114E1,-1.940625000E1,-2.326875114E1
7.745765894E1,4.081875229E1,-1.779375076E1,-3.090000153E1
7.746765894E1,5.066250229E1,-1.635000038E1,-3.508125305E1
7.747765894E1,5.251875305E1,-1.590000057E1,-3.390000153E1
7.748765894E1,4.389375305E1,-1.468125057E1,-2.808750153E1
7.749765894E1,3.393750000E1,-1.640625000E1,-2.263125038E1
7.750765894E1,3.127500153E1,-1.826250076E1,-2.086875153E1
7.751765894E1,4.093125153E1,-1.785000038E1,-2.776875114E1
7.752765894E1,5.113125229E1,-1.665000153E1,-3.506250000E1
7.753765894E1,5.364375305E1,-1.616250038E1,-3.483750153E1
7.754765894E1,4.336875153E1,-1.518750095E1,-2.818125153E1
7.755765894E1,3.251250076E1,-1.706250000E1,-1.989375114E1
7.756765894E1,3.069375038E1,-1.861875153E1,-2.083125114E1
7.757765894E1,3.905625153E1,-1.936875153E1,-2.683125114E1
7.758765894E1,4.981875229E1,-1.687500000E1,-3.487500000E1
7.759765894E1,5.223750305E1,-1.629375076E1,-3.667500305E1
7.760765894E1,4.243125153E1,-1.713750076E1,-2.769375038E1
7.761765894E1,3.425625229E1,-1.558125019E1,-2.206875038E1
7.762765894E1,3.071250153E1,-1.882500076E1,-2.283750153E1
7.763765894E1,4.102500153E1,-1.820625114E1,-2.915625191E1
7.764765894E1,4.893750381E1,-1.771875000E1,-3.510000229E1
7.765765894E1,5.272500229E1,-1.530000019E1,-3.583125305E1
7.766765894E1,4.455000305E1,-1.530000019E1,-2.913750076E1
7.767765894E1,3.303750229E1,-1.706250000E1,-2.176875114E1
7.768765894E1,3.178125191E1,-1.871250153E1,-2.100000000E1
7.769765894E1,4.050000000E1,-1.818750000E1,-2.696250153E1
7.770765894E1,5.051250076E1,-1.826250076E1,-3.538125229E1
7.771765894E1,5.330625153E1,-1.670625114E1,-3.650625229E1
7.772765894E1,4.297500229E1,-1.807500076E1,-2.857500076E1
7.773765894E1,3.401250076E1,-1.715625000E1,-2.115000153E1
7.774765894E1,3.245625305E1,-1.835625076E1,-2.133750153E1
7.775765894E1,3.911250305E1,-1.981875038E1,-2.602500153E1
7.776765894E1,5.070000076E1,-1.653750038E1,-3.600000000E1
7.777765894E1,5.250000381E1,-1.531875038E1,-3.581250000E1
7.778765894E1,4.458750153E1,-1.576875019E1,-2.910000038E1
7.779765894E1,3.185625076E1,-1.996875000E1,-2.120625114E1
7.780765894E1,3.185625076E1,-1.996875000E1,-2.120625114E1
7.781765894E1,4.001250076E1,-1.918125153E1,-2.748750114E1
7.782765894E1,4.987500381E1,-1.700625038E1,-3.423750305E1
7.783765894E1,5.188125229E1,-1.758750153E1,-3.641250229E1
7.784765894E1,4.237500000E1,-1.813125038E1,-2.964375114E1
7.785765894E1,3.371250153E1,-1.951875114E1,-2.002500153E1
7.786765894E1,2.986875153E1,-1.940625000E1,-1.918125153E1
7.787765894E1,3.988125229E1,-1.865625000E1,-2.581875038E1
7.788765894E1,5.043750381E1,-1.460625076E1,-3.397500229E1
7.789765894E1,5.034375381E1,-1.490625095E1,-3.316875076E1
7.790765894E1,4.351875305E1,-1.576875019E1,-2.611875153E1
7.791765894E1,3.262500000E1,-1.818750000E1,-2.120625114E1
7.792765894E1,2.940000153E1,-1.820625114E1,-2.068125153E1
7.793765894E1,3.868125153E1,-1.725000000E1,-2.998125076E1
7.794765894E1,4.972500229E1,-1.676250076E1,-3.660000229E1
7.795765894E1,5.100000381E1,-1.875000000E1,-3.691875076E1
7.796765894E1,4.323750305E1,-2.064375114E1,-3.039375114E1
7.797765894E1,3.823125076E1,-1.867500114E1,-2.235000038E1
7.798765894E1,3.823125076E1,-1.621875000E1,-2.505000114E1
7.799765894E1,4.038750076E1,-1.715625000E1,-3.031875038E1
7.800765894E1,3.990000153E1,-2.062500000E1,-2.861250114E1
7.801765894E1,3.978750229E1,-2.289375114E1,-2.373750114E1
7.802765894E1,4.267500305E1,-2.390625000E1,-2.088750076E1
7.803765894E1,4.801875305E1,-2.135625076E1,-2.664375114E1
7.804765894E1,5.126250076E1,-1.845000076E1,-3.195000076E1
7.805765894E1,4.681875229E1,-1.470000076E1,-3.594375229E1
7.806765894E1,3.744375229E1,-1.646250153E1,-2.673750114E1
7.807765894E1,3.414375305E1,-1.837500000E1,-1.980000114E1
7.808765894E1,3.858750153E1,-1.925625038E1,-2.120625114E1
7.809765894E1,4.796250153E1,-1.880625153E1,-2.593125153E1
7.810765894E1,5.396250153E1,-1.657500076E1,-3.277500153E1
7.811765894E1,4.980000305E1,-1.511250019E1,-3.406875229E1
7.812765894E1,4.241250229E1,-1.537500095E1,-2.722500038E1
7.813765894E1,3.654375076E1,-1.597500038E1,-2.396250153E1
7.814765894E1,3.862500000E1,-1.858125114E1,-1.985625076E1
7.815765894E1,4.740000153E1,-1.790625000E1,-2.645625114E1
7.816765894E1,5.300625229E1,-1.552500057E1,-3.315000153E1
7.817765894E1,4.976250076E1,-1.546875095E1,-3.575625229E1
7.818765894E1,3.510000229E1,-1.725000000E1,-2.101875114E1
7.819765894E1,3.510000229E1,-1.725000000E1,-2.101875114E1
7.820765894E1,3.699375153E1,-1.696875000E1,-2.090625000E1
7.821765894E1,4.500000000E1,-1.681875038E1,-2.745000076E1
7.822765894E1,4.989375305E1,-1.700625038E1,-3.391875076E1
7.823765894E1,4.880625153E1,-1.567500019E1,-3.480000305E1
7.824765894E1,4.173750305E1,-1.318125057E1,-3.208125305E1
7.825765894E1,3.603750229E1,-1.831875038E1,-2.203125000E1
7.826765894E1,3.603750229E1,-1.831875038E1,-2.203125000E1
7.827765894E1,5.143125153E1,-1.582500076E1,-3.435000229E1
7.828765894E1,4.912500381E1,-1.505625057E1,-3.656250000E1
7.829765894E1,4.130625153E1,-1.741875076E1,-2.968125153E1
7.830765894E1,3.517500305E1,-1.721250153E1,-2.632500076E1
7.831765894E1,3.701250076E1,-1.809375000E1,-2.143125153E1
7.832765894E1,4.417500305E1,-1.760625076E1,-2.550000191E1
7.833765894E1,5.013750076E1,-1.756875038E1,-3.215625000E1
7.834765894E1,4.972500229E1,-1.498125076E1,-3.502500153E1
7.835765894E1,4.076250076E1,-1.826250076E1,-3.071250153E1
7.836765894E1,3.543750000E1,-1.747500038E1,-2.443125153E1
7.837765894E1,3.598125076E1,-1.661250114E1,-2.341875076E1
7.838765894E1,4.209375000E1,-1.715625000E1,-2.769375038E1
7.839765894E1,4.807500076E1,-1.710000038E1,-3.356250000E1
7.840765894E1,4.783125305E1,-1.590000057E1,-3.523125076E1
7.841765894E1,4.192500305E1,-1.537500095E1,-3.189375114E1
7.842765894E1,3.461250305E1,-1.608750153E1,-2.422500038E1
7.843765894E1,3.515625000E1,-1.648125076E1,-2.216250038E1
7.844765894E1,4.066875076E1,-1.708125114E1,-2.782500076E1
7.845765894E1,4.788750076E1,-1.365000057E1,-3.433125305E1
7.846765894E1,4.653750229E1,-1.415625095E1,-3.864375305E1
7.847765894E1,4.181250000E1,-1.445625019E1,-3.290625000E1
7.848765894E1,3.502500153E1,-1.488750076E1,-2.730000114E1
7.849765894E1,3.470625305E1,-1.856250000E1,-2.214375114E1
7.850765894E1,4.055625153E1,-1.893750000E1,-2.611875153E1
7.851765894E1,4.753125000E1,-1.863750076E1,-3.031875038E1
7.852765894E1,4.586250305E1,-1.852500153E1,-3.451875305E1
7.853765894E1,3.892500305E1,-1.753125000E1,-2.917500114E1
7.854765894E1,3.331875229E1,-1.713750076E1,-2.505000114E1
7.855765894E1,3.326250076E1,-1.953750038E1,-2.000625038E1
7.856765894E1,4.121250153E1,-1.901250076E1,-2.439375114E1
7.857765894E1,4.636875153E1,-1.781250000E1,-3.286875153E1
7.858765894E1,4.635000229E1,-1.785000038E1,-3.363750076E1
7.859765894E1,4.061250305E1,-1.537500095E1,-2.891250038E1
7.860765894E1,3.384375000E1,-1.756875038E1,-2.439375114E1
7.861765894E1,3.556875229E1,-2.023125076E1,-2.107500076E1
7.862765894E1,4.068750000E1,-1.951875114E1,-2.403750038E1
7.863765894E1,4.773750305E1,-1.687500000E1,-3.030000114E1
7.864765894E1,4.741875076E1,-1.618125153E1,-3.270000076E1
7.865765894E1,4.014375305E1,-1.511250019E1,-3.001875114E1
7.866765894E1,3.438750076E1,-1.608750153E1,-2.343750000E1
7.867765894E1,3.442500305E1,-1.603125000E1,-2.156250000E1
7.868765894E1,3.881250000E1,-1.831875038E1,-2.223750114E1
7.869765894E1,4.563750076E1,-1.621875000E1,-3.031875038E1
7.870765894E1,4.670625305E1,-1.417500019E1,-3.331875229E1
7.871765894E1,4.095000076E1,-1.537500095E1,-2.970000076E1
7.872765894E1,3.466875076E1,-1.644375038E1,-2.606250191E1
7.873765894E1,3.388125229E1,-1.696875000E1,-1.946250153E1
7.874765894E1,3.946875000E1,-1.893750000E1,-2.343750000E1
7.875765894E1,4.563750076E1,-1.747500038E1,-2.990625191E1
7.876765894E1,4.781250000E1,-1.590000057E1,-3.570000076E1
7.877765894E1,3.958125305E1,-1.723125076E1,-3.108750153E1
7.878765894E1,3.532500076E1,-1.831875038E1,-2.623125076E1
7.879765894E1,3.472500229E1,-1.856250000E1,-2.182500076E1
7.880765894E1,3.950625229E1,-1.996875000E1,-2.664375114E1
7.881765894E1,4.507500076E1,-1.955625153E1,-2.988750076E1
7.882765894E1,4.719375229E1,-1.794375038E1,-3.348750305E1
7.883765894E1,4.080000305E1,-1.719375038E1,-3.219375229E1
7.884765894E1,3.440625000E1,-1.743750000E1,-2.724375153E1
7.885765894E1,3.423750305E1,-1.809375000E1,-2.124375153E1
7.886765894E1,3.958125305E1,-1.770000076E1,-2.448750114E1
7.887765894E1,4.580625153E1,-1.854375076E1,-2.872500038E1
7.888765894E1,4.691250229E1,-1.719375038E1,-3.463125229E1
7.889765894E1,4.132500076E1,-1.822500038E1,-3.071250153E1
7.890765894E1,3.401250076E1,-1.582500076E1,-2.518125153E1
7.891765894E1,3.448125076E1,-1.640625000E1,-2.418750191E1
7.892765894E1,4.111875153E1,-1.591875076E1,-2.638125038E1
7.893765894E1,4.749375153E1,-1.691250038E1,-3.106875038E1
7.894765894E1,4.685625076E1,-1.702500153E1,-3.403125000E1
7.895765894E1,4.295625305E1,-1.460625076E1,-3.526875305E1
7.896765894E1,3.663750076E1,-1.561875057E1,-2.883750153E1
7.897765894E1,3.553125000E1,-1.715625000E1,-2.493750191E1
7.898765894E1,4.160625076E1,-1.886250114E1,-2.505000114E1
7.899765894E1,4.886250305E1,-1.828125000E1,-3.223125076E1
7.900765894E1,4.942500305E1,-1.848750114E1,-3.551250076E1
7.901765894E1,4.361250305E1,-1.678125000E1,-3.493125153E1
7.902765894E1,3.669375229E1,-1.822500038E1,-2.626875114E1
7.903765894E1,3.570000076E1,-2.040000153E1,-2.231250000E1
7.904765894E1,4.190625000E1,-1.865625000E1,-2.443125153E1
7.905765894E1,4.800000000E1,-1.745625114E1,-2.821875191E1
7.906765894E1,4.884375381E1,-1.801875114E1,-3.397500229E1
7.907765894E1,4.603125000E1,-1.606875038E1,-3.127500153E1
7.908765894E1,4.012500000E1,-1.591875076E1,-2.448750114E1
7.909765894E1,3.684375000E1,-1.846875000E1,-2.375625038E1
7.910765894E1,4.141875076E1,-1.758750153E1,-2.420625114E1
7.911765894E1,4.882500076E1,-1.758750153E1,-2.917500114E1
7.912765894E1,4.933125305E1,-1.608750153E1,-3.414375305E1
7.913765894E1,4.520625305E1,-1.466250038E1,-3.060000038E1
7.914765894E1,3.905625153E1,-1.363125038E1,-2.544375038E1
7.915765894E1,3.740625000E1,-1.698750114E1,-2.231250000E1
7.916765894E1,4.226250076E1,-1.676250076E1,-2.506875038E1
7.917765894E1,4.805625153E1,-1.543125057E1,-3.011250114E1
7.918765894E1,4.916250229E1,-1.479375076E1,-3.221250153E1
7.919765894E1,4.543125153E1,-1.372500038E1,-3.131250191E1
7.920765894E1,3.780000305E1,-1.520625019E1,-2.778750038E1
7.921765894E1,3.603750229E1,-1.616250038E1,-2.409375191E1
7.922765894E1,4.012500000E1,-1.708125114E1,-2.626875114E1
7.923765894E1,4.595625305E1,-1.747500038E1,-3.069375038E1
7.924765894E1,4.723125076E1,-1.689375114E1,-3.575625229E1
7.925765894E1,4.301250076E1,-1.629375076E1,-3.356250000E1
7.926765894E1,3.652500153E1,-1.893750000E1,-2.870625114E1
7.927765894E1,3.435000229E1,-1.923750114E1,-2.302500153E1
7.928765894E1,3.931875229E1,-1.815000153E1,-2.319375038E1
7.929765894E1,4.567500305E1,-1.796250153E1,-3.033750153E1
7.930765894E1,4.753125000E1,-1.764375114E1,-3.461250305E1
7.931765894E1,4.366875076E1,-1.636875153E1,-3.183750153E1
7.932765894E1,3.676875305E1,-1.620000076E1,-2.705625153E1
7.933765894E1,3.600000000E1,-1.691250038E1,-2.246250153E1
7.934765894E1,3.995625305E1,-1.723125076E1,-2.578125191E1
7.935765894E1,4.642500305E1,-1.773750114E1,-2.958750153E1
7.936765894E1,4.794375229E1,-1.618125153E1,-3.457500076E1
7.937765894E1,4.267500305E1,-1.516875076E1,-3.178125191E1
7.938765894E1,3.723750305E1,-1.738125038E1,-2.493750191E1
7.939765894E1,3.427500153E1,-1.732500076E1,-2.208750153E1
7.940765894E1,3.823125076E1,-1.798125076E1,-2.615625191E1
7.941765894E1,4.440000153E1,-1.865625000E1,-3.009375191E1
7.942765894E1,4.530000305E1,-1.762500000E1,-3.504375076E1
7.943765894E1,4.318125153E1,-1.500000095E1,-3.226875305E1
7.944765894E1,3.693750000E1,-1.477500057E1,-2.812500191E1
7.945765894E1,3.466875076E1,-1.745625114E1,-2.223750114E1
7.946765894E1,3.847500229E1,-1.920000076E1,-2.480625153E1
7.947765894E1,4.436250305E1,-1.818750000E1,-2.983125114E1
7.948765894E1,4.713750076E1,-1.625625038E1,-3.519375229E1
7.949765894E1,4.276875305E1,-1.548750019E1,-3.206250000E1
7.950765894E1,3.517500305E1,-1.629375076E1,-2.733750153E1
7.951765894E1,3.543750000E1,-1.661250114E1,-2.201250076E1
7.952765894E1,3.776250076E1,-1.841250038E1,-2.330625153E1
7.953765894E1,4.321875000E1,-1.886250114E1,-2.913750076E1
7.954765894E1,4.608750153E1,-1.726875114E1,-3.571875000E1
7.955765894E1,4.284375000E1,-1.625625038E1,-3.121875191E1
7.956765894E1,3.648750305E1,-1.696875000E1,-2.621250153E1
7.957765894E1,3.453750229E1,-1.635000038E1,-2.201250076E1
7.958765894E1,3.864375305E1,-1.903125000E1,-2.497500038E1
7.959765894E1,4.346250153E1,-1.760625076E1,-3.016875076E1
7.960765894E1,4.666875076E1,-1.753125000E1,-3.476250076E1
7.961765894E1,4.100625229E1,-1.751250076E1,-3.296250153E1
7.962765894E1,3.579375076E1,-1.732500076E1,-2.617500114E1
7.963765894E1,3.429375076E1,-1.908750153E1,-2.287500000E1
7.964765894E1,3.710625076E1,-1.833750153E1,-2.533125114E1
7.965765894E1,4.389375305E1,-2.008125114E1,-2.857500076E1
7.966765894E1,4.505625153E1,-1.826250076E1,-3.498750305E1
7.967765894E1,4.068750000E1,-1.813125038E1,-3.196875191E1
7.968765894E1,3.613125229E1,-1.730625153E1,-2.617500114E1
7.969765894E1,3.463125229E1,-1.843125153E1,-2.340000153E1
7.970765894E1,3.813750076E1,-1.981875038E1,-2.381250000E1
7.971765894E1,4.477500153E1,-2.038125038E1,-3.011250114E1
7.972765894E1,4.590000153E1,-1.846875000E1,-3.264375305E1
7.973765894E1,4.216875076E1,-1.710000038E1,-3.223125076E1
7.974765894E1,3.761250305E1,-1.755000114E1,-2.664375114E1
7.975765894E1,3.483750153E1,-1.978125000E1,-2.094375038E1
7.976765894E1,4.093125153E1,-1.803750038E1,-2.244375038E1
7.977765894E1,4.620000076E1,-1.959375000E1,-2.786250114E1
7.978765894E1,4.824375153E1,-1.786875153E1,-3.273750305E1
7.979765894E1,4.391250229E1,-1.695000076E1,-3.039375114E1
7.980765894E1,3.881250000E1,-1.616250038E1,-2.428125191E1
7.981765894E1,3.686250305E1,-1.730625153E1,-2.150625038E1
7.982765894E1,3.995625305E1,-1.771875000E1,-2.026875114E1
7.983765894E1,4.616250229E1,-1.693125153E1,-2.887500191E1
7.984765894E1,4.758750153E1,-1.601250076E1,-3.286875153E1
7.985765894E1,4.423125076E1,-1.614375114E1,-3.015000153E1
7.986765894E1,3.856875229E1,-1.556250095E1,-2.557500076E1
7.987765894E1,3.641250229E1,-1.680000114E1,-1.873125076E1
7.988765894E1,3.875625229E1,-1.818750000E1,-2.285625076E1
7.989765894E1,4.458750153E1,-1.816875076E1,-3.015000153E1
7.990765894E1,4.593750000E1,-1.593750095E1,-3.270000076E1
7.991765894E1,4.138125229E1,-1.623750114E1,-3.322500229E1
7.992765894E1,3.847500229E1,-1.455000019E1,-2.878125191E1
7.993765894E1,3.581250000E1,-1.710000038E1,-2.306250000E1
7.994765894E1,3.673125076E1,-1.839375114E1,-2.656875038E1
7.995765894E1,4.344375229E1,-1.732500076E1,-3.161250114E1
7.996765894E1,4.584375000E1,-1.732500076E1,-3.680625153E1
7.997765894E1,4.213125229E1,-1.871250153E1,-3.333750153E1
7.998765894E1,3.768750000E1,-1.726875114E1,-2.808750153E1
7.999765894E1,3.453750229E1,-1.905000114E1,-2.210625076E1
8.000765894E1,3.918750000E1,-2.025000000E1,-2.473125076E1
8.001765894E1,4.710000229E1,-1.854375076E1,-3.202500153E1
8.002765894E1,4.816875076E1,-1.773750114E1,-3.367500305E1
8.003765894E1,4.593750000E1,-1.719375038E1,-3.196875191E1
8.004765894E1,3.986250305E1,-1.837500000E1,-2.709375191E1
8.005765894E1,3.804375076E1,-1.771875000E1,-2.148750114E1
8.006765894E1,4.087500000E1,-1.880625153E1,-2.128125000E1
8.007765894E1,4.882500076E1,-1.687500000E1,-3.266250229E1
8.008765894E1,4.882500076E1,-1.687500000E1,-3.266250229E1
8.009765894E1,4.597500229E1,-1.591875076E1,-3.144375038E1
8.010765894E1,3.684375000E1,-1.608750153E1,-2.332500076E1
8.011765894E1,3.684375000E1,-1.608750153E1,-2.332500076E1
8.012765894E1,4.164375305E1,-1.610625076E1,-2.261250114E1
8.013765894E1,4.779375076E1,-1.462500095E1,-2.908125114E1
8.014765894E1,4.674375153E1,-1.320000076E1,-3.247500229E1
8.015765894E1,4.674375153E1,-1.320000076E1,-3.247500229E1
8.016765894E1,3.911250305E1,-1.411875057E1,-2.540625191E1
8.017765894E1,4.003125000E1,-1.520625019E1,-2.718750191E1
8.018765894E1,4.552500153E1,-1.530000019E1,-3.103125191E1
8.019765894E1,4.938750076E1,-1.368750095E1,-3.903750229E1
8.020765894E1,4.650000000E1,-1.398750019E1,-3.817500305E1
8.021765894E1,4.218750000E1,-1.222500038E1,-3.341250229E1
8.022765894E1,3.870000076E1,-1.453125095E1,-2.880000114E1
8.023765894E1,3.945000076E1,-1.524375057E1,-2.748750114E1
8.024765894E1,4.586250305E1,-1.498125076E1,-3.183750153E1
8.025765894E1,4.756875229E1,-1.843125153E1,-3.485625076E1
8.026765894E1,4.548750305E1,-1.565625095E1,-3.301875305E1
8.027765894E1,4.042500305E1,-1.588125038E1,-2.996250153E1
8.028765894E1,3.436875153E1,-1.766250038E1,-2.315625000E1
8.029765894E1,3.793125153E1,-1.648125076E1,-2.268750000E1
8.030765894E1,4.350000000E1,-1.631250000E1,-2.919375038E1
8.031765894E1,4.475625229E1,-1.886250114E1,-3.258750153E1
8.032765894E1,4.513125229E1,-1.601250076E1,-3.376875305E1
8.033765894E1,3.937500000E1,-1.689375114E1,-2.970000076E1
8.034765894E1,3.573750305E1,-1.625625038E1,-2.703750038E1
8.035765894E1,3.521250153E1,-1.646250153E1,-2.795625114E1
8.036765894E1,4.338750076E1,-1.591875076E1,-3.202500153E1
8.037765894E1,4.590000153E1,-1.531875038E1,-3.885000229E1
8.038765894E1,4.329375076E1,-1.582500076E1,-3.453750229E1
8.039765894E1,3.905625153E1,-1.743750000E1,-3.168750191E1
8.040765894E1,3.592500305E1,-1.753125000E1,-2.788125038E1
8.041765894E1,3.613125229E1,-1.950000000E1,-2.490000153E1
8.042765894E1,4.080000305E1,-1.998750114E1,-3.041250038E1
8.043765894E1,4.515000153E1,-1.775625038E1,-3.378750229E1
8.044765894E1,4.222500229E1,-1.905000114E1,-3.393750000E1
8.045765894E1,3.840000153E1,-1.657500076E1,-2.767500114E1
8.046765894E1,3.234375000E1,-2.043750000E1,-2.210625076E1
8.047765894E1,3.628125000E1,-1.758750153E1,-2.475000191E1
8.048765894E1,4.168125153E1,-1.590000057E1,-2.685000038E1
8.049765894E1,4.516875076E1,-1.813125038E1,-2.953125191E1
8.050765894E1,4.338750076E1,-1.593750095E1,-3.281250000E1
8.051765894E1,3.933750153E1,-1.620000076E1,-2.694375038E1
8.052765894E1,3.519375229E1,-1.695000076E1,-2.212500000E1
8.053765894E1,3.922500229E1,-1.449375057E1,-2.223750114E1
8.054765894E1,4.126875305E1,-1.576875019E1,-2.701875114E1
8.055765894E1,4.593750000E1,-1.719375038E1,-3.196875191E1
8.056765894E1,4.426875305E1,-1.507500076E1,-3.211875153E1
8.057765894E1,3.993750000E1,-1.511250019E1,-2.923125076E1
8.058765894E1,3.570000076E1,-1.700625038E1,-2.542500114E1
8.059765894E1,3.750000000E1,-1.938750076E1,-2.415000153E1
8.060765894E1,4.243125153E1,-1.713750076E1,-2.769375038E1
8.061765894E1,4.593750000E1,-1.813125038E1,-3.125625038E1
8.062765894E1,4.526250076E1,-1.629375076E1,-3.266250229E1
8.063765894E1,4.087500000E1,-1.616250038E1,-2.962500191E1
8.064765894E1,3.759375000E1,-1.734375000E1,-2.448750114E1
8.065765894E1,3.663750076E1,-1.878750038E1,-2.278125000E1
8.066765894E1,4.076250076E1,-1.893750000E1,-2.658750153E1
8.067765894E1,4.558125305E1,-1.753125000E1,-3.208125305E1
8.068765894E1,4.513125229E1,-1.599375057E1,-3.300000000E1
8.069765894E1,4.046250153E1,-1.728750038E1,-2.906250191E1
8.070765894E1,3.815625000E1,-1.824375153E1,-2.394375038E1
8.071765894E1,3.885000229E1,-1.880625153E1,-2.296875000E1
8.072765894E1,4.241250229E1,-1.809375000E1,-2.808750153E1
8.073765894E1,4.732500076E1,-1.831875038E1,-3.001875114E1
8.074765894E1,4.646250153E1,-1.668750000E1,-3.185625076E1
8.075765894E1,4.085625076E1,-1.773750114E1,-2.902500153E1
8.076765894E1,3.776250076E1,-1.841250038E1,-2.330625153E1
8.077765894E1,3.986250305E1,-1.886250114E1,-2.094375038E1
8.078765894E1,4.140000153E1,-1.758750153E1,-2.452500153E1
8.079765894E1,4.591875076E1,-1.550625038E1,-2.820000076E1
8.080765894E1,4.486875153E1,-1.500000095E1,-3.056250191E1
8.081765894E1,4.128750229E1,-1.719375038E1,-2.767500114E1
8.082765894E1,3.845625305E1,-1.681875038E1,-2.437500191E1
8.083765894E1,3.836250305E1,-1.627500153E1,-2.145000076E1
8.084765894E1,4.241250229E1,-1.571250057E1,-2.735625076E1
8.085765894E1,4.638750076E1,-1.601250076E1,-3.050625038E1
8.086765894E1,4.528125000E1,-1.565625095E1,-3.225000000E1
8.087765894E1,4.209375000E1,-1.644375038E1,-3.071250153E1
8.088765894E1,3.937500000E1,-1.396875095E1,-2.634375191E1
8.089765894E1,3.838125229E1,-1.708125114E1,-2.248125076E1
8.090765894E1,4.050000000E1,-1.723125076E1,-2.718750191E1
8.091765894E1,4.567500305E1,-1.693125153E1,-3.386250305E1
8.092765894E1,4.468125153E1,-1.479375076E1,-3.403125000E1
8.093765894E1,4.205625153E1,-1.650000000E1,-3.320625305E1
8.094765894E1,3.855000305E1,-1.736250114E1,-2.761875153E1
8.095765894E1,3.770625305E1,-1.850625038E1,-2.673750114E1
8.096765894E1,4.132500076E1,-1.914375114E1,-2.970000076E1
8.097765894E1,4.462500000E1,-1.794375038E1,-3.391875076E1
8.098765894E1,4.588125229E1,-1.758750153E1,-3.474375153E1
8.099765894E1,4.177500153E1,-1.728750038E1,-3.251250076E1
8.100765894E1,3.952500153E1,-1.599375057E1,-2.602500153E1
8.101765894E1,3.849375153E1,-1.916250038E1,-2.371875000E1
8.102765894E1,4.096875000E1,-1.929375076E1,-2.795625114E1
8.103765894E1,4.398750305E1,-1.730625153E1,-3.223125076E1
8.104765894E1,4.530000305E1,-1.732500076E1,-3.538125229E1
8.105765894E1,4.081875229E1,-1.895625114E1,-3.300000000E1
8.106765894E1,3.871875000E1,-1.721250153E1,-2.810625076E1
8.107765894E1,3.856875229E1,-1.890000153E1,-2.593125153E1
8.108765894E1,4.050000000E1,-1.818750000E1,-2.696250153E1
8.109765894E1,4.516875076E1,-1.751250076E1,-3.020625114E1
8.110765894E1,4.528125000E1,-1.711875153E1,-3.367500305E1
8.111765894E1,4.258125305E1,-1.816875076E1,-3.105000114E1
8.112765894E1,3.982500076E1,-1.518750095E1,-2.610000038E1
8.113765894E1,3.800625229E1,-1.839375114E1,-2.298750114E1
8.114765894E1,4.110000229E1,-1.809375000E1,-2.510625076E1
8.115765894E1,4.335000229E1,-1.792500114E1,-2.953125191E1
8.116765894E1,4.483125305E1,-1.775625038E1,-3.300000000E1
8.117765894E1,4.286250305E1,-1.738125038E1,-3.191250038E1
8.118765894E1,3.810000229E1,-1.685625076E1,-2.546250153E1
8.119765894E1,3.785625076E1,-1.636875153E1,-2.409375191E1
8.120765894E1,4.063125229E1,-1.783125114E1,-2.589375114E1
8.121765894E1,4.338750076E1,-1.693125153E1,-2.820000076E1
8.122765894E1,4.393125153E1,-1.717500114E1,-3.256875229E1
8.123765894E1,4.186875153E1,-1.438125038E1,-3.026250076E1
8.124765894E1,3.901875305E1,-1.524375057E1,-2.640000153E1
8.125765894E1,3.789375305E1,-1.631250000E1,-2.221875000E1
8.126765894E1,4.166250229E1,-1.569375038E1,-2.514375114E1
8.127765894E1,4.338750076E1,-1.569375038E1,-2.923125076E1
8.128765894E1,4.310625076E1,-1.640625000E1,-3.183750153E1
8.129765894E1,4.245000076E1,-1.395000076E1,-3.281250000E1
8.130765894E1,3.828750229E1,-1.421250057E1,-2.724375153E1
8.131765894E1,3.708750153E1,-1.659375000E1,-2.531250191E1
8.132765894E1,3.920625305E1,-1.653750038E1,-2.769375038E1
8.133765894E1,4.344375229E1,-1.730625153E1,-3.082500076E1
8.134765894E1,4.520625305E1,-1.635000038E1,-3.483750153E1
8.135765894E1,4.070625305E1,-1.925625038E1,-3.234375000E1
8.136765894E1,3.858750153E1,-1.816875076E1,-2.818125153E1
8.137765894E1,3.778125000E1,-1.839375114E1,-2.298750114E1
8.138765894E1,4.083750153E1,-1.970625114E1,-2.574375153E1
8.139765894E1,4.269375229E1,-1.906875038E1,-3.003750038E1
8.140765894E1,4.361250305E1,-1.893750000E1,-3.288750076E1
8.141765894E1,4.241250229E1,-1.770000076E1,-3.093750191E1
8.142765894E1,3.984375000E1,-1.693125153E1,-2.641875076E1
8.143765894E1,3.826875305E1,-1.740000153E1,-2.214375114E1
8.144765894E1,3.958125305E1,-1.770000076E1,-2.448750114E1
8.145765894E1,4.363125229E1,-2.013750076E1,-3.043125153E1
8.146765894E1,4.543125153E1,-1.790625000E1,-3.393750000E1
8.147765894E1,4.380000305E1,-1.674375153E1,-2.806875038E1
8.148765894E1,4.035000229E1,-1.612500000E1,-2.696250153E1
8.149765894E1,3.886875153E1,-1.785000038E1,-2.289375114E1
8.150765894E1,4.044375229E1,-1.623750114E1,-2.493750191E1
8.151765894E1,4.563750076E1,-1.715625000E1,-2.977500153E1
8.152765894E1,4.651875305E1,-1.683750153E1,-3.168750191E1
8.153765894E1,4.462500000E1,-1.440000057E1,-3.123750114E1
8.154765894E1,4.072500229E1,-1.545000076E1,-2.610000038E1
8.155765894E1,3.879375076E1,-1.773750114E1,-2.415000153E1
8.156765894E1,4.143750000E1,-1.683750153E1,-2.613750076E1
8.157765894E1,4.411875153E1,-1.852500153E1,-3.026250076E1
8.158765894E1,4.580625153E1,-1.875000000E1,-3.105000114E1
8.159765894E1,4.378125000E1,-1.760625076E1,-3.095625114E1
8.160765894E1,4.008750153E1,-1.711875153E1,-2.782500076E1
8.161765894E1,3.890625000E1,-1.648125076E1,-2.505000114E1
8.162765894E1,4.115625000E1,-1.730625153E1,-2.548125076E1
8.163765894E1,4.201875305E1,-1.700625038E1,-2.816250038E1
8.164765894E1,4.408125305E1,-1.702500153E1,-3.382500076E1
8.165765894E1,4.278750229E1,-1.702500153E1,-3.037500191E1
8.166765894E1,4.076250076E1,-1.625625038E1,-2.681250191E1
8.167765894E1,3.789375305E1,-1.807500076E1,-2.302500153E1
8.168765894E1,3.840000153E1,-1.905000114E1,-2.529375076E1
8.169765894E1,4.183125305E1,-1.721250153E1,-2.908125114E1
8.170765894E1,4.451250076E1,-1.588125038E1,-3.283125305E1
8.171765894E1,4.451250076E1,-1.535625076E1,-3.101250076E1
8.172765894E1,4.188750076E1,-1.496250057E1,-2.818125153E1
8.173765894E1,3.909375000E1,-1.629375076E1,-2.443125153E1
8.174765894E1,4.065000153E1,-1.687500000E1,-2.581875038E1
8.175765894E1,4.342500305E1,-1.711875153E1,-2.958750153E1
8.176765894E1,4.423125076E1,-1.788750076E1,-3.063750076E1
8.177765894E1,4.434375000E1,-1.580625057E1,-2.986875153E1
8.178765894E1,4.145625305E1,-1.610625076E1,-2.885625076E1
8.179765894E1,3.866250229E1,-1.807500076E1,-2.490000153E1
8.180765894E1,3.909375000E1,-1.961250114E1,-2.431875038E1
8.181765894E1,4.162500000E1,-2.011875153E1,-3.135000038E1
8.182765894E1,4.415625000E1,-1.893750000E1,-3.397500229E1
8.183765894E1,4.376250076E1,-1.824375153E1,-3.121875191E1
8.184765894E1,4.132500076E1,-1.768125153E1,-2.825625038E1
8.185765894E1,3.883125305E1,-1.792500114E1,-2.506875038E1
8.186765894E1,3.982500076E1,-1.910625076E1,-2.484375191E1
8.187765894E1,4.186875153E1,-1.768125153E1,-2.951250076E1
8.188765894E1,4.520625305E1,-1.792500114E1,-3.391875076E1
8.189765894E1,4.560000229E1,-1.627500153E1,-3.266250229E1
8.190765894E1,4.222500229E1,-1.588125038E1,-2.795625114E1
8.191765894E1,3.995625305E1,-1.702500153E1,-2.360625076E1
8.192765894E1,4.072500229E1,-1.854375076E1,-2.317500114E1
8.193765894E1,4.359375000E1,-1.850625038E1,-2.806875038E1
8.194765894E1,4.805625153E1,-1.588125038E1,-3.493125153E1
8.195765894E1,4.650000000E1,-1.593750095E1,-3.380625153E1
8.196765894E1,4.383750153E1,-1.723125076E1,-2.865000153E1
8.197765894E1,4.175625229E1,-1.601250076E1,-2.544375038E1
8.198765894E1,4.226250076E1,-1.584375095E1,-2.608125114E1
8.199765894E1,4.453125000E1,-1.801875114E1,-3.000000191E1
8.200765894E1,4.732500076E1,-1.608750153E1,-3.504375076E1
8.201765894E1,4.719375229E1,-1.672500038E1,-3.515625000E1
8.202765894E1,4.376250076E1,-1.680000114E1,-2.994375038E1
8.203765894E1,4.220625305E1,-1.861875153E1,-2.960625076E1
8.204765894E1,4.220625305E1,-1.861875153E1,-2.960625076E1
8.205765894E1,4.456875229E1,-1.852500153E1,-3.105000114E1
8.206765894E1,4.606875229E1,-1.800000000E1,-3.268125153E1
8.207765894E1,4.430625153E1,-1.895625114E1,-2.898750114E1
8.208765894E1,4.108125305E1,-1.811250114E1,-2.587500191E1
8.209765894E1,4.085625076E1,-1.728750038E1,-2.360625076E1
8.210765894E1,4.346250153E1,-1.884375000E1,-2.881875038E1
8.211765894E1,4.665000153E1,-1.773750114E1,-3.020625114E1
8.212765894E1,4.711875153E1,-1.698750114E1,-3.294375229E1
8.213765894E1,4.576875305E1,-1.505625057E1,-2.823750114E1
8.214765894E1,4.177500153E1,-1.753125000E1,-2.311875153E1
8.215765894E1,4.155000305E1,-1.775625038E1,-2.544375038E1
8.216765894E1,4.449375153E1,-1.878750038E1,-2.883750153E1
8.217765894E1,4.824375153E1,-1.786875153E1,-3.273750305E1
8.218765894E1,4.863750076E1,-1.736250114E1,-3.292500305E1
8.219765894E1,4.571250153E1,-1.612500000E1,-2.658750153E1
8.220765894E1,4.059375000E1,-1.713750076E1,-2.313750076E1
8.221765894E1,4.020000076E1,-1.783125114E1,-2.478750038E1
8.222765894E1,4.215000153E1,-2.083125114E1,-2.973750114E1
8.223765894E1,4.783125305E1,-1.505625057E1,-3.343125153E1
8.224765894E1,4.845000076E1,-1.548750019E1,-3.277500153E1
8.225765894E1,4.402500153E1,-1.580625057E1,-2.878125191E1
8.226765894E1,4.027500153E1,-1.796250153E1,-2.415000153E1
8.227765894E1,4.096875000E1,-1.696875000E1,-2.362500000E1
8.228765894E1,4.380000305E1,-1.728750038E1,-3.035625076E1
8.229765894E1,4.584375000E1,-1.800000000E1,-3.268125153E1
8.230765894E1,4.700625229E1,-1.668750000E1,-3.328125000E1
8.231765894E1,4.378125000E1,-1.582500076E1,-2.940000153E1
8.232765894E1,4.175625229E1,-1.756875038E1,-2.420625114E1
8.233765894E1,4.023750305E1,-1.623750114E1,-2.445000076E1
8.234765894E1,4.248750305E1,-1.728750038E1,-2.737500191E1
8.235765894E1,4.623750305E1,-1.567500019E1,-3.523125076E1
8.236765894E1,4.578750229E1,-1.663125038E1,-3.466875076E1
8.237765894E1,4.614375305E1,-1.396875095E1,-2.988750076E1
8.238765894E1,4.134375000E1,-1.713750076E1,-2.533125114E1
8.239765894E1,4.061250305E1,-1.730625153E1,-2.405625153E1
8.240765894E1,4.235625076E1,-1.794375038E1,-2.825625038E1
8.241765894E1,4.578750229E1,-1.569375038E1,-3.459375000E1
8.242765894E1,4.779375076E1,-1.486875057E1,-3.219375229E1
8.243765894E1,4.528125000E1,-1.509375095E1,-2.900625038E1
8.244765894E1,4.012500000E1,-1.863750076E1,-2.503125191E1
8.245765894E1,4.140000153E1,-1.490625095E1,-2.443125153E1
8.246765894E1,4.050000000E1,-1.601250076E1,-2.870625114E1
8.247765894E1,4.635000229E1,-1.606875038E1,-3.238125229E1
8.248765894E1,4.715625000E1,-1.621875000E1,-3.410625076E1
8.249765894E1,4.539375305E1,-1.717500114E1,-3.039375114E1
8.250765894E1,4.087500000E1,-1.687500000E1,-2.643750191E1
8.251765894E1,3.840000153E1,-1.751250076E1,-2.666250038E1
8.252765894E1,4.241250229E1,-1.715625000E1,-2.878125191E1
8.253765894E1,4.575000000E1,-1.708125114E1,-3.322500229E1
8.254765894E1,4.548750305E1,-1.713750076E1,-3.478125000E1
8.255765894E1,4.473750305E1,-1.563750076E1,-3.035625076E1
8.256765894E1,4.046250153E1,-1.706250000E1,-2.626875114E1
8.257765894E1,3.980625153E1,-1.738125038E1,-2.482500076E1
8.258765894E1,3.956250000E1,-1.918125153E1,-2.701875114E1
8.259765894E1,4.374375153E1,-1.766250038E1,-3.283125305E1
8.260765894E1,4.670625305E1,-1.719375038E1,-3.354375076E1
8.261765894E1,4.426875305E1,-1.608750153E1,-2.827500153E1
8.262765894E1,4.085625076E1,-1.790625000E1,-2.308125114E1
8.263765894E1,3.806250000E1,-1.884375000E1,-2.218125153E1
8.264765894E1,4.023750305E1,-1.800000000E1,-2.525625038E1
8.265765894E1,4.410000229E1,-1.676250076E1,-2.962500191E1
8.266765894E1,4.533750153E1,-1.578750038E1,-3.129375076E1
8.267765894E1,4.370625305E1,-1.612500000E1,-2.795625114E1
8.268765894E1,3.886875153E1,-1.455000019E1,-2.332500076E1
8.269765894E1,3.969375229E1,-1.445625019E1,-2.178750038E1
8.270765894E1,3.922500229E1,-1.526250076E1,-2.718750191E1
8.271765894E1,4.327500153E1,-1.685625076E1,-3.101250076E1
8.272765894E1,4.485000229E1,-1.432500076E1,-3.515625000E1
8.273765894E1,4.470000076E1,-1.695000076E1,-3.165000153E1
8.274765894E1,4.018125153E1,-1.631250000E1,-2.711250114E1
8.275765894E1,3.731250000E1,-1.713750076E1,-2.793750191E1
8.276765894E1,3.813750076E1,-1.850625038E1,-2.782500076E1
8.277765894E1,4.387500000E1,-1.794375038E1,-3.202500153E1
8.278765894E1,4.458750153E1,-1.779375076E1,-3.376875305E1
8.279765894E1,4.479375076E1,-1.755000114E1,-3.129375076E1
8.280765894E1,3.763125229E1,-1.751250076E1,-2.540625191E1
8.281765894E1,3.740625000E1,-1.845000076E1,-2.437500191E1
8.282765894E1,3.877500153E1,-1.777500153E1,-2.523750114E1
8.283765894E1,4.196250153E1,-1.886250114E1,-3.240000153E1
8.284765894E1,4.526250076E1,-1.805625153E1,-3.345000076E1
8.285765894E1,4.308750153E1,-1.798125076E1,-3.123750114E1
8.286765894E1,4.040625000E1,-1.728750038E1,-2.296875000E1
8.287765894E1,3.716250229E1,-1.826250076E1,-2.205000114E1
8.288765894E1,3.601875305E1,-1.886250114E1,-2.495625114E1
8.289765894E1,4.134375000E1,-1.820625114E1,-2.962500191E1
8.290765894E1,4.396875000E1,-1.711875153E1,-3.101250076E1
8.291765894E1,4.391250229E1,-1.612500000E1,-2.874375153E1
8.292765894E1,3.984375000E1,-1.670625114E1,-2.332500076E1
8.293765894E1,3.759375000E1,-1.556250095E1,-2.306250000E1
8.294765894E1,3.616875076E1,-1.820625114E1,-2.375625038E1
8.295765894E1,4.218750000E1,-1.770000076E1,-3.061875153E1
8.296765894E1,4.389375305E1,-1.636875153E1,-3.215625000E1
8.297765894E1,4.520625305E1,-1.436250019E1,-3.093750191E1
8.298765894E1,4.074375153E1,-1.605000114E1,-2.463750076E1
8.299765894E1,3.676875305E1,-1.659375000E1,-2.390625000E1
8.300765894E1,3.720000076E1,-1.897500038E1,-2.589375114E1
8.301765894E1,4.162500000E1,-1.867500114E1,-3.020625114E1
8.302765894E1,4.406250000E1,-1.953750038E1,-3.268125153E1
8.303765894E1,4.447500229E1,-1.786875153E1,-3.016875076E1
8.304765894E1,4.091250229E1,-1.683750153E1,-2.458125114E1
8.305765894E1,3.701250076E1,-1.987500000E1,-2.332500076E1
8.306765894E1,3.770625305E1,-1.920000076E1,-2.291250038E1
8.307765894E1,4.203750229E1,-1.721250153E1,-2.986875153E1
8.308765894E1,4.548750305E1,-1.689375114E1,-3.198750114E1
8.309765894E1,4.410000229E1,-1.893750000E1,-2.820000076E1
8.310765894E1,4.066875076E1,-1.683750153E1,-2.456250191E1
8.311765894E1,3.675000000E1,-1.794375038E1,-2.098125076E1
8.312765894E1,3.693750000E1,-1.704375076E1,-2.340000153E1
8.313765894E1,4.130625153E1,-1.771875000E1,-2.904375076E1
8.314765894E1,4.511250305E1,-1.756875038E1,-3.255000305E1
8.315765894E1,4.453125000E1,-1.801875114E1,-3.031875038E1
8.316765894E1,4.072500229E1,-1.700625038E1,-2.486250114E1
8.317765894E1,3.823125076E1,-1.723125076E1,-2.152500153E1
8.318765894E1,3.811875153E1,-1.651875114E1,-2.424375153E1
8.319765894E1,4.215000153E1,-1.792500114E1,-2.685000038E1
8.320765894E1,4.620000076E1,-1.674375153E1,-3.373125076E1
8.321765894E1,4.732500076E1,-1.584375095E1,-3.195000076E1
8.322765894E1,4.183125305E1,-1.696875000E1,-2.628750038E1
8.323765894E1,3.866250229E1,-1.745625114E1,-2.542500114E1
8.324765894E1,3.847500229E1,-1.796250153E1,-2.585625076E1
8.325765894E1,4.226250076E1,-1.875000000E1,-2.865000153E1
8.326765894E1,4.648125076E1,-1.811250114E1,-3.206250000E1
8.327765894E1,4.762500000E1,-1.657500076E1,-3.031875038E1
8.328765894E1,4.141875076E1,-1.687500000E1,-2.724375153E1
8.329765894E1,3.918750000E1,-1.578750038E1,-2.276250076E1
8.330765894E1,3.789375305E1,-1.507500076E1,-2.326875114E1
8.331765894E1,4.095000076E1,-1.681875038E1,-3.082500076E1
8.332765894E1,4.758750153E1,-1.383750057E1,-3.446250153E1
8.333765894E1,4.541250229E1,-1.614375114E1,-3.315000153E1
8.334765894E1,4.295625305E1,-1.569375038E1,-2.814375114E1
8.335765894E1,3.691875076E1,-1.621875000E1,-2.236875153E1
8.336765894E1,3.650625229E1,-1.758750153E1,-2.506875038E1
8.337765894E1,4.216875076E1,-1.533750057E1,-3.080625153E1
8.338765894E1,4.550625229E1,-1.732500076E1,-3.601875305E1
8.339765894E1,4.558125305E1,-1.629375076E1,-3.298125076E1
8.340765894E1,4.119375229E1,-1.687500000E1,-2.722500038E1
8.341765894E1,3.607500076E1,-1.756875038E1,-2.349375153E1
8.342765894E1,3.603750229E1,-1.852500153E1,-2.403750038E1
8.343765894E1,4.001250076E1,-1.824375153E1,-2.850000191E1
8.344765894E1,4.505625153E1,-1.858125114E1,-3.450000000E1
8.345765894E1,4.741875076E1,-1.618125153E1,-3.301875305E1
8.346765894E1,4.166250229E1,-1.805625153E1,-2.510625076E1
8.347765894E1,3.731250000E1,-1.726875114E1,-2.120625114E1
8.348765894E1,3.581250000E1,-1.886250114E1,-2.416875076E1
8.349765894E1,4.072500229E1,-1.807500076E1,-2.947500038E1
8.350765894E1,4.593750000E1,-1.719375038E1,-3.228750229E1
8.351765894E1,4.642500305E1,-1.650000000E1,-3.046875191E1
8.352765894E1,4.085625076E1,-1.865625000E1,-2.801250076E1
8.353765894E1,3.716250229E1,-1.826250076E1,-2.205000114E1
8.354765894E1,3.601875305E1,-1.833750153E1,-2.235000038E1
8.355765894E1,4.048125076E1,-1.818750000E1,-2.726250076E1
8.356765894E1,4.530000305E1,-1.884375000E1,-3.337500000E1
8.357765894E1,4.638750076E1,-1.715625000E1,-3.196875191E1
8.358765894E1,4.411875153E1,-1.653750038E1,-2.683125114E1
8.359765894E1,3.858750153E1,-1.833750153E1,-2.253750038E1
8.360765894E1,3.564375305E1,-1.996875000E1,-2.328750038E1
8.361765894E1,4.267500305E1,-1.865625000E1,-2.600625038E1
8.362765894E1,4.730625153E1,-1.680000114E1,-3.232500076E1
8.363765894E1,4.790625000E1,-1.796250153E1,-2.990625191E1
8.364765894E1,4.460625076E1,-1.520625019E1,-2.570625114E1
8.365765894E1,3.883125305E1,-1.590000057E1,-2.040000153E1
8.366765894E1,3.770625305E1,-1.773750114E1,-2.148750114E1
8.367765894E1,4.248750305E1,-1.728750038E1,-2.784375191E1
8.368765894E1,4.863750076E1,-1.676250076E1,-3.360000229E1
8.369765894E1,4.987500381E1,-1.556250095E1,-3.294375229E1
8.370765894E1,4.496250153E1,-1.665000153E1,-2.700000191E1
8.371765894E1,4.036875153E1,-1.805625153E1,-2.180625153E1
8.372765894E1,3.958125305E1,-1.831875038E1,-2.411250114E1
8.373765894E1,4.203750229E1,-1.876875114E1,-2.865000153E1
8.374765894E1,4.771875000E1,-1.743750000E1,-3.369375229E1
8.375765894E1,4.921875381E1,-1.576875019E1,-3.386250305E1
8.376765894E1,4.593750000E1,-1.550625038E1,-2.788125038E1
8.377765894E1,3.945000076E1,-1.627500153E1,-2.413125038E1
8.378765894E1,3.727500153E1,-1.732500076E1,-2.338125038E1
8.379765894E1,4.258125305E1,-1.698750114E1,-2.865000153E1
8.380765894E1,4.665000153E1,-1.704375076E1,-3.371250153E1
8.381765894E1,5.128125381E1,-1.449375057E1,-3.165000153E1
8.382765894E1,4.554375076E1,-1.503750038E1,-2.745000076E1
8.383765894E1,4.074375153E1,-1.520625019E1,-2.220000076E1
8.384765894E1,3.740625000E1,-1.605000114E1,-2.332500076E1
8.385765894E1,4.192500305E1,-1.606875038E1,-2.808750153E1
8.386765894E1,4.948125076E1,-1.417500019E1,-3.399375153E1
8.387765894E1,4.957500076E1,-1.513125038E1,-3.406875229E1
8.388765894E1,4.166250229E1,-1.631250000E1,-2.431875038E1
8.389765894E1,4.166250229E1,-1.631250000E1,-2.431875038E1
8.390765894E1,3.705000305E1,-1.786875153E1,-2.521875191E1
8.391765894E1,4.273125076E1,-1.725000000E1,-2.675625038E1
8.392765894E1,5.085000229E1,-1.563750076E1,-3.232500076E1
8.393765894E1,5.085000229E1,-1.563750076E1,-3.232500076E1
8.394765894E1,4.693125153E1,-1.492500019E1,-2.638125038E1
8.395765894E1,3.736875153E1,-1.805625153E1,-2.113125038E1
8.396765894E1,4.042500305E1,-1.689375114E1,-2.611875153E1
8.397765894E1,4.653750229E1,-1.681875038E1,-3.091875076E1
8.398765894E1,5.045625305E1,-1.496250057E1,-2.956875038E1
8.399765894E1,4.599375153E1,-1.657500076E1,-2.655000114E1
8.400765894E1,3.999375153E1,-1.696875000E1,-2.143125153E1
8.401765894E1,3.600000000E1,-1.905000114E1,-1.978125000E1
8.402765894E1,3.965625000E1,-1.959375000E1,-2.431875038E1
8.403765894E1,4.702500153E1,-1.560000038E1,-2.758125114E1
8.404765894E1,4.912500381E1,-1.438125038E1,-2.850000191E1
8.405765894E1,4.695000076E1,-1.584375095E1,-2.460000038E1
8.406765894E1,3.915000153E1,-1.777500153E1,-2.056875038E1
8.407765894E1,3.628125000E1,-1.828125000E1,-2.094375038E1
8.408765894E1,3.830625153E1,-1.966875076E1,-2.398125076E1
8.409765894E1,4.655625153E1,-1.563750076E1,-2.805000114E1
8.410765894E1,5.115000153E1,-1.374375057E1,-2.718750191E1
8.411765894E1,4.511250305E1,-1.597500038E1,-2.565000153E1
8.412765894E1,3.838125229E1,-1.708125114E1,-2.216250038E1
8.413765894E1,3.493125153E1,-1.740000153E1,-2.083125114E1
8.414765894E1,3.823125076E1,-1.837500000E1,-2.330625153E1
8.415765894E1,4.533750153E1,-1.650000000E1,-2.795625114E1
8.416765894E1,4.796250153E1,-1.509375095E1,-2.889375114E1
8.417765894E1,4.563750076E1,-1.515000057E1,-2.540625191E1
8.418765894E1,3.787500000E1,-1.903125000E1,-2.340000153E1
8.419765894E1,3.397500229E1,-2.053125000E1,-2.306250000E1
8.420765894E1,3.718125153E1,-1.901250076E1,-2.700000191E1
8.421765894E1,4.295625305E1,-1.633125114E1,-2.808750153E1
8.422765894E1,4.648125076E1,-1.610625076E1,-2.816250038E1
8.423765894E1,4.335000229E1,-1.770000076E1,-2.703750038E1
8.424765894E1,3.811875153E1,-1.983750153E1,-2.413125038E1
8.425765894E1,3.378750229E1,-2.156250000E1,-2.578125191E1
8.426765894E1,3.688125229E1,-2.004375076E1,-2.940000153E1
8.427765894E1,4.220625305E1,-1.706250000E1,-3.035625076E1
8.428765894E1,4.558125305E1,-1.524375057E1,-2.883750153E1
8.429765894E1,4.344375229E1,-1.685625076E1,-2.523750114E1
8.430765894E1,3.969375229E1,-1.976250076E1,-2.525625038E1
8.431765894E1,3.654375076E1,-1.929375076E1,-2.430000114E1
8.432765894E1,3.911250305E1,-2.036250114E1,-2.878125191E1
8.433765894E1,4.438125229E1,-1.755000114E1,-2.988750076E1
8.434765894E1,4.672500229E1,-1.785000038E1,-2.895000076E1
8.435765894E1,4.498125076E1,-1.756875038E1,-2.551875114E1
8.436765894E1,3.958125305E1,-1.916250038E1,-2.593125153E1
8.437765894E1,3.978750229E1,-1.740000153E1,-2.591250038E1
8.438765894E1,4.186875153E1,-1.738125038E1,-2.970000076E1
8.439765894E1,4.648125076E1,-1.666875076E1,-3.108750153E1
8.440765894E1,4.672500229E1,-1.839375114E1,-3.157500076E1
8.441765894E1,4.591875076E1,-1.644375038E1,-2.750625038E1
8.442765894E1,4.078125000E1,-1.715625000E1,-2.501250076E1
8.443765894E1,3.815625000E1,-1.848750114E1,-2.705625153E1
8.444765894E1,4.014375305E1,-1.906875038E1,-2.985000038E1
8.445765894E1,4.550625229E1,-1.865625000E1,-3.245625305E1
8.446765894E1,4.715625000E1,-1.848750114E1,-2.953125191E1
8.447765894E1,4.545000076E1,-1.803750038E1,-2.688750076E1
8.448765894E1,4.061250305E1,-1.638750076E1,-2.506875038E1
8.449765894E1,3.870000076E1,-1.700625038E1,-2.640000153E1
8.450765894E1,3.952500153E1,-1.798125076E1,-2.960625076E1
8.451765894E1,4.466250229E1,-1.966875076E1,-3.330000305E1
8.452765894E1,4.811250305E1,-1.734375000E1,-3.073125076E1
8.453765894E1,4.535625076E1,-1.648125076E1,-2.748750114E1
8.454765894E1,4.117500305E1,-1.584375095E1,-2.371875000E1
8.455765894E1,3.856875229E1,-1.620000076E1,-2.506875038E1
8.456765894E1,4.020000076E1,-1.650000000E1,-2.881875038E1
8.457765894E1,4.668750000E1,-1.520625019E1,-3.058125114E1
8.458765894E1,4.989375305E1,-1.282500076E1,-3.129375076E1
8.459765894E1,4.745625305E1,-1.413750076E1,-2.724375153E1
8.460765894E1,4.119375229E1,-1.687500000E1,-2.722500038E1
8.461765894E1,3.991875076E1,-1.582500076E1,-2.651250076E1
8.462765894E1,4.070625305E1,-1.633125114E1,-2.930625153E1
8.463765894E1,4.603125000E1,-1.627500153E1,-3.376875305E1
8.464765894E1,4.955625153E1,-1.586250019E1,-3.181875038E1
8.465765894E1,4.612500000E1,-1.616250038E1,-2.925000191E1
8.466765894E1,4.164375305E1,-1.569375038E1,-2.546250153E1
8.467765894E1,3.868125153E1,-1.650000000E1,-2.503125191E1
8.468765894E1,3.888750076E1,-1.736250114E1,-2.825625038E1
8.469765894E1,4.329375076E1,-1.683750153E1,-3.071250153E1
8.470765894E1,4.747500229E1,-1.610625076E1,-3.005625153E1
8.471765894E1,4.591875076E1,-1.550625038E1,-2.820000076E1
8.472765894E1,3.991875076E1,-1.582500076E1,-2.651250076E1
8.473765894E1,3.705000305E1,-1.665000153E1,-2.718750191E1
8.474765894E1,3.892500305E1,-1.730625153E1,-2.606250191E1
8.475765894E1,4.411875153E1,-1.852500153E1,-3.026250076E1
8.476765894E1,4.693125153E1,-1.695000076E1,-3.106875038E1
8.477765894E1,4.665000153E1,-1.595625019E1,-2.880000114E1
8.478765894E1,4.141875076E1,-1.758750153E1,-2.420625114E1
8.479765894E1,3.633750153E1,-1.803750038E1,-2.424375153E1
8.480765894E1,3.661875153E1,-1.903125000E1,-2.619375038E1
8.481765894E1,4.278750229E1,-1.702500153E1,-3.037500191E1
8.482765894E1,4.770000076E1,-1.672500038E1,-2.985000038E1
8.483765894E1,4.822500229E1,-1.588125038E1,-2.913750076E1
8.484765894E1,4.216875076E1,-1.612500000E1,-2.450625038E1
8.485765894E1,3.798750305E1,-1.717500114E1,-2.480625153E1
8.486765894E1,3.851250076E1,-1.719375038E1,-2.700000191E1
8.487765894E1,4.346250153E1,-1.728750038E1,-3.003750038E1
8.488765894E1,4.833750153E1,-1.702500153E1,-3.123750114E1
8.489765894E1,4.796250153E1,-1.788750076E1,-2.647500038E1
8.490765894E1,4.261875153E1,-1.610625076E1,-2.529375076E1
8.491765894E1,3.774375153E1,-1.698750114E1,-2.310000038E1
8.492765894E1,3.751875305E1,-1.991250038E1,-2.566875076E1
8.493765894E1,4.449375153E1,-1.876875114E1,-2.853750038E1
8.494765894E1,4.717500305E1,-1.599375057E1,-3.099375153E1
8.495765894E1,4.785000229E1,-1.696875000E1,-2.748750114E1
8.496765894E1,4.318125153E1,-1.338750076E1,-2.520000076E1
8.497765894E1,3.851250076E1,-1.644375038E1,-2.238750076E1
8.498765894E1,3.766875076E1,-1.708125114E1,-2.715000153E1
8.499765894E1,4.256250000E1,-1.794375038E1,-2.904375076E1
8.500765894E1,4.816875076E1,-1.751250076E1,-3.120000076E1
8.501765894E1,4.873125076E1,-1.571250057E1,-2.979375076E1
8.502765894E1,4.207500076E1,-1.818750000E1,-2.495625114E1
8.503765894E1,3.853125000E1,-1.539375019E1,-2.465625191E1
8.504765894E1,3.665625000E1,-1.899375153E1,-2.480625153E1
8.505765894E1,4.380000305E1,-1.674375153E1,-2.806875038E1
8.506765894E1,5.008125305E1,-1.481250095E1,-2.910000038E1
8.507765894E1,4.850625229E1,-1.488750076E1,-2.797500038E1
8.508765894E1,4.233750153E1,-1.595625019E1,-2.467500114E1
8.509765894E1,3.748125076E1,-1.548750019E1,-2.619375038E1
8.510765894E1,3.761250305E1,-1.693125153E1,-2.670000076E1
8.511765894E1,4.318125153E1,-1.807500076E1,-2.919375038E1
8.512765894E1,4.916250229E1,-1.633125114E1,-3.052500153E1
8.513765894E1,4.779375076E1,-1.734375000E1,-2.964375114E1
8.514765894E1,4.271250153E1,-1.706250000E1,-2.536875153E1
8.515765894E1,3.703125000E1,-1.612500000E1,-2.488125038E1
8.516765894E1,3.553125000E1,-1.955625153E1,-2.566875076E1
8.517765894E1,4.350000000E1,-1.809375000E1,-3.030000114E1
8.518765894E1,4.888125229E1,-1.826250076E1,-3.161250114E1
8.519765894E1,4.938750076E1,-1.755000114E1,-2.964375114E1
8.520765894E1,4.215000153E1,-1.708125114E1,-2.505000114E1
8.521765894E1,3.639375305E1,-1.850625038E1,-2.373750114E1
8.522765894E1,3.643125153E1,-1.897500038E1,-2.401875114E1
8.523765894E1,4.228125000E1,-1.820625114E1,-2.572500038E1
8.524765894E1,4.820625305E1,-1.891875076E1,-3.076875114E1
8.525765894E1,5.118750381E1,-1.633125114E1,-2.898750114E1
8.526765894E1,4.372500229E1,-1.700625038E1,-2.585625076E1
8.527765894E1,3.785625076E1,-1.749375153E1,-2.508750153E1
8.528765894E1,3.626250076E1,-2.008125114E1,-2.360625076E1
8.529765894E1,4.361250305E1,-1.816875076E1,-2.763750076E1
8.530765894E1,5.113125229E1,-1.640625000E1,-3.195000076E1
8.531765894E1,5.021250153E1,-1.591875076E1,-2.932500076E1
8.532765894E1,4.314375305E1,-1.612500000E1,-2.716875076E1
8.533765894E1,3.695625305E1,-1.640625000E1,-2.330625153E1
8.534765894E1,3.693750000E1,-1.818750000E1,-2.486250114E1
8.535765894E1,4.230000305E1,-1.955625153E1,-2.936250114E1
8.536765894E1,4.891875076E1,-1.968750000E1,-3.150000191E1
8.537765894E1,5.120625305E1,-1.745625114E1,-3.000000191E1
8.538765894E1,4.291875076E1,-1.882500076E1,-2.724375153E1
8.539765894E1,3.676875305E1,-1.813125038E1,-2.251875114E1
8.540765894E1,3.720000076E1,-1.843125153E1,-2.296875000E1
8.541765894E1,4.175625229E1,-1.901250076E1,-2.565000153E1
8.542765894E1,4.845000076E1,-1.826250076E1,-3.035625076E1
8.543765894E1,4.940625381E1,-1.691250038E1,-2.908125114E1
8.544765894E1,4.351875305E1,-1.575000095E1,-2.565000153E1
8.545765894E1,3.480000305E1,-1.890000153E1,-2.306250000E1
8.546765894E1,3.438750076E1,-1.764375114E1,-2.236875153E1
8.547765894E1,4.201875305E1,-1.918125153E1,-2.658750153E1
8.548765894E1,4.771875000E1,-1.991250038E1,-3.114375114E1
8.549765894E1,5.047500229E1,-1.672500038E1,-3.035625076E1
8.550765894E1,4.305000305E1,-1.674375153E1,-2.587500191E1
8.551765894E1,3.579375076E1,-1.689375114E1,-2.105625153E1
8.552765894E1,3.438750076E1,-1.826250076E1,-2.216250038E1
8.553765894E1,4.138125229E1,-1.732500076E1,-2.626875114E1
8.554765894E1,4.809375381E1,-1.653750038E1,-3.001875114E1
8.555765894E1,5.021250153E1,-1.646250153E1,-3.225000000E1
8.556765894E1,4.378125000E1,-1.560000038E1,-2.660625076E1
8.557765894E1,3.577500153E1,-1.661250114E1,-2.233125114E1
8.558765894E1,3.384375000E1,-1.846875000E1,-2.276250076E1
8.559765894E1,4.235625076E1,-1.792500114E1,-2.763750076E1
8.560765894E1,5.015625381E1,-1.601250076E1,-3.275625229E1
8.561765894E1,5.193750381E1,-1.573125076E1,-3.217500305E1
8.562765894E1,4.511250305E1,-1.558125019E1,-2.896875191E1
8.563765894E1,3.667500305E1,-1.625625038E1,-2.345625114E1
8.564765894E1,3.575625229E1,-1.695000076E1,-2.323125076E1
8.565765894E1,4.130625153E1,-1.771875000E1,-2.951250076E1
8.566765894E1,4.938750076E1,-1.653750038E1,-3.331875229E1
8.567765894E1,5.251875305E1,-1.569375038E1,-3.187500191E1
8.568765894E1,4.380000305E1,-1.674375153E1,-2.806875038E1
8.569765894E1,3.547500229E1,-1.794375038E1,-2.439375114E1
8.570765894E1,3.540000153E1,-1.843125153E1,-2.467500114E1
8.571765894E1,4.110000229E1,-1.831875038E1,-2.790000153E1
8.572765894E1,5.026875305E1,-1.725000000E1,-3.187500191E1
8.573765894E1,5.049375153E1,-1.569375038E1,-3.341250229E1
8.574765894E1,4.591875076E1,-1.644375038E1,-2.718750191E1
8.575765894E1,3.626250076E1,-1.914375114E1,-2.383125114E1
8.576765894E1,3.305625153E1,-1.830000114E1,-2.026875114E1
8.577765894E1,4.966875076E1,-1.554375076E1,-3.215625000E1
8.578765894E1,4.966875076E1,-1.554375076E1,-3.215625000E1
8.579765894E1,5.156250381E1,-1.618125153E1,-3.026250076E1
8.580765894E1,4.631250000E1,-1.357500076E1,-2.758125114E1
8.581765894E1,3.703125000E1,-1.612500000E1,-2.488125038E1
8.582765894E1,3.399375153E1,-1.563750076E1,-2.394375038E1
8.583765894E1,4.156875229E1,-1.672500038E1,-2.818125153E1
8.584765894E1,5.146875381E1,-1.631250000E1,-3.510000229E1
8.585765894E1,4.430625153E1,-1.625625038E1,-2.842500114E1
8.586765894E1,3.551250076E1,-1.696875000E1,-2.355000114E1
8.587765894E1,3.279375076E1,-1.711875153E1,-2.285625076E1
8.588765894E1,4.033125305E1,-1.771875000E1,-2.683125114E1
8.589765894E1,4.970625305E1,-1.550625038E1,-3.030000114E1
8.590765894E1,5.120625305E1,-1.831875038E1,-3.258750153E1
8.591765894E1,4.492500305E1,-1.762500000E1,-2.784375191E1
8.592765894E1,3.630000305E1,-1.755000114E1,-2.319375038E1
8.593765894E1,3.322500229E1,-1.833750153E1,-2.246250153E1
8.594765894E1,3.825000000E1,-2.034375000E1,-2.611875153E1
8.595765894E1,4.863750076E1,-1.777500153E1,-3.039375114E1
8.596765894E1,5.156250381E1,-1.462500095E1,-3.148125076E1
8.597765894E1,4.580625153E1,-1.500000095E1,-2.636250114E1
8.598765894E1,3.571875000E1,-1.646250153E1,-2.250000000E1
8.599765894E1,3.153750038E1,-1.811250114E1,-2.182500076E1
8.600765894E1,3.738750076E1,-1.878750038E1,-2.497500038E1
8.601765894E1,4.807500076E1,-1.779375076E1,-2.975625038E1
8.602765894E1,5.068125153E1,-1.528125095E1,-3.016875076E1
8.603765894E1,4.543125153E1,-1.475625038E1,-2.793750191E1
8.604765894E1,3.463125229E1,-1.751250076E1,-2.411250114E1
8.605765894E1,3.037500191E1,-1.768125153E1,-2.105625153E1
8.606765894E1,3.843750000E1,-1.530000019E1,-2.685000038E1
8.607765894E1,4.811250305E1,-1.734375000E1,-3.073125076E1
8.608765894E1,5.131875229E1,-1.591875076E1,-3.153750038E1
8.609765894E1,4.550625229E1,-1.509375095E1,-2.932500076E1
8.610765894E1,3.676875305E1,-1.689375114E1,-2.325000000E1
8.611765894E1,3.245625305E1,-1.713750076E1,-2.285625076E1
8.612765894E1,3.851250076E1,-1.843125153E1,-2.596875191E1
8.613765894E1,4.756875229E1,-1.736250114E1,-2.994375038E1
8.614765894E1,5.085000229E1,-1.657500076E1,-3.178125191E1
8.615765894E1,4.582500076E1,-1.580625057E1,-2.707500076E1
8.616765894E1,3.564375305E1,-1.599375057E1,-2.315625000E1
8.617765894E1,3.061875153E1,-1.818750000E1,-2.242500114E1
8.618765894E1,3.693750000E1,-1.942500114E1,-2.383125114E1
8.619765894E1,4.700625229E1,-1.646250153E1,-3.048750114E1
8.620765894E1,5.210625076E1,-1.586250019E1,-3.155625153E1
8.621765894E1,4.601250076E1,-1.740000153E1,-2.773125076E1
8.622765894E1,3.496875000E1,-1.914375114E1,-2.038125038E1
8.623765894E1,3.063750076E1,-1.938750076E1,-2.028750038E1
8.624765894E1,3.714375305E1,-1.704375076E1,-2.418750191E1
8.625765894E1,4.653750229E1,-1.833750153E1,-2.891250038E1
8.626765894E1,5.088750076E1,-1.560000038E1,-3.045000076E1
8.627765894E1,4.558125305E1,-1.520625019E1,-2.806875038E1
8.628765894E1,3.564375305E1,-1.726875114E1,-2.289375114E1
8.629765894E1,3.091875076E1,-1.861875153E1,-2.161875153E1
8.630765894E1,3.478125000E1,-1.955625153E1,-2.377500153E1
8.631765894E1,4.605000305E1,-1.779375076E1,-3.097500038E1
8.632765894E1,5.122500229E1,-1.766250038E1,-3.200625229E1
8.633765894E1,4.554375076E1,-1.599375057E1,-2.722500038E1
8.634765894E1,3.526875305E1,-1.760625076E1,-2.347500038E1
8.635765894E1,3.223125076E1,-1.837500000E1,-2.133750153E1
8.636765894E1,3.556875229E1,-1.890000153E1,-2.493750191E1
8.637765894E1,4.698750305E1,-1.741875076E1,-3.071250153E1
8.638765894E1,5.111250305E1,-1.736250114E1,-3.234375000E1
8.639765894E1,4.470000076E1,-1.762500000E1,-2.737500191E1
8.640765894E1,3.720000076E1,-1.845000076E1,-2.375625038E1
8.641765894E1,3.408750153E1,-1.751250076E1,-2.300625038E1
8.642765894E1,3.817500305E1,-1.998750114E1,-2.426250076E1
8.643765894E1,4.944375229E1,-1.865625000E1,-2.908125114E1
8.644765894E1,5.326875305E1,-1.723125076E1,-3.240000153E1
8.645765894E1,4.852500153E1,-1.839375114E1,-2.910000038E1
8.646765894E1,3.894375229E1,-1.798125076E1,-2.195625114E1
8.647765894E1,3.390000153E1,-1.841250038E1,-2.041875076E1
8.648765894E1,3.898125076E1,-1.775625038E1,-2.572500038E1
8.649765894E1,4.903125381E1,-1.666875076E1,-3.127500153E1
8.650765894E1,5.611875153E1,-1.646250153E1,-3.313125229E1
8.651765894E1,5.055000305E1,-1.623750114E1,-2.992500114E1
8.652765894E1,4.016250229E1,-1.608750153E1,-2.508750153E1
8.653765894E1,3.341250229E1,-1.938750076E1,-2.064375114E1
8.654765894E1,3.901875305E1,-1.741875076E1,-2.480625153E1
8.655765894E1,5.077500153E1,-1.620000076E1,-2.947500038E1
8.656765894E1,5.430000305E1,-1.625625038E1,-3.343125153E1
8.657765894E1,4.987500381E1,-1.479375076E1,-2.754375076E1
8.658765894E1,4.083750153E1,-1.490625095E1,-2.364375114E1
8.659765894E1,3.429375076E1,-1.854375076E1,-2.073750114E1
8.660765894E1,3.826875305E1,-1.616250038E1,-2.349375153E1
8.661765894E1,4.646250153E1,-1.668750000E1,-3.185625076E1
8.662765894E1,5.353125381E1,-1.494375038E1,-3.571875000E1
8.663765894E1,5.006250381E1,-1.468125057E1,-3.615000153E1
8.664765894E1,3.960000229E1,-1.635000038E1,-2.741250038E1
8.665765894E1,3.570000076E1,-1.646250153E1,-2.296875000E1
8.666765894E1,3.770625305E1,-1.704375076E1,-2.529375076E1
8.667765894E1,4.771875000E1,-1.691250038E1,-3.108750153E1
8.668765894E1,5.473125076E1,-1.708125114E1,-3.601875305E1
8.669765894E1,4.935000229E1,-1.854375076E1,-3.080625153E1
8.670765894E1,4.014375305E1,-1.860000038E1,-2.394375038E1
8.671765894E1,3.556875229E1,-1.781250000E1,-1.955625153E1
8.672765894E1,3.830625153E1,-1.539375019E1,-2.433750153E1
8.673765894E1,4.578750229E1,-1.608750153E1,-3.174375153E1
8.674765894E1,4.773750305E1,-2.133750153E1,-3.165000153E1
8.675765894E1,4.481250000E1,-2.250000000E1,-2.634375191E1
8.676765894E1,4.365000153E1,-1.687500000E1,-2.632500076E1
8.677765894E1,4.301250076E1,-1.586250019E1,-2.874375153E1
8.678765894E1,4.173750305E1,-1.556250095E1,-3.281250000E1
8.679765894E1,4.085625076E1,-1.513125038E1,-2.611875153E1
8.680765894E1,3.806250000E1,-1.768125153E1,-2.040000153E1
8.681765894E1,3.909375000E1,-1.800000000E1,-1.680000114E1
8.682765894E1,4.106250000E1,-1.861875153E1,-2.036250114E1
8.683765894E1,4.563750076E1,-1.745625114E1,-2.913750076E1
8.684765894E1,4.590000153E1,-1.443750095E1,-3.579375076E1
8.685765894E1,4.231875229E1,-1.580625057E1,-3.140625191E1
8.686765894E1,3.952500153E1,-1.515000057E1,-2.343750000E1
8.687765894E1,3.945000076E1,-1.518750095E1,-1.875000000E1
8.688765894E1,4.102500153E1,-1.773750114E1,-2.325000000E1
8.689765894E1,4.453125000E1,-1.801875114E1,-3.031875038E1
8.690765894E1,4.659375000E1,-1.563750076E1,-3.491250229E1
8.691765894E1,4.468125153E1,-1.518750095E1,-3.118125153E1
8.692765894E1,4.181250000E1,-1.593750095E1,-2.248125076E1
8.693765894E1,3.971250153E1,-1.597500038E1,-1.946250153E1
8.694765894E1,4.046250153E1,-1.601250076E1,-2.214375114E1
8.695765894E1,4.303125000E1,-1.605000114E1,-2.968125153E1
8.696765894E1,4.470000076E1,-1.413750076E1,-3.345000076E1
8.697765894E1,4.260000229E1,-1.419375038E1,-3.091875076E1
8.698765894E1,3.995625305E1,-1.485000038E1,-2.503125191E1
8.699765894E1,3.787500000E1,-1.455000019E1,-2.113125038E1
8.700765894E1,3.898125076E1,-1.576875019E1,-2.212500000E1
8.701765894E1,4.010625076E1,-1.618125153E1,-2.805000114E1
8.702765894E1,4.265625000E1,-1.642500114E1,-3.135000038E1
8.703765894E1,4.233750153E1,-1.402500057E1,-2.951250076E1
8.704765894E1,3.800625229E1,-1.599375057E1,-2.225625038E1
8.705765894E1,3.648750305E1,-1.443750095E1,-1.938750076E1
8.706765894E1,3.725625229E1,-1.558125019E1,-2.259375000E1
8.707765894E1,4.033125305E1,-1.616250038E1,-2.836875153E1
8.708765894E1,4.318125153E1,-1.738125038E1,-3.270000076E1
8.709765894E1,4.241250229E1,-1.717500114E1,-2.910000038E1
8.710765894E1,3.924375153E1,-1.741875076E1,-2.480625153E1
8.711765894E1,3.654375076E1,-1.635000038E1,-2.064375114E1
8.712765894E1,3.804375076E1,-1.770000076E1,-2.116875076E1
8.713765894E1,4.020000076E1,-1.681875038E1,-2.863125038E1
8.714765894E1,4.537500000E1,-1.753125000E1,-3.131250191E1
8.715765894E1,4.325625229E1,-1.689375114E1,-3.256875229E1
8.716765894E1,3.978750229E1,-1.771875000E1,-2.572500038E1
8.717765894E1,3.975000000E1,-1.522500038E1,-2.109375000E1
8.718765894E1,3.870000076E1,-1.803750038E1,-2.302500153E1
8.719765894E1,4.282500076E1,-1.820625114E1,-2.715000153E1
8.720765894E1,4.434375000E1,-1.605000114E1,-3.298125076E1
8.721765894E1,4.192500305E1,-1.515000057E1,-2.910000038E1
8.722765894E1,3.958125305E1,-1.636875153E1,-2.818125153E1
8.723765894E1,3.909375000E1,-1.428750038E1,-2.023125076E1
8.724765894E1,3.881250000E1,-1.616250038E1,-2.460000038E1
8.725765894E1,4.040625000E1,-1.590000057E1,-3.026250076E1
8.726765894E1,4.351875305E1,-1.683750153E1,-3.071250153E1
8.727765894E1,4.273125076E1,-1.685625076E1,-3.022500038E1
8.728765894E1,4.012500000E1,-1.614375114E1,-2.696250153E1
8.729765894E1,3.774375153E1,-1.520625019E1,-2.154375076E1
8.730765894E1,3.926250076E1,-1.500000095E1,-2.328750038E1
8.731765894E1,4.205625153E1,-1.395000076E1,-2.623125076E1
8.732765894E1,4.415625000E1,-1.623750114E1,-3.390000153E1
8.733765894E1,4.327500153E1,-1.531875038E1,-3.270000076E1
8.734765894E1,4.005000305E1,-1.717500114E1,-2.968125153E1
8.735765894E1,3.941250229E1,-1.629375076E1,-2.521875191E1
8.736765894E1,3.915000153E1,-1.728750038E1,-2.606250191E1
8.737765894E1,4.245000076E1,-1.828125000E1,-2.900625038E1
8.738765894E1,4.321875000E1,-1.786875153E1,-3.343125153E1
8.739765894E1,4.331250000E1,-1.974375153E1,-3.281250000E1
8.740765894E1,4.145625305E1,-1.828125000E1,-2.711250114E1
8.741765894E1,3.945000076E1,-1.719375038E1,-2.311875153E1
8.742765894E1,3.881250000E1,-1.770000076E1,-2.259375000E1
8.743765894E1,4.162500000E1,-1.811250114E1,-2.730000114E1
8.744765894E1,4.400625229E1,-1.884375000E1,-3.024375153E1
8.745765894E1,4.453125000E1,-1.801875114E1,-3.031875038E1
8.746765894E1,4.181250000E1,-1.792500114E1,-2.638125038E1
8.747765894E1,4.008750153E1,-1.730625153E1,-2.250000000E1
8.748765894E1,4.096875000E1,-1.850625038E1,-2.240625000E1
8.749765894E1,4.530000305E1,-1.578750038E1,-2.520000076E1
8.750765894E1,4.655625153E1,-1.561875057E1,-2.758125114E1
8.751765894E1,4.530000305E1,-1.530000019E1,-3.101250076E1
8.752765894E1,4.252500153E1,-1.621875000E1,-2.934375191E1
8.753765894E1,4.025625229E1,-1.498125076E1,-2.471250153E1
8.754765894E1,3.860625076E1,-1.614375114E1,-2.319375038E1
8.755765894E1,4.228125000E1,-1.603125000E1,-2.778750038E1
8.756765894E1,4.569375229E1,-1.492500019E1,-2.917500114E1
8.757765894E1,4.485000229E1,-1.254375076E1,-3.328125000E1
8.758765894E1,3.990000153E1,-1.336875057E1,-2.953125191E1
8.759765894E1,3.928125000E1,-1.248750019E1,-2.398125076E1
8.760765894E1,3.755625153E1,-1.561875057E1,-2.493750191E1
8.761765894E1,4.140000153E1,-1.728750038E1,-2.486250114E1
8.762765894E1,4.426875305E1,-1.507500076E1,-3.180000114E1
8.763765894E1,4.306875229E1,-1.530000019E1,-3.146250153E1
8.764765894E1,4.003125000E1,-1.644375038E1,-2.615625191E1
8.765765894E1,3.678750229E1,-1.561875057E1,-2.336250114E1
8.766765894E1,3.811875153E1,-1.983750153E1,-2.413125038E1
8.767765894E1,3.811875153E1,-1.983750153E1,-2.413125038E1
8.768765894E1,4.136250305E1,-1.764375114E1,-2.685000038E1
8.769765894E1,4.335000229E1,-1.398750019E1,-3.031875038E1
8.770765894E1,4.014375305E1,-1.612500000E1,-2.587500191E1
8.771765894E1,3.731250000E1,-1.811250114E1,-2.332500076E1
8.772765894E1,3.746250153E1,-1.599375057E1,-2.115000153E1
8.773765894E1,4.316250229E1,-1.663125038E1,-2.821875191E1
8.774765894E1,4.222500229E1,-1.588125038E1,-2.795625114E1
8.775765894E1,4.006875229E1,-1.539375019E1,-2.812500191E1
8.776765894E1,3.601875305E1,-1.616250038E1,-2.439375114E1
8.777765894E1,3.748125076E1,-1.348125076E1,-2.182500076E1
8.778765894E1,3.753750229E1,-1.595625019E1,-2.583750153E1
8.779765894E1,4.173750305E1,-1.533750057E1,-3.001875114E1
8.780765894E1,4.183125305E1,-1.503750038E1,-3.114375114E1
8.781765894E1,3.982500076E1,-1.563750076E1,-3.090000153E1
8.782765894E1,3.650625229E1,-1.665000153E1,-2.576250076E1
8.783765894E1,3.654375076E1,-1.753125000E1,-2.289375114E1
8.784765894E1,3.922500229E1,-1.828125000E1,-2.801250076E1
8.785765894E1,4.218750000E1,-1.591875076E1,-2.936250114E1
8.786765894E1,4.211250305E1,-1.696875000E1,-3.255000305E1
8.787765894E1,3.931875229E1,-1.820625114E1,-3.163125038E1
8.788765894E1,3.928125000E1,-1.541250038E1,-2.701875114E1
8.789765894E1,3.765000153E1,-1.687500000E1,-2.514375114E1
8.790765894E1,3.971250153E1,-1.820625114E1,-2.615625191E1
8.791765894E1,4.321875000E1,-1.886250114E1,-2.913750076E1
8.792765894E1,4.355625153E1,-1.785000038E1,-3.375000000E1
8.793765894E1,4.260000229E1,-1.543125057E1,-2.940000153E1
8.794765894E1,3.873750305E1,-1.873125076E1,-2.578125191E1
8.795765894E1,3.774375153E1,-1.790625000E1,-2.208750153E1
8.796765894E1,4.027500153E1,-1.972500038E1,-2.463750076E1
8.797765894E1,4.391250229E1,-1.518750095E1,-2.928750038E1
8.798765894E1,4.308750153E1,-1.620000076E1,-2.981250191E1
8.799765894E1,4.228125000E1,-1.449375057E1,-2.932500076E1
8.800765894E1,3.911250305E1,-1.711875153E1,-2.546250153E1
8.801765894E1,3.958125305E1,-1.593750095E1,-2.338125038E1
8.802765894E1,4.050000000E1,-1.578750038E1,-2.591250038E1
8.803765894E1,4.286250305E1,-1.621875000E1,-2.981250191E1
8.804765894E1,4.346250153E1,-1.668750000E1,-3.118125153E1
8.805765894E1,4.250625229E1,-1.685625076E1,-2.960625076E1
8.806765894E1,3.993750000E1,-1.580625057E1,-2.589375114E1
8.807765894E1,3.815625000E1,-1.732500076E1,-2.527500153E1
8.808765894E1,4.006875229E1,-1.816875076E1,-2.538750076E1
8.809765894E1,4.119375229E1,-1.803750038E1,-2.900625038E1
8.810765894E1,4.434375000E1,-1.758750153E1,-3.129375076E1
8.811765894E1,4.327500153E1,-1.685625076E1,-3.101250076E1
8.812765894E1,4.040625000E1,-1.629375076E1,-2.743125153E1
8.813765894E1,3.772500229E1,-1.794375038E1,-2.349375153E1
8.814765894E1,3.875625229E1,-1.869375038E1,-2.469375038E1
8.815765894E1,4.239375305E1,-1.811250114E1,-2.855625153E1
8.816765894E1,4.376250076E1,-1.856250000E1,-3.103125191E1
8.817765894E1,4.348125076E1,-1.509375095E1,-3.101250076E1
8.818765894E1,4.149375153E1,-1.698750114E1,-2.596875191E1
8.819765894E1,3.960000229E1,-1.830000114E1,-2.302500153E1
8.820765894E1,4.115625000E1,-1.762500000E1,-2.529375076E1
8.821765894E1,4.438125229E1,-1.755000114E1,-2.988750076E1
8.822765894E1,4.434375000E1,-1.822500038E1,-3.123750114E1
8.823765894E1,4.436250305E1,-1.756875038E1,-3.065625191E1
8.824765894E1,4.132500076E1,-1.715625000E1,-2.611875153E1
8.825765894E1,3.973125076E1,-1.796250153E1,-2.259375000E1
8.826765894E1,4.111875153E1,-1.713750076E1,-2.501250076E1
8.827765894E1,4.410000229E1,-1.916250038E1,-3.067500114E1
8.828765894E1,4.543125153E1,-1.674375153E1,-3.215625000E1
8.829765894E1,4.417500305E1,-1.711875153E1,-3.131250191E1
8.830765894E1,4.269375229E1,-1.468125057E1,-2.508750153E1
8.831765894E1,4.076250076E1,-1.695000076E1,-2.253750038E1
8.832765894E1,4.027500153E1,-1.672500038E1,-2.520000076E1
8.833765894E1,4.436250305E1,-1.672500038E1,-2.838750076E1
8.834765894E1,4.453125000E1,-1.586250019E1,-3.206250000E1
8.835765894E1,4.473750305E1,-1.563750076E1,-3.035625076E1
8.836765894E1,4.020000076E1,-1.588125038E1,-2.917500114E1
8.837765894E1,4.040625000E1,-1.728750038E1,-2.296875000E1
8.838765894E1,3.973125076E1,-1.818750000E1,-2.538750076E1
8.839765894E1,4.201875305E1,-1.828125000E1,-2.791875076E1
8.840765894E1,4.413750076E1,-1.571250057E1,-3.191250038E1
8.841765894E1,4.393125153E1,-1.571250057E1,-3.112500191E1
8.842765894E1,4.057500076E1,-1.676250076E1,-2.707500076E1
8.843765894E1,3.956250000E1,-1.740000153E1,-2.544375038E1
8.844765894E1,3.843750000E1,-1.923750114E1,-2.621250153E1
8.845765894E1,4.117500305E1,-1.867500114E1,-2.911875153E1
8.846765894E1,4.447500229E1,-1.663125038E1,-3.168750191E1
8.847765894E1,4.335000229E1,-1.614375114E1,-2.825625038E1
8.848765894E1,4.070625305E1,-1.878750038E1,-2.675625038E1
8.849765894E1,3.830625153E1,-1.788750076E1,-2.287500000E1
8.850765894E1,4.001250076E1,-1.623750114E1,-2.415000153E1
8.851765894E1,4.121250153E1,-1.623750114E1,-2.713125038E1
8.852765894E1,4.263750076E1,-1.736250114E1,-3.112500191E1
8.853765894E1,4.290000153E1,-1.732500076E1,-3.003750038E1
8.854765894E1,4.072500229E1,-1.723125076E1,-2.718750191E1
8.855765894E1,3.900000000E1,-1.837500000E1,-2.488125038E1
8.856765894E1,3.971250153E1,-1.880625153E1,-2.518125153E1
8.857765894E1,4.140000153E1,-1.666875076E1,-2.553750038E1
8.858765894E1,4.372500229E1,-1.683750153E1,-3.133125114E1
8.859765894E1,4.233750153E1,-1.640625000E1,-3.026250076E1
8.860765894E1,4.081875229E1,-1.518750095E1,-2.799375153E1
8.861765894E1,3.939375305E1,-1.610625076E1,-2.351250076E1
8.862765894E1,3.881250000E1,-1.708125114E1,-2.326875114E1
8.863765894E1,4.031250000E1,-1.835625076E1,-2.709375191E1
8.864765894E1,4.291875076E1,-1.689375114E1,-3.178125191E1
8.865765894E1,4.224375153E1,-1.878750038E1,-2.973750114E1
8.866765894E1,4.183125305E1,-1.573125076E1,-2.733750153E1
8.867765894E1,3.975000000E1,-1.638750076E1,-2.319375038E1
8.868765894E1,3.858750153E1,-1.732500076E1,-2.606250191E1
8.869765894E1,3.928125000E1,-1.719375038E1,-2.857500076E1
8.870765894E1,4.466250229E1,-1.438125038E1,-3.015000153E1
8.871765894E1,4.108125305E1,-1.618125153E1,-3.026250076E1
8.872765894E1,4.057500076E1,-1.518750095E1,-2.799375153E1
8.873765894E1,3.808125305E1,-1.511250019E1,-2.514375114E1
8.874765894E1,3.643125153E1,-1.745625114E1,-2.600625038E1
8.875765894E1,4.029375076E1,-1.837500000E1,-2.788125038E1
8.876765894E1,4.216875076E1,-1.771875000E1,-3.170625114E1
8.877765894E1,4.301250076E1,-1.700625038E1,-3.037500191E1
8.878765894E1,4.089375305E1,-1.614375114E1,-2.838750076E1
8.879765894E1,3.999375153E1,-1.719375038E1,-2.422500038E1
8.880765894E1,3.808125305E1,-1.966875076E1,-2.398125076E1
8.881765894E1,4.033125305E1,-1.794375038E1,-2.962500191E1
8.882765894E1,4.286250305E1,-1.890000153E1,-2.990625191E1
8.883765894E1,4.365000153E1,-1.794375038E1,-3.123750114E1
8.884765894E1,4.121250153E1,-1.863750076E1,-2.771250153E1
8.885765894E1,3.892500305E1,-1.800000000E1,-2.257500076E1
8.886765894E1,3.879375076E1,-1.835625076E1,-2.332500076E1
8.887765894E1,4.091250229E1,-1.828125000E1,-2.570625114E1
8.888765894E1,4.284375000E1,-1.893750000E1,-3.146250153E1
8.889765894E1,4.228125000E1,-1.959375000E1,-3.046875191E1
8.890765894E1,4.293750000E1,-1.726875114E1,-2.816250038E1
8.891765894E1,4.076250076E1,-1.873125076E1,-2.409375191E1
8.892765894E1,3.898125076E1,-1.815000153E1,-2.240625000E1
8.893765894E1,4.183125305E1,-1.698750114E1,-2.675625038E1
8.894765894E1,4.329375076E1,-1.777500153E1,-2.970000076E1
8.895765894E1,4.470000076E1,-1.670625114E1,-2.885625076E1
8.896765894E1,4.256250000E1,-1.503750038E1,-2.615625191E1
8.897765894E1,4.016250229E1,-1.764375114E1,-2.386875153E1
8.898765894E1,4.001250076E1,-1.625625038E1,-2.445000076E1
8.899765894E1,4.057500076E1,-1.674375153E1,-2.675625038E1
8.900765894E1,4.288125229E1,-1.794375038E1,-2.983125114E1
8.901765894E1,4.498125076E1,-1.591875076E1,-2.971875191E1
8.902765894E1,4.305000305E1,-1.603125000E1,-2.921250153E1
8.903765894E1,4.072500229E1,-1.546875095E1,-2.640000153E1
8.904765894E1,3.931875229E1,-1.691250038E1,-2.422500038E1
8.905765894E1,4.068750000E1,-1.550625038E1,-2.827500153E1
8.906765894E1,4.260000229E1,-1.481250095E1,-3.024375153E1
8.907765894E1,4.406250000E1,-1.599375057E1,-3.000000191E1
8.908765894E1,4.342500305E1,-1.533750057E1,-2.801250076E1
8.909765894E1,4.078125000E1,-1.623750114E1,-2.602500153E1
8.910765894E1,3.787500000E1,-1.749375153E1,-2.478750038E1
8.911765894E1,3.956250000E1,-1.618125153E1,-2.726250076E1
8.912765894E1,4.216875076E1,-1.833750153E1,-3.118125153E1
8.913765894E1,4.522500229E1,-1.610625076E1,-3.125625038E1
8.914765894E1,4.464375305E1,-1.571250057E1,-2.690625191E1
8.915765894E1,4.093125153E1,-1.610625076E1,-2.698125076E1
8.916765894E1,3.868125153E1,-1.681875038E1,-2.516250038E1
8.917765894E1,3.780000305E1,-1.736250114E1,-2.604375076E1
8.918765894E1,4.179375076E1,-1.580625057E1,-2.998125076E1
8.919765894E1,4.496250153E1,-1.616250038E1,-3.281250000E1
8.920765894E1,4.421250153E1,-1.708125114E1,-2.992500114E1
8.921765894E1,4.091250229E1,-1.828125000E1,-2.600625038E1
8.922765894E1,3.853125000E1,-1.695000076E1,-2.390625000E1
8.923765894E1,3.875625229E1,-1.841250038E1,-2.566875076E1
8.924765894E1,4.095000076E1,-1.807500076E1,-3.009375191E1
8.925765894E1,4.434375000E1,-1.698750114E1,-3.226875305E1
8.926765894E1,4.400625229E1,-1.623750114E1,-2.701875114E1
8.927765894E1,4.138125229E1,-1.670625114E1,-2.677500153E1
8.928765894E1,3.723750305E1,-1.715625000E1,-2.246250153E1
8.929765894E1,3.821250153E1,-1.623750114E1,-2.583750153E1
8.930765894E1,4.006875229E1,-1.601250076E1,-2.745000076E1
8.931765894E1,4.218750000E1,-1.685625076E1,-2.881875038E1
8.932765894E1,4.336875153E1,-1.612500000E1,-2.748750114E1
8.933765894E1,3.976875305E1,-1.721250153E1,-2.420625114E1
8.934765894E1,3.592500305E1,-1.822500038E1,-2.437500191E1
8.935765894E1,3.757500076E1,-1.558125019E1,-2.368125153E1
8.936765894E1,3.900000000E1,-1.704375076E1,-2.874375153E1
8.937765894E1,4.380000305E1,-1.728750038E1,-3.035625076E1
8.938765894E1,4.366875076E1,-1.593750095E1,-2.703750038E1
8.939765894E1,4.186875153E1,-1.515000057E1,-2.332500076E1
8.940765894E1,3.706875229E1,-1.586250019E1,-2.100000000E1
8.941765894E1,3.596250153E1,-1.696875000E1,-2.433750153E1
8.942765894E1,3.939375305E1,-1.635000038E1,-2.677500153E1
8.943765894E1,4.147500229E1,-1.548750019E1,-2.876250076E1
8.944765894E1,4.438125229E1,-1.515000057E1,-2.898750114E1
8.945765894E1,4.130625153E1,-1.449375057E1,-2.664375114E1
8.946765894E1,3.751875305E1,-1.545000076E1,-2.463750076E1
8.947765894E1,3.596250153E1,-1.663125038E1,-2.388750076E1
8.948765894E1,3.866250229E1,-1.612500000E1,-2.896875191E1
8.949765894E1,4.288125229E1,-1.732500076E1,-3.033750153E1
8.950765894E1,4.320000076E1,-1.711875153E1,-2.911875153E1
8.951765894E1,3.993750000E1,-1.704375076E1,-2.439375114E1
8.952765894E1,3.660000229E1,-1.610625076E1,-2.362500000E1
8.953765894E1,3.538125229E1,-1.730625153E1,-2.398125076E1
8.954765894E1,3.648750305E1,-1.865625000E1,-2.998125076E1
8.955765894E1,4.241250229E1,-1.717500114E1,-2.910000038E1
8.956765894E1,4.241250229E1,-1.717500114E1,-2.910000038E1
8.957765894E1,4.023750305E1,-1.800000000E1,-2.572500038E1
8.958765894E1,3.496875000E1,-1.696875000E1,-2.212500000E1
8.959765894E1,3.376875305E1,-1.813125038E1,-2.169375038E1
8.960765894E1,3.755625153E1,-1.740000153E1,-2.681250191E1
8.961765894E1,4.297500229E1,-1.505625057E1,-2.835000038E1
8.962765894E1,4.078125000E1,-1.621875000E1,-2.525625038E1
8.963765894E1,4.078125000E1,-1.621875000E1,-2.525625038E1
8.964765894E1,3.534375000E1,-1.803750038E1,-2.205000114E1
8.965765894E1,3.738750076E1,-1.785000038E1,-2.568750191E1
8.966765894E1,4.188750076E1,-1.614375114E1,-3.075000191E1
8.967765894E1,4.335000229E1,-1.614375114E1,-2.825625038E1
8.968765894E1,4.126875305E1,-1.576875019E1,-2.731875038E1
8.969765894E1,3.654375076E1,-1.535625076E1,-2.493750191E1
8.970765894E1,3.435000229E1,-1.653750038E1,-2.246250153E1
8.971765894E1,3.774375153E1,-1.741875076E1,-2.821875191E1
8.972765894E1,4.216875076E1,-1.689375114E1,-2.990625191E1
8.973765894E1,4.573125076E1,-1.591875076E1,-3.144375038E1
8.974765894E1,4.336875153E1,-1.520625019E1,-2.850000191E1
8.975765894E1,3.710625076E1,-1.533750057E1,-2.525625038E1
8.976765894E1,3.506250000E1,-1.659375000E1,-2.668125153E1
8.977765894E1,3.746250153E1,-1.666875076E1,-2.876250076E1
8.978765894E1,4.468125153E1,-1.518750095E1,-3.118125153E1
8.979765894E1,4.582500076E1,-1.680000114E1,-3.481875229E1
8.980765894E1,4.368750000E1,-1.811250114E1,-3.217500305E1
8.981765894E1,3.680625153E1,-1.790625000E1,-2.628750038E1
8.982765894E1,3.682500076E1,-1.756875038E1,-2.538750076E1
8.983765894E1,3.971250153E1,-1.998750114E1,-2.741250038E1
8.984765894E1,4.421250153E1,-1.906875038E1,-3.350625229E1
8.985765894E1,4.706250000E1,-1.683750153E1,-3.279375076E1
8.986765894E1,4.396875000E1,-1.865625000E1,-2.900625038E1
8.987765894E1,3.826875305E1,-1.638750076E1,-2.596875191E1
8.988765894E1,3.523125076E1,-1.890000153E1,-2.415000153E1
8.989765894E1,3.798750305E1,-1.801875114E1,-2.724375153E1
8.990765894E1,4.423125076E1,-1.635000038E1,-3.217500305E1
8.991765894E1,4.612500000E1,-1.700625038E1,-3.136875153E1
8.992765894E1,4.306875229E1,-1.777500153E1,-2.968125153E1
8.993765894E1,3.838125229E1,-1.730625153E1,-2.495625114E1
8.994765894E1,3.564375305E1,-1.747500038E1,-2.521875191E1
8.995765894E1,3.811875153E1,-1.758750153E1,-2.915625191E1
8.996765894E1,4.485000229E1,-1.680000114E1,-3.292500305E1
8.997765894E1,4.719375229E1,-1.888125038E1,-3.279375076E1
8.998765894E1,4.481250000E1,-1.755000114E1,-3.067500114E1
8.999765894E1,3.851250076E1,-1.696875000E1,-2.420625114E1
9.000765894E1,3.620625305E1,-1.899375153E1,-2.400000000E1
9.001765894E1,3.817500305E1,-2.023125076E1,-2.752500153E1
9.002765894E1,4.453125000E1,-1.801875114E1,-3.000000191E1
9.003765894E1,4.740000153E1,-1.773750114E1,-3.178125191E1
9.004765894E1,4.509375000E1,-1.891875076E1,-2.947500038E1
9.005765894E1,3.915000153E1,-1.861875153E1,-2.205000114E1
9.006765894E1,3.564375305E1,-1.723125076E1,-2.210625076E1
9.007765894E1,3.755625153E1,-1.831875038E1,-2.580000114E1
9.008765894E1,4.434375000E1,-1.800000000E1,-2.859375191E1
9.009765894E1,4.818750381E1,-1.500000095E1,-3.202500153E1
9.010765894E1,4.597500229E1,-1.389375019E1,-2.677500153E1
9.011765894E1,3.858750153E1,-1.554375076E1,-2.448750114E1
9.012765894E1,3.575625229E1,-1.445625019E1,-2.469375038E1
9.013765894E1,3.873750305E1,-1.696875000E1,-2.499375153E1
9.014765894E1,4.599375153E1,-1.338750076E1,-3.196875191E1
9.015765894E1,4.861875153E1,-1.501875019E1,-3.345000076E1
9.016765894E1,4.608750153E1,-1.505625057E1,-2.934375191E1
9.017765894E1,3.870000076E1,-1.586250019E1,-2.508750153E1
9.018765894E1,3.337500000E1,-1.706250000E1,-2.240625000E1
9.019765894E1,3.851250076E1,-1.543125057E1,-2.591250038E1
9.020765894E1,4.441875076E1,-1.618125153E1,-3.202500153E1
9.021765894E1,4.816875076E1,-1.681875038E1,-3.468750000E1
9.022765894E1,4.533750153E1,-1.558125019E1,-2.928750038E1
9.023765894E1,3.748125076E1,-1.642500114E1,-2.550000191E1
9.024765894E1,3.292500305E1,-1.824375153E1,-2.416875076E1
9.025765894E1,3.626250076E1,-1.760625076E1,-2.583750153E1
9.026765894E1,4.406250000E1,-1.777500153E1,-3.157500076E1
9.027765894E1,4.983750153E1,-1.539375019E1,-3.234375000E1
9.028765894E1,4.687500000E1,-1.595625019E1,-2.911875153E1
9.029765894E1,3.971250153E1,-1.550625038E1,-2.561250114E1
9.030765894E1,3.463125229E1,-1.605000114E1,-2.266875076E1
9.031765894E1,3.723750305E1,-1.798125076E1,-2.426250076E1
9.032765894E1,4.387500000E1,-1.524375057E1,-3.148125076E1
9.033765894E1,4.927500153E1,-1.593750095E1,-3.399375153E1
9.034765894E1,4.545000076E1,-1.338750076E1,-3.071250153E1
9.035765894E1,3.877500153E1,-1.621875000E1,-2.647500038E1
9.036765894E1,3.258750153E1,-1.554375076E1,-2.298750114E1
9.037765894E1,3.560625076E1,-1.730625153E1,-2.430000114E1
9.038765894E1,4.376250076E1,-1.678125000E1,-2.962500191E1
9.039765894E1,4.788750076E1,-1.518750095E1,-3.247500229E1
9.040765894E1,4.599375153E1,-1.588125038E1,-3.035625076E1
9.041765894E1,3.847500229E1,-1.524375057E1,-2.497500038E1
9.042765894E1,3.440625000E1,-1.668750000E1,-2.261250114E1
9.043765894E1,3.654375076E1,-1.837500000E1,-2.531250191E1
9.044765894E1,4.441875076E1,-1.618125153E1,-3.202500153E1
9.045765894E1,4.938750076E1,-1.653750038E1,-3.331875229E1
9.046765894E1,4.666875076E1,-1.554375076E1,-3.086250114E1
9.047765894E1,3.866250229E1,-1.631250000E1,-2.364375114E1
9.048765894E1,3.463125229E1,-1.575000095E1,-2.362500000E1
9.049765894E1,3.628125000E1,-1.696875000E1,-2.542500114E1
9.050765894E1,4.423125076E1,-1.666875076E1,-3.230625153E1
9.051765894E1,4.938750076E1,-1.655625153E1,-3.378750229E1
9.052765894E1,4.599375153E1,-1.610625076E1,-3.285000229E1
9.053765894E1,3.922500229E1,-1.650000000E1,-2.645625114E1
9.054765894E1,3.463125229E1,-1.698750114E1,-2.242500114E1
9.055765894E1,3.519375229E1,-2.021250153E1,-2.576250076E1
9.056765894E1,4.291875076E1,-1.813125038E1,-3.106875038E1
9.057765894E1,4.936875153E1,-1.543125057E1,-3.311250305E1
9.058765894E1,4.623750305E1,-1.760625076E1,-3.037500191E1
9.059765894E1,3.796875000E1,-1.603125000E1,-2.366250038E1
9.060765894E1,3.341250229E1,-1.723125076E1,-2.255625153E1
9.061765894E1,3.579375076E1,-1.858125114E1,-2.512500191E1
9.062765894E1,4.248750305E1,-1.781250000E1,-2.968125153E1
9.063765894E1,4.884375381E1,-1.561875057E1,-3.292500305E1
9.064765894E1,4.612500000E1,-1.616250038E1,-2.893125153E1
9.065765894E1,3.864375305E1,-1.507500076E1,-2.516250038E1
9.066765894E1,3.348750305E1,-1.558125019E1,-2.019375038E1
9.067765894E1,3.472500229E1,-1.638750076E1,-2.388750076E1
9.068765894E1,4.160625076E1,-1.691250038E1,-2.958750153E1
9.069765894E1,4.771875000E1,-1.565625095E1,-3.211875153E1
9.070765894E1,4.631250000E1,-1.503750038E1,-2.902500153E1
9.071765894E1,3.864375305E1,-1.509375095E1,-2.546250153E1
9.072765894E1,3.296250153E1,-1.578750038E1,-2.062500000E1
9.073765894E1,3.421875000E1,-1.863750076E1,-2.400000000E1
9.074765894E1,4.201875305E1,-1.725000000E1,-3.095625114E1
9.075765894E1,4.723125076E1,-1.665000153E1,-3.266250229E1
9.076765894E1,4.636875153E1,-1.657500076E1,-3.390000153E1
9.077765894E1,3.841875076E1,-1.779375076E1,-2.523750114E1
9.078765894E1,3.331875229E1,-1.846875000E1,-2.118750000E1
9.079765894E1,3.459375000E1,-1.848750114E1,-2.527500153E1
9.080765894E1,4.252500153E1,-1.800000000E1,-3.060000038E1
9.081765894E1,4.888125229E1,-1.796250153E1,-3.210000229E1
9.082765894E1,4.595625305E1,-1.809375000E1,-2.986875153E1
9.083765894E1,3.866250229E1,-1.743750000E1,-2.480625153E1
9.084765894E1,3.286875153E1,-1.848750114E1,-2.086875153E1
9.085765894E1,3.690000153E1,-1.749375153E1,-2.242500114E1
9.086765894E1,4.387500000E1,-1.950000000E1,-3.080625153E1
9.087765894E1,4.985625076E1,-1.681875038E1,-3.268125153E1
9.088765894E1,4.753125000E1,-1.741875076E1,-3.213750076E1
9.089765894E1,3.958125305E1,-1.770000076E1,-2.448750114E1
9.090765894E1,3.429375076E1,-1.854375076E1,-2.026875114E1
9.091765894E1,3.558750153E1,-1.886250114E1,-2.338125038E1
9.092765894E1,4.350000000E1,-1.755000114E1,-2.767500114E1
9.093765894E1,5.075625229E1,-1.468125057E1,-3.193125153E1
9.094765894E1,4.781250000E1,-1.608750153E1,-3.005625153E1
9.095765894E1,3.930000305E1,-1.816875076E1,-2.349375153E1
9.096765894E1,3.382500076E1,-1.828125000E1,-2.137500000E1
9.097765894E1,3.571875000E1,-1.822500038E1,-2.375625038E1
9.098765894E1,4.471875000E1,-1.783125114E1,-2.908125114E1
9.099765894E1,5.079375076E1,-1.640625000E1,-3.148125076E1
9.100765894E1,4.931250381E1,-1.659375000E1,-2.910000038E1
9.101765894E1,4.113750076E1,-1.803750038E1,-2.291250038E1
9.102765894E1,3.519375229E1,-1.736250114E1,-1.959375000E1
9.103765894E1,3.628125000E1,-1.736250114E1,-2.195625114E1
9.104765894E1,4.479375076E1,-1.858125114E1,-2.761875153E1
9.105765894E1,5.156250381E1,-1.546875095E1,-3.376875305E1
9.106765894E1,4.944375229E1,-1.668750000E1,-3.315000153E1
9.107765894E1,4.188750076E1,-1.567500019E1,-2.469375038E1
9.108765894E1,3.526875305E1,-1.708125114E1,-2.148750114E1
9.109765894E1,3.585000229E1,-1.786875153E1,-2.253750038E1
9.110765894E1,4.503750229E1,-1.698750114E1,-2.836875153E1
9.111765894E1,5.079375076E1,-1.726875114E1,-3.406875229E1
9.112765894E1,4.865625381E1,-1.672500038E1,-3.283125305E1
9.113765894E1,4.100625229E1,-1.777500153E1,-2.433750153E1
9.114765894E1,3.624375153E1,-1.539375019E1,-1.946250153E1
9.115765894E1,3.705000305E1,-1.494375038E1,-2.233125114E1
9.116765894E1,4.456875229E1,-1.526250076E1,-2.758125114E1
9.117765894E1,4.732500076E1,-1.980000114E1,-3.178125191E1
9.118765894E1,4.543125153E1,-2.199375153E1,-2.701875114E1
9.119765894E1,4.500000000E1,-1.659375000E1,-2.512500191E1
9.120765894E1,4.548750305E1,-1.335000038E1,-2.930625153E1
9.121765894E1,4.468125153E1,-1.303125095E1,-3.322500229E1
9.122765894E1,4.338750076E1,-1.717500114E1,-3.131250191E1
9.123765894E1,4.203750229E1,-1.918125153E1,-2.611875153E1
9.124765894E1,4.005000305E1,-2.083125114E1,-1.798125076E1
9.125765894E1,4.441875076E1,-1.880625153E1,-2.336250114E1
9.126765894E1,4.790625000E1,-1.794375038E1,-2.911875153E1
9.127765894E1,4.942500305E1,-1.672500038E1,-3.425625229E1
9.128765894E1,4.702500153E1,-1.612500000E1,-3.003750038E1
9.129765894E1,4.303125000E1,-1.560000038E1,-2.471250153E1
9.130765894E1,4.237500000E1,-1.507500076E1,-2.115000153E1
9.131765894E1,4.335000229E1,-1.569375038E1,-2.313750076E1
9.132765894E1,4.507500076E1,-1.717500114E1,-2.898750114E1
9.133765894E1,4.860000229E1,-1.565625095E1,-3.369375229E1
9.134765894E1,4.745625305E1,-1.520625019E1,-3.183750153E1
9.135765894E1,4.303125000E1,-1.674375153E1,-2.617500114E1
9.136765894E1,4.074375153E1,-1.676250076E1,-2.160000038E1
9.137765894E1,4.235625076E1,-1.595625019E1,-2.435625076E1
9.138765894E1,4.376250076E1,-1.657500076E1,-2.715000153E1
9.139765894E1,4.710000229E1,-1.586250019E1,-3.225000000E1
9.140765894E1,4.582500076E1,-1.657500076E1,-3.202500153E1
9.141765894E1,4.145625305E1,-1.505625057E1,-2.458125114E1
9.142765894E1,3.954375076E1,-1.666875076E1,-2.145000076E1
9.143765894E1,3.990000153E1,-1.863750076E1,-2.471250153E1
9.144765894E1,4.443750000E1,-1.591875076E1,-2.814375114E1
9.145765894E1,4.794375229E1,-1.597500038E1,-3.210000229E1
9.146765894E1,4.408125305E1,-1.681875038E1,-3.135000038E1
9.147765894E1,4.168125153E1,-1.588125038E1,-2.608125114E1
9.148765894E1,3.911250305E1,-1.689375114E1,-2.266875076E1
9.149765894E1,3.986250305E1,-1.606875038E1,-2.353125000E1
9.150765894E1,4.265625000E1,-1.588125038E1,-2.874375153E1
9.151765894E1,4.393125153E1,-1.417500019E1,-3.281250000E1
9.152765894E1,4.393125153E1,-1.417500019E1,-3.281250000E1
9.153765894E1,4.141875076E1,-1.533750057E1,-2.893125153E1
9.154765894E1,3.909375000E1,-1.631250000E1,-2.490000153E1
9.155765894E1,3.909375000E1,-1.631250000E1,-2.490000153E1
9.156765894E1,4.215000153E1,-1.837500000E1,-3.196875191E1
9.157765894E1,4.209375000E1,-1.646250153E1,-3.135000038E1
9.158765894E1,3.965625000E1,-1.558125019E1,-2.825625038E1
9.159765894E1,3.926250076E1,-1.738125038E1,-2.356875038E1
9.160765894E1,3.742500305E1,-1.873125076E1,-2.280000114E1
9.161765894E1,4.141875076E1,-1.811250114E1,-2.619375038E1
9.162765894E1,4.085625076E1,-1.796250153E1,-3.151875114E1
9.163765894E1,4.200000000E1,-1.580625057E1,-3.030000114E1
9.164765894E1,4.018125153E1,-1.631250000E1,-2.711250114E1
9.165765894E1,3.834375000E1,-1.807500076E1,-2.381250000E1
9.166765894E1,3.935625076E1,-1.861875153E1,-2.315625000E1
9.167765894E1,4.072500229E1,-1.878750038E1,-2.628750038E1
9.168765894E1,4.411875153E1,-1.946250153E1,-3.003750038E1
9.169765894E1,4.344375229E1,-1.732500076E1,-3.161250114E1
9.170765894E1,4.080000305E1,-1.644375038E1,-2.773125076E1
9.171765894E1,3.798750305E1,-1.841250038E1,-2.407500076E1
9.172765894E1,3.976875305E1,-1.696875000E1,-2.141250038E1
9.173765894E1,4.074375153E1,-1.820625114E1,-2.257500076E1
9.174765894E1,4.350000000E1,-1.661250114E1,-2.868750191E1
9.175765894E1,4.250625229E1,-1.625625038E1,-3.090000153E1
9.176765894E1,4.134375000E1,-1.674375153E1,-2.865000153E1
9.177765894E1,3.991875076E1,-1.488750076E1,-2.690625191E1
9.178765894E1,3.984375000E1,-1.608750153E1,-2.430000114E1
9.179765894E1,4.278750229E1,-1.501875019E1,-2.615625191E1
9.180765894E1,4.477500153E1,-1.582500076E1,-3.174375153E1
9.181765894E1,4.496250153E1,-1.470000076E1,-3.138750076E1
9.182765894E1,4.149375153E1,-1.545000076E1,-2.797500038E1
9.183765894E1,3.877500153E1,-1.713750076E1,-2.514375114E1
9.184765894E1,3.900000000E1,-1.599375057E1,-2.415000153E1
9.185765894E1,4.085625076E1,-1.597500038E1,-2.791875076E1
9.186765894E1,4.290000153E1,-1.576875019E1,-3.078750038E1
9.187765894E1,4.237500000E1,-1.597500038E1,-3.170625114E1
9.188765894E1,4.010625076E1,-1.710000038E1,-2.735625076E1
9.189765894E1,3.813750076E1,-1.556250095E1,-2.448750114E1
9.190765894E1,3.718125153E1,-1.878750038E1,-2.420625114E1
9.191765894E1,3.939375305E1,-1.811250114E1,-2.788125038E1
9.192765894E1,4.224375153E1,-1.702500153E1,-2.895000076E1
9.193765894E1,4.121250153E1,-1.582500076E1,-2.966250038E1
9.194765894E1,4.027500153E1,-1.779375076E1,-3.011250114E1
9.195765894E1,3.731250000E1,-1.595625019E1,-2.536875153E1
9.196765894E1,3.729375076E1,-1.815000153E1,-2.441250038E1
9.197765894E1,3.900000000E1,-1.743750000E1,-2.542500114E1
9.198765894E1,4.252500153E1,-1.777500153E1,-2.810625076E1
9.199765894E1,4.449375153E1,-1.413750076E1,-3.313125229E1
9.200765894E1,4.141875076E1,-1.438125038E1,-2.915625191E1
9.201765894E1,3.961875153E1,-1.486875057E1,-2.535000038E1
9.202765894E1,3.849375153E1,-1.698750114E1,-2.499375153E1
9.203765894E1,4.066875076E1,-1.614375114E1,-2.806875038E1
9.204765894E1,4.344375229E1,-1.492500019E1,-3.039375114E1
9.205765894E1,4.209375000E1,-1.674375153E1,-3.037500191E1
9.206765894E1,4.038750076E1,-1.631250000E1,-2.820000076E1
9.207765894E1,3.720000076E1,-1.650000000E1,-2.782500076E1
9.208765894E1,3.571875000E1,-1.646250153E1,-2.250000000E1
9.209765894E1,3.958125305E1,-1.616250038E1,-2.617500114E1
9.210765894E1,3.920625305E1,-1.653750038E1,-2.769375038E1
9.211765894E1,4.140000153E1,-1.620000076E1,-3.213750076E1
9.212765894E1,3.860625076E1,-1.599375057E1,-2.960625076E1
9.213765894E1,3.686250305E1,-1.535625076E1,-2.557500076E1
9.214765894E1,3.585000229E1,-1.880625153E1,-2.199375153E1
9.215765894E1,3.845625305E1,-1.681875038E1,-2.437500191E1
9.216765894E1,3.995625305E1,-1.745625114E1,-2.857500076E1
9.217765894E1,4.072500229E1,-1.831875038E1,-3.288750076E1
9.218765894E1,3.907500076E1,-1.740000153E1,-3.060000038E1
9.219765894E1,3.686250305E1,-1.713750076E1,-2.683125114E1
9.220765894E1,3.669375229E1,-1.891875076E1,-2.246250153E1
9.221765894E1,4.027500153E1,-1.670625114E1,-2.441250038E1
9.222765894E1,4.078125000E1,-1.801875114E1,-2.713125038E1
9.223765894E1,4.147500229E1,-1.807500076E1,-3.166875076E1
9.224765894E1,4.104375076E1,-1.509375095E1,-3.112500191E1
9.225765894E1,3.823125076E1,-1.620000076E1,-2.458125114E1
9.226765894E1,3.815625000E1,-1.678125000E1,-2.250000000E1
9.227765894E1,3.900000000E1,-1.721250153E1,-2.263125038E1
9.228765894E1,4.228125000E1,-1.605000114E1,-2.810625076E1
9.229765894E1,4.357500076E1,-1.605000114E1,-3.108750153E1
9.230765894E1,4.181250000E1,-1.546875095E1,-2.908125114E1
9.231765894E1,3.920625305E1,-1.507500076E1,-2.595000076E1
9.232765894E1,3.778125000E1,-1.539375019E1,-2.276250076E1
9.233765894E1,3.785625076E1,-1.749375153E1,-2.508750153E1
9.234765894E1,4.151250076E1,-1.781250000E1,-2.731875038E1
9.235765894E1,4.132500076E1,-1.822500038E1,-3.103125191E1
9.236765894E1,4.074375153E1,-1.741875076E1,-2.889375114E1
9.237765894E1,3.793125153E1,-1.785000038E1,-2.679375076E1
9.238765894E1,3.740625000E1,-1.700625038E1,-2.310000038E1
9.239765894E1,3.708750153E1,-1.783125114E1,-2.381250000E1
9.240765894E1,4.025625229E1,-1.620000076E1,-2.336250114E1
9.241765894E1,4.138125229E1,-1.691250038E1,-2.880000114E1
9.242765894E1,3.900000000E1,-1.706250000E1,-2.906250191E1
9.243765894E1,3.755625153E1,-1.561875057E1,-2.493750191E1
9.244765894E1,3.774375153E1,-1.698750114E1,-2.310000038E1
9.245765894E1,3.757500076E1,-1.651875114E1,-2.345625114E1
9.246765894E1,4.012500000E1,-1.616250038E1,-2.728125191E1
9.247765894E1,4.102500153E1,-1.601250076E1,-3.043125153E1
9.248765894E1,4.023750305E1,-1.676250076E1,-2.675625038E1
9.249765894E1,3.961875153E1,-1.631250000E1,-2.632500076E1
9.250765894E1,3.830625153E1,-1.695000076E1,-2.311875153E1
9.251765894E1,3.922500229E1,-1.597500038E1,-2.415000153E1
9.252765894E1,4.027500153E1,-1.640625000E1,-2.538750076E1
9.253765894E1,4.312500000E1,-1.638750076E1,-3.075000191E1
9.254765894E1,4.233750153E1,-1.672500038E1,-3.007500076E1
9.255765894E1,3.909375000E1,-1.591875076E1,-2.775000191E1
9.256765894E1,3.900000000E1,-1.599375057E1,-2.415000153E1
9.257765894E1,3.823125076E1,-1.796250153E1,-2.583750153E1
9.258765894E1,4.280625153E1,-1.822500038E1,-2.791875076E1
9.259765894E1,4.413750076E1,-1.518750095E1,-2.975625038E1
9.260765894E1,4.363125229E1,-1.443750095E1,-3.013125038E1
9.261765894E1,3.956250000E1,-1.618125153E1,-2.726250076E1
9.262765894E1,3.847500229E1,-1.650000000E1,-2.424375153E1
9.263765894E1,3.866250229E1,-1.743750000E1,-2.480625153E1
9.264765894E1,4.141875076E1,-1.687500000E1,-2.724375153E1
9.265765894E1,4.198125076E1,-1.708125114E1,-3.082500076E1
9.266765894E1,4.263750076E1,-1.644375038E1,-3.213750076E1
9.267765894E1,4.055625153E1,-1.500000095E1,-2.628750038E1
9.268765894E1,3.950625229E1,-1.672500038E1,-2.330625153E1
9.269765894E1,3.855000305E1,-1.713750076E1,-2.514375114E1
9.270765894E1,4.070625305E1,-1.880625153E1,-2.705625153E1
9.271765894E1,4.215000153E1,-1.691250038E1,-3.099375153E1
9.272765894E1,4.196250153E1,-1.584375095E1,-3.217500305E1
9.273765894E1,3.991875076E1,-1.460625076E1,-2.786250114E1
9.274765894E1,3.826875305E1,-1.545000076E1,-2.621250153E1
9.275765894E1,3.905625153E1,-1.912500000E1,-2.373750114E1
9.276765894E1,4.050000000E1,-1.745625114E1,-2.968125153E1
9.277765894E1,4.239375305E1,-1.740000153E1,-3.189375114E1
9.278765894E1,4.235625076E1,-1.578750038E1,-3.031875038E1
9.279765894E1,3.898125076E1,-1.621875000E1,-2.724375153E1
9.280765894E1,3.699375153E1,-1.811250114E1,-2.221875000E1
9.281765894E1,3.772500229E1,-1.794375038E1,-2.349375153E1
9.282765894E1,4.023750305E1,-1.800000000E1,-2.572500038E1
9.283765894E1,4.156875229E1,-1.818750000E1,-2.994375038E1
9.284765894E1,4.121250153E1,-1.492500019E1,-3.129375076E1
9.285765894E1,3.907500076E1,-1.539375019E1,-2.591250038E1
9.286765894E1,3.705000305E1,-1.610625076E1,-2.441250038E1
9.287765894E1,3.738750076E1,-1.846875000E1,-2.484375191E1
9.288765894E1,4.046250153E1,-1.905000114E1,-3.016875076E1
9.289765894E1,4.245000076E1,-1.695000076E1,-3.286875153E1
9.290765894E1,4.035000229E1,-1.636875153E1,-3.007500076E1
9.291765894E1,3.952500153E1,-1.599375057E1,-2.555625153E1
9.292765894E1,3.566250229E1,-1.993125153E1,-2.190000153E1
9.293765894E1,4.006875229E1,-1.815000153E1,-2.506875038E1
9.294765894E1,4.130625153E1,-1.771875000E1,-2.904375076E1
9.295765894E1,4.254375076E1,-1.728750038E1,-3.393750000E1
9.296765894E1,4.147500229E1,-1.725000000E1,-3.016875076E1
9.297765894E1,3.815625000E1,-1.608750153E1,-2.630625153E1
9.298765894E1,3.695625305E1,-1.878750038E1,-2.418750191E1
9.299765894E1,3.855000305E1,-1.837500000E1,-2.409375191E1
9.300765894E1,4.207500076E1,-1.539375019E1,-2.690625191E1
9.301765894E1,4.340625000E1,-1.736250114E1,-3.270000076E1
9.302765894E1,4.111875153E1,-1.968750000E1,-3.153750038E1
9.303765894E1,4.083750153E1,-1.691250038E1,-2.801250076E1
9.304765894E1,3.836250305E1,-1.803750038E1,-2.255625153E1
9.305765894E1,3.909375000E1,-1.693125153E1,-2.422500038E1
9.306765894E1,4.222500229E1,-1.588125038E1,-2.748750114E1
9.307765894E1,4.466250229E1,-1.770000076E1,-3.003750038E1
9.308765894E1,4.494375229E1,-1.867500114E1,-3.166875076E1
9.309765894E1,4.078125000E1,-1.738125038E1,-2.733750153E1
9.310765894E1,4.008750153E1,-1.636875153E1,-2.319375038E1
9.311765894E1,4.078125000E1,-1.599375057E1,-2.276250076E1
9.312765894E1,4.252500153E1,-1.599375057E1,-2.655000114E1
9.313765894E1,4.513125229E1,-1.576875019E1,-3.020625114E1
9.314765894E1,4.400625229E1,-1.428750038E1,-3.108750153E1
9.315765894E1,4.263750076E1,-1.391250038E1,-2.578125191E1
9.316765894E1,4.055625153E1,-1.477500057E1,-2.379375076E1
9.317765894E1,3.871875000E1,-1.582500076E1,-2.321250153E1
9.318765894E1,4.164375305E1,-1.591875076E1,-2.793750191E1
9.319765894E1,4.398750305E1,-1.670625114E1,-3.307500076E1
9.320765894E1,4.421250153E1,-1.492500019E1,-3.196875191E1
9.321765894E1,4.222500229E1,-1.610625076E1,-3.028125191E1
9.322765894E1,3.995625305E1,-1.546875095E1,-2.452500153E1
9.323765894E1,3.823125076E1,-1.621875000E1,-2.505000114E1
9.324765894E1,3.999375153E1,-1.680000114E1,-2.737500191E1
9.325765894E1,4.404375076E1,-1.601250076E1,-3.110625076E1
9.326765894E1,4.404375076E1,-1.385625076E1,-3.315000153E1
9.327765894E1,4.106250000E1,-1.723125076E1,-2.797500038E1
9.328765894E1,3.727500153E1,-1.695000076E1,-2.700000191E1
9.329765894E1,3.800625229E1,-1.498125076E1,-2.561250114E1
9.330765894E1,3.969375229E1,-1.730625153E1,-2.827500153E1
9.331765894E1,4.310625076E1,-1.642500114E1,-3.213750076E1
9.332765894E1,4.400625229E1,-1.513125038E1,-3.367500305E1
9.333765894E1,4.078125000E1,-1.520625019E1,-2.908125114E1
9.334765894E1,3.705000305E1,-1.665000153E1,-2.718750191E1
9.335765894E1,3.660000229E1,-1.511250019E1,-2.793750191E1
9.336765894E1,3.727500153E1,-1.717500114E1,-2.949375153E1
9.337765894E1,4.089375305E1,-1.689375114E1,-3.346875000E1
9.338765894E1,4.258125305E1,-1.745625114E1,-3.455625153E1
9.339765894E1,4.155000305E1,-1.644375038E1,-2.992500114E1
9.340765894E1,3.766875076E1,-1.683750153E1,-2.358750153E1
9.341765894E1,3.766875076E1,-1.683750153E1,-2.358750153E1
9.342765894E1,4.091250229E1,-1.434375095E1,-2.649375153E1
9.343765894E1,4.149375153E1,-1.683750153E1,-3.270000076E1
9.344765894E1,4.149375153E1,-1.683750153E1,-3.270000076E1
9.345765894E1,4.081875229E1,-1.601250076E1,-2.979375076E1
9.346765894E1,3.641250229E1,-1.631250000E1,-2.501250076E1
9.347765894E1,3.733125305E1,-1.616250038E1,-2.739375114E1
9.348765894E1,3.913125229E1,-1.663125038E1,-3.127500153E1
9.349765894E1,4.168125153E1,-1.633125114E1,-3.166875076E1
9.350765894E1,4.091250229E1,-1.456875038E1,-2.898750114E1
9.351765894E1,3.766875076E1,-1.706250000E1,-2.638125038E1
9.352765894E1,3.682500076E1,-1.610625076E1,-2.409375191E1
9.353765894E1,3.778125000E1,-1.498125076E1,-2.561250114E1
9.354765894E1,4.050000000E1,-1.685625076E1,-3.082500076E1
9.355765894E1,4.261875153E1,-1.646250153E1,-3.290625000E1
9.356765894E1,4.321875000E1,-1.586250019E1,-2.938125038E1
9.357765894E1,3.898125076E1,-1.530000019E1,-2.827500153E1
9.358765894E1,3.770625305E1,-1.796250153E1,-2.428125191E1
9.359765894E1,3.680625153E1,-1.792500114E1,-2.675625038E1
9.360765894E1,4.153125000E1,-1.646250153E1,-3.024375153E1
9.361765894E1,4.245000076E1,-1.786875153E1,-3.185625076E1
9.362765894E1,4.237500000E1,-1.719375038E1,-3.018750191E1
9.363765894E1,3.885000229E1,-1.657500076E1,-2.831250191E1
9.364765894E1,3.624375153E1,-1.740000153E1,-2.336250114E1
9.365765894E1,3.736875153E1,-1.612500000E1,-2.551875114E1
9.366765894E1,4.138125229E1,-1.535625076E1,-3.033750153E1
9.367765894E1,4.181250000E1,-1.530000019E1,-3.502500153E1
9.368765894E1,4.286250305E1,-1.404375076E1,-3.187500191E1
9.369765894E1,3.945000076E1,-1.524375057E1,-2.748750114E1
9.370765894E1,3.877500153E1,-1.228125095E1,-2.741250038E1
9.371765894E1,3.712500000E1,-1.552500057E1,-2.649375153E1
9.372765894E1,4.081875229E1,-1.601250076E1,-2.932500076E1
9.373765894E1,4.278750229E1,-1.546875095E1,-3.127500153E1
9.374765894E1,4.188750076E1,-1.612500000E1,-2.996250153E1
9.375765894E1,3.999375153E1,-1.501875019E1,-2.596875191E1
9.376765894E1,3.740625000E1,-1.584375095E1,-2.100000000E1
9.377765894E1,3.881250000E1,-1.492500019E1,-2.533125114E1
9.378765894E1,4.117500305E1,-1.535625076E1,-2.970000076E1
9.379765894E1,4.385625076E1,-1.526250076E1,-3.225000000E1
9.380765894E1,4.453125000E1,-1.408125019E1,-3.048750114E1
9.381765894E1,4.042500305E1,-1.588125038E1,-2.996250153E1
9.382765894E1,3.832500076E1,-1.715625000E1,-2.512500191E1
9.383765894E1,3.781875229E1,-1.816875076E1,-2.675625038E1
9.384765894E1,4.113750076E1,-1.695000076E1,-3.018750191E1
9.385765894E1,4.363125229E1,-1.642500114E1,-3.371250153E1
9.386765894E1,4.473750305E1,-1.711875153E1,-3.258750153E1
9.387765894E1,4.104375076E1,-1.725000000E1,-2.876250076E1
9.388765894E1,3.768750000E1,-1.745625114E1,-2.291250038E1
9.389765894E1,3.661875153E1,-1.809375000E1,-2.720625114E1
9.390765894E1,4.006875229E1,-1.800000000E1,-3.150000191E1
9.391765894E1,4.483125305E1,-1.775625038E1,-3.268125153E1
9.392765894E1,4.415625000E1,-1.715625000E1,-3.288750076E1
9.393765894E1,3.995625305E1,-1.683750153E1,-2.893125153E1
9.394765894E1,3.708750153E1,-1.751250076E1,-2.398125076E1
9.395765894E1,3.742500305E1,-1.843125153E1,-2.328750038E1
9.396765894E1,3.973125076E1,-1.685625076E1,-2.893125153E1
9.397765894E1,4.327500153E1,-1.685625076E1,-3.133125114E1
9.398765894E1,4.460625076E1,-1.505625057E1,-3.181875038E1
9.399765894E1,4.168125153E1,-1.734375000E1,-2.782500076E1
9.400765894E1,3.588750076E1,-1.650000000E1,-2.484375191E1
9.401765894E1,3.600000000E1,-1.796250153E1,-2.675625038E1
9.402765894E1,4.098750305E1,-1.554375076E1,-2.985000038E1
9.403765894E1,4.335000229E1,-1.721250153E1,-3.316875076E1
9.404765894E1,4.458750153E1,-1.601250076E1,-3.219375229E1
9.405765894E1,4.021875000E1,-1.648125076E1,-2.803125191E1
9.406765894E1,3.622500229E1,-1.835625076E1,-2.390625000E1
9.407765894E1,3.675000000E1,-1.567500019E1,-2.523750114E1
9.408765894E1,3.669375229E1,-1.751250076E1,-2.945625114E1
9.409765894E1,4.181250000E1,-1.745625114E1,-3.298125076E1
9.410765894E1,4.460625076E1,-1.507500076E1,-3.243750000E1
9.411765894E1,4.070625305E1,-1.608750153E1,-2.619375038E1
9.412765894E1,3.596250153E1,-1.665000153E1,-2.450625038E1
9.413765894E1,3.266250229E1,-1.590000057E1,-2.437500191E1
9.414765894E1,3.645000076E1,-1.670625114E1,-2.825625038E1
9.415765894E1,4.230000305E1,-1.678125000E1,-3.225000000E1
9.416765894E1,4.226250076E1,-1.590000057E1,-3.483750153E1
9.417765894E1,4.029375076E1,-1.621875000E1,-2.992500114E1
9.418765894E1,3.553125000E1,-1.717500114E1,-2.523750114E1
9.419765894E1,3.470625305E1,-1.818750000E1,-2.576250076E1
9.420765894E1,3.735000229E1,-1.936875153E1,-2.930625153E1
9.421765894E1,4.408125305E1,-1.826250076E1,-3.247500229E1
9.422765894E1,4.666875076E1,-1.524375057E1,-3.136875153E1
9.423765894E1,4.265625000E1,-1.565625095E1,-2.595000076E1
9.424765894E1,3.611250305E1,-1.711875153E1,-2.493750191E1
9.425765894E1,3.399375153E1,-1.740000153E1,-2.473125076E1
9.426765894E1,3.763125229E1,-1.929375076E1,-2.666250038E1
9.427765894E1,4.263750076E1,-1.676250076E1,-3.226875305E1
9.428765894E1,4.483125305E1,-1.629375076E1,-3.140625191E1
9.429765894E1,4.158750153E1,-1.670625114E1,-2.741250038E1
9.430765894E1,3.691875076E1,-1.644375038E1,-2.516250038E1
9.431765894E1,3.386250305E1,-1.773750114E1,-2.533125114E1
9.432765894E1,3.791250229E1,-1.726875114E1,-2.887500191E1
9.433765894E1,4.329375076E1,-1.621875000E1,-3.091875076E1
9.434765894E1,4.650000000E1,-1.509375095E1,-3.151875114E1
9.435765894E1,4.102500153E1,-1.726875114E1,-2.955000114E1
9.436765894E1,3.690000153E1,-1.646250153E1,-2.548125076E1
9.437765894E1,3.388125229E1,-1.627500153E1,-2.356875038E1
9.438765894E1,3.703125000E1,-1.788750076E1,-2.630625153E1
9.439765894E1,4.321875000E1,-1.826250076E1,-3.058125114E1
9.440765894E1,4.605000305E1,-1.509375095E1,-3.043125153E1
9.441765894E1,4.115625000E1,-1.732500076E1,-2.625000191E1
9.442765894E1,3.697500229E1,-1.597500038E1,-2.505000114E1
9.443765894E1,3.397500229E1,-1.721250153E1,-2.334375000E1
9.444765894E1,3.678750229E1,-1.792500114E1,-2.707500076E1
9.445765894E1,4.162500000E1,-1.741875076E1,-3.078750038E1
9.446765894E1,4.593750000E1,-1.573125076E1,-3.052500153E1
9.447765894E1,4.226250076E1,-1.698750114E1,-2.786250114E1
9.448765894E1,3.635625076E1,-1.531875038E1,-2.306250000E1
9.449765894E1,3.390000153E1,-1.623750114E1,-2.216250038E1
9.450765894E1,3.577500153E1,-1.560000038E1,-2.615625191E1
9.451765894E1,4.335000229E1,-1.576875019E1,-3.189375114E1
9.452765894E1,4.610625076E1,-1.526250076E1,-3.103125191E1
9.453765894E1,4.308750153E1,-1.441875076E1,-2.825625038E1
9.454765894E1,3.661875153E1,-1.702500153E1,-2.231250000E1
9.455765894E1,3.305625153E1,-1.728750038E1,-2.379375076E1
9.456765894E1,3.781875229E1,-1.755000114E1,-2.696250153E1
9.457765894E1,4.363125229E1,-1.674375153E1,-3.352500153E1
9.458765894E1,4.601250076E1,-1.608750153E1,-3.206250000E1
9.459765894E1,4.220625305E1,-1.528125095E1,-2.925000191E1
9.460765894E1,3.560625076E1,-1.606875038E1,-2.580000114E1
9.461765894E1,3.320625305E1,-1.681875038E1,-2.491875076E1
9.462765894E1,3.688125229E1,-1.578750038E1,-3.037500191E1
9.463765894E1,4.065000153E1,-1.910625076E1,-3.281250000E1
9.464765894E1,4.490625000E1,-1.695000076E1,-3.275625229E1
9.465765894E1,4.149375153E1,-1.629375076E1,-2.979375076E1
9.466765894E1,3.720000076E1,-1.473750019E1,-2.703750038E1
9.467765894E1,3.174375153E1,-1.835625076E1,-2.570625114E1
9.468765894E1,3.570000076E1,-1.725000000E1,-2.866875076E1
9.469765894E1,4.239375305E1,-1.618125153E1,-3.371250153E1
9.470765894E1,4.588125229E1,-1.580625057E1,-3.316875076E1
9.471765894E1,4.365000153E1,-1.638750076E1,-3.262500000E1
9.472765894E1,3.500625229E1,-1.738125038E1,-2.583750153E1
9.473765894E1,3.339375305E1,-1.995000076E1,-2.418750191E1
9.474765894E1,3.626250076E1,-1.867500114E1,-2.998125076E1
9.475765894E1,4.291875076E1,-1.689375114E1,-3.210000229E1
9.476765894E1,4.606875229E1,-1.800000000E1,-3.300000000E1
9.477765894E1,4.344375229E1,-1.708125114E1,-2.803125191E1
9.478765894E1,3.738750076E1,-1.878750038E1,-2.467500114E1
9.479765894E1,3.178125191E1,-1.831875038E1,-2.415000153E1
9.480765894E1,3.568125153E1,-1.848750114E1,-2.795625114E1
9.481765894E1,4.160625076E1,-1.869375038E1,-3.099375153E1
9.482765894E1,4.681875229E1,-1.663125038E1,-3.076875114E1
9.483765894E1,4.537500000E1,-1.522500038E1,-2.760000038E1
9.484765894E1,3.641250229E1,-1.725000000E1,-2.400000000E1
9.485765894E1,3.078750038E1,-1.831875038E1,-2.225625038E1
9.486765894E1,3.506250000E1,-1.753125000E1,-2.598750114E1
9.487765894E1,4.080000305E1,-1.603125000E1,-3.041250038E1
9.488765894E1,4.573125076E1,-1.811250114E1,-3.016875076E1
9.489765894E1,4.440000153E1,-1.689375114E1,-2.900625038E1
9.490765894E1,3.721875000E1,-1.449375057E1,-2.345625114E1
9.491765894E1,3.045000076E1,-1.678125000E1,-2.315625000E1
9.492765894E1,3.305625153E1,-1.781250000E1,-2.578125191E1
9.493765894E1,4.185000229E1,-1.680000114E1,-3.163125038E1
9.494765894E1,4.800000000E1,-1.466250038E1,-3.095625114E1
9.495765894E1,4.312500000E1,-1.638750076E1,-3.105000114E1
9.496765894E1,3.778125000E1,-1.500000095E1,-2.608125114E1
9.497765894E1,3.249375153E1,-1.584375095E1,-2.218125153E1
9.498765894E1,3.470625305E1,-1.663125038E1,-2.700000191E1
9.499765894E1,4.177500153E1,-1.728750038E1,-3.251250076E1
9.500765894E1,4.687500000E1,-1.700625038E1,-3.324375153E1
9.501765894E1,4.488750076E1,-1.674375153E1,-3.073125076E1
9.502765894E1,3.626250076E1,-1.760625076E1,-2.536875153E1
9.503765894E1,3.060000038E1,-1.726875114E1,-2.390625000E1
9.504765894E1,3.360000229E1,-1.873125076E1,-2.617500114E1
9.505765894E1,4.258125305E1,-1.597500038E1,-3.232500076E1
9.506765894E1,4.700625229E1,-1.666875076E1,-3.264375305E1
9.507765894E1,4.346250153E1,-1.668750000E1,-3.118125153E1
9.508765894E1,3.660000229E1,-1.635000038E1,-2.641875076E1
9.509765894E1,3.148125076E1,-1.860000038E1,-2.193750000E1
9.510765894E1,3.228750229E1,-1.753125000E1,-2.531250191E1
9.511765894E1,4.151250076E1,-1.651875114E1,-3.211875153E1
9.512765894E1,4.736250305E1,-1.509375095E1,-3.341250229E1
9.513765894E1,4.561875153E1,-1.477500057E1,-2.981250191E1
9.514765894E1,3.583125305E1,-1.726875114E1,-2.398125076E1
9.515765894E1,3.000000191E1,-1.681875038E1,-2.315625000E1
9.516765894E1,3.277500153E1,-1.860000038E1,-2.523750114E1
9.517765894E1,3.973125076E1,-1.801875114E1,-3.101250076E1
9.518765894E1,4.591875076E1,-1.721250153E1,-3.305625153E1
9.519765894E1,4.372500229E1,-1.683750153E1,-3.133125114E1
9.520765894E1,3.547500229E1,-1.702500153E1,-2.540625191E1
9.521765894E1,3.112500191E1,-1.623750114E1,-2.150625038E1
9.522765894E1,3.185625076E1,-1.751250076E1,-2.390625000E1
9.523765894E1,3.976875305E1,-1.704375076E1,-3.016875076E1
9.524765894E1,4.672500229E1,-1.676250076E1,-3.592500305E1
9.525765894E1,4.441875076E1,-1.771875000E1,-3.033750153E1
9.526765894E1,3.776250076E1,-1.470000076E1,-2.658750153E1
9.527765894E1,2.949375153E1,-1.783125114E1,-2.478750038E1
9.528765894E1,3.221250153E1,-1.914375114E1,-2.705625153E1
9.529765894E1,4.899375153E1,-1.672500038E1,-3.315000153E1
9.530765894E1,4.899375153E1,-1.672500038E1,-3.315000153E1
9.531765894E1,4.854375076E1,-1.590000057E1,-3.056250191E1
9.532765894E1,3.834375000E1,-1.588125038E1,-2.508750153E1
9.533765894E1,3.082500076E1,-1.766250038E1,-2.137500000E1
9.534765894E1,3.341250229E1,-1.871250153E1,-2.476875114E1
9.535765894E1,4.359375000E1,-1.696875000E1,-3.007500076E1
9.536765894E1,4.940625381E1,-1.475625038E1,-3.112500191E1
9.537765894E1,4.940625381E1,-1.475625038E1,-3.112500191E1
9.538765894E1,4.029375076E1,-1.546875095E1,-2.531250191E1
9.539765894E1,3.498750305E1,-1.740000153E1,-2.694375038E1
9.540765894E1,4.351875305E1,-1.704375076E1,-3.303750229E1
9.541765894E1,4.995000076E1,-1.800000000E1,-3.586875153E1
9.542765894E1,4.860000229E1,-1.783125114E1,-3.195000076E1
9.543765894E1,3.978750229E1,-1.741875076E1,-2.623125076E1
9.544765894E1,3.129375076E1,-1.875000000E1,-2.176875114E1
9.545765894E1,3.283125305E1,-1.905000114E1,-2.458125114E1
9.546765894E1,4.145625305E1,-1.788750076E1,-2.996250153E1
9.547765894E1,4.906875229E1,-1.861875153E1,-3.346875000E1
9.548765894E1,4.696875000E1,-1.741875076E1,-3.103125191E1
9.549765894E1,3.686250305E1,-1.629375076E1,-2.503125191E1
9.550765894E1,3.084375191E1,-1.668750000E1,-2.053125000E1
9.551765894E1,3.146250153E1,-1.861875153E1,-2.272500038E1
9.552765894E1,4.089375305E1,-1.792500114E1,-3.026250076E1
9.553765894E1,4.790625000E1,-1.873125076E1,-3.483750153E1
9.554765894E1,4.726875305E1,-1.878750038E1,-2.951250076E1
9.555765894E1,3.873750305E1,-1.695000076E1,-2.452500153E1
9.556765894E1,2.838750076E1,-1.678125000E1,-1.828125000E1
9.557765894E1,3.136875153E1,-1.743750000E1,-1.983750153E1
9.558765894E1,4.025625229E1,-1.726875114E1,-2.797500038E1
9.559765894E1,4.916250229E1,-1.655625153E1,-3.331875229E1
9.560765894E1,4.726875305E1,-1.567500019E1,-3.180000114E1
9.561765894E1,3.727500153E1,-1.516875076E1,-2.544375038E1
9.562765894E1,3.026250076E1,-1.436250019E1,-2.101875114E1
9.563765894E1,3.011250114E1,-1.563750076E1,-2.107500076E1
9.564765894E1,4.106250000E1,-1.528125095E1,-3.236250305E1
9.565765894E1,4.805625153E1,-1.766250038E1,-3.648750305E1
9.566765894E1,4.651875305E1,-1.861875153E1,-3.311250305E1
9.567765894E1,4.275000000E1,-1.629375076E1,-2.653125191E1
9.568765894E1,4.005000305E1,-9.712500572E0,-2.859375191E1
9.569765894E1,4.098750305E1,-9.656250000E0,-3.517500305E1
9.570765894E1,4.021875000E1,-1.145625019E1,-3.547500229E1
9.571765894E1,3.641250229E1,-1.353750038E1,-2.760000038E1
9.572765894E1,3.877500153E1,-1.691250038E1,-2.311875153E1
9.573765894E1,4.113750076E1,-1.711875153E1,-2.392500114E1
9.574765894E1,4.650000000E1,-1.807500076E1,-3.095625114E1
9.575765894E1,4.897500229E1,-1.395000076E1,-3.618750000E1
9.576765894E1,4.140000153E1,-1.496250057E1,-3.316875076E1
9.577765894E1,3.513750076E1,-1.702500153E1,-2.508750153E1
9.578765894E1,3.146250153E1,-1.837500000E1,-1.993125153E1
9.579765894E1,3.800625229E1,-1.693125153E1,-2.154375076E1
9.580765894E1,4.483125305E1,-1.659375000E1,-3.090000153E1
9.581765894E1,4.732500076E1,-1.515000057E1,-3.575625229E1
9.582765894E1,4.432500076E1,-1.391250038E1,-3.581250000E1
9.583765894E1,3.881250000E1,-1.421250057E1,-2.881875038E1
9.584765894E1,3.502500153E1,-1.533750057E1,-2.070000076E1
9.585765894E1,3.928125000E1,-1.520625019E1,-2.499375153E1
9.586765894E1,4.222500229E1,-1.704375076E1,-2.973750114E1
9.587765894E1,4.734375000E1,-1.605000114E1,-3.365625000E1
9.588765894E1,4.216875076E1,-1.773750114E1,-3.202500153E1
9.589765894E1,3.924375153E1,-1.648125076E1,-2.536875153E1
9.590765894E1,3.478125000E1,-1.755000114E1,-1.989375114E1
9.591765894E1,3.759375000E1,-1.650000000E1,-2.236875153E1
9.592765894E1,4.258125305E1,-1.575000095E1,-2.970000076E1
9.593765894E1,4.657500076E1,-1.565625095E1,-3.523125076E1
9.594765894E1,4.336875153E1,-1.541250038E1,-3.097500038E1
9.595765894E1,3.866250229E1,-1.528125095E1,-2.685000038E1
9.596765894E1,3.480000305E1,-1.558125019E1,-2.317500114E1
9.597765894E1,3.699375153E1,-1.719375038E1,-2.355000114E1
9.598765894E1,4.035000229E1,-1.792500114E1,-2.885625076E1
9.599765894E1,4.419375229E1,-1.734375000E1,-3.380625153E1
9.600765894E1,4.048125076E1,-1.687500000E1,-3.191250038E1
9.601765894E1,3.993750000E1,-1.310625076E1,-2.533125114E1
9.602765894E1,3.427500153E1,-1.556250095E1,-2.160000038E1
9.603765894E1,3.360000229E1,-1.828125000E1,-2.105625153E1
9.604765894E1,4.038750076E1,-1.786875153E1,-2.698125076E1
9.605765894E1,4.205625153E1,-1.743750000E1,-3.219375229E1
9.606765894E1,4.018125153E1,-1.591875076E1,-3.026250076E1
9.607765894E1,3.613125229E1,-1.648125076E1,-2.484375191E1
9.608765894E1,3.095625114E1,-1.554375076E1,-1.875000000E1
9.609765894E1,3.309375000E1,-1.723125076E1,-2.191875076E1
9.610765894E1,3.811875153E1,-1.653750038E1,-2.503125191E1
9.611765894E1,4.151250076E1,-1.526250076E1,-3.283125305E1
9.612765894E1,3.742500305E1,-1.580625057E1,-3.195000076E1
9.613765894E1,3.354375076E1,-1.558125019E1,-2.675625038E1
9.614765894E1,3.136875153E1,-1.618125153E1,-2.041875076E1
9.615765894E1,3.270000076E1,-1.738125038E1,-2.096250153E1
9.616765894E1,3.821250153E1,-1.623750114E1,-2.583750153E1
9.617765894E1,4.096875000E1,-1.732500076E1,-3.204375076E1
9.618765894E1,3.935625076E1,-1.599375057E1,-3.180000114E1
9.619765894E1,3.376875305E1,-1.618125153E1,-2.608125114E1
9.620765894E1,3.120000076E1,-1.635000038E1,-2.055000114E1
9.621765894E1,3.337500000E1,-1.621875000E1,-2.028750038E1
9.622765894E1,3.695625305E1,-1.901250076E1,-2.668125153E1
9.623765894E1,4.014375305E1,-1.657500076E1,-3.176250076E1
9.624765894E1,3.991875076E1,-1.691250038E1,-3.159375191E1
9.625765894E1,3.643125153E1,-1.650000000E1,-2.625000191E1
9.626765894E1,3.285000229E1,-1.548750019E1,-2.143125153E1
9.627765894E1,3.386250305E1,-1.451250076E1,-2.246250153E1
9.628765894E1,3.757500076E1,-1.790625000E1,-2.786250114E1
9.629765894E1,4.299375153E1,-1.541250038E1,-3.566250229E1
9.630765894E1,4.173750305E1,-1.588125038E1,-3.264375305E1
9.631765894E1,3.695625305E1,-1.507500076E1,-2.685000038E1
9.632765894E1,3.438750076E1,-1.524375057E1,-2.131875038E1
9.633765894E1,3.506250000E1,-1.636875153E1,-2.388750076E1
9.634765894E1,3.948750305E1,-1.875000000E1,-2.846250153E1
9.635765894E1,4.282500076E1,-1.741875076E1,-3.376875305E1
9.636765894E1,4.194375229E1,-1.535625076E1,-3.142500114E1
9.637765894E1,3.716250229E1,-1.631250000E1,-2.690625191E1
9.638765894E1,3.440625000E1,-1.605000114E1,-2.235000038E1
9.639765894E1,3.335625076E1,-1.708125114E1,-2.287500000E1
9.640765894E1,3.836250305E1,-1.756875038E1,-2.915625191E1
9.641765894E1,4.198125076E1,-1.906875038E1,-3.440625000E1
9.642765894E1,4.263750076E1,-1.698750114E1,-3.474375153E1
9.643765894E1,3.706875229E1,-1.537500095E1,-2.683125114E1
9.644765894E1,3.311250305E1,-1.721250153E1,-2.113125038E1
9.645765894E1,3.393750000E1,-1.766250038E1,-2.236875153E1
9.646765894E1,3.877500153E1,-1.798125076E1,-2.726250076E1
9.647765894E1,4.282500076E1,-1.650000000E1,-3.478125000E1
9.648765894E1,4.196250153E1,-1.494375038E1,-3.365625000E1
9.649765894E1,3.881250000E1,-1.421250057E1,-2.881875038E1
9.650765894E1,3.433125305E1,-1.571250057E1,-2.143125153E1
9.651765894E1,3.470625305E1,-1.856250000E1,-2.246250153E1
9.652765894E1,4.020000076E1,-1.650000000E1,-2.881875038E1
9.653765894E1,4.265625000E1,-1.788750076E1,-3.264375305E1
9.654765894E1,4.228125000E1,-1.680000114E1,-3.271875000E1
9.655765894E1,3.772500229E1,-1.567500019E1,-2.790000153E1
9.656765894E1,3.360000229E1,-1.706250000E1,-2.240625000E1
9.657765894E1,3.315000153E1,-1.800000000E1,-2.107500076E1
9.658765894E1,3.781875229E1,-1.910625076E1,-2.606250191E1
9.659765894E1,4.246875000E1,-1.715625000E1,-3.457500076E1
9.660765894E1,4.151250076E1,-1.590000057E1,-3.262500000E1
9.661765894E1,3.864375305E1,-1.413750076E1,-2.570625114E1
9.662765894E1,3.510000229E1,-1.569375038E1,-2.223750114E1
9.663765894E1,3.412500000E1,-1.567500019E1,-1.955625153E1
9.664765894E1,3.894375229E1,-1.728750038E1,-2.529375076E1
9.665765894E1,4.186875153E1,-1.790625000E1,-3.215625000E1
9.666765894E1,4.269375229E1,-1.537500095E1,-3.378750229E1
9.667765894E1,3.870000076E1,-1.631250000E1,-2.990625191E1
9.668765894E1,3.523125076E1,-1.713750076E1,-2.336250114E1
9.669765894E1,3.603750229E1,-1.792500114E1,-2.518125153E1
9.670765894E1,3.881250000E1,-1.816875076E1,-2.865000153E1
9.671765894E1,4.488750076E1,-1.426875019E1,-3.298125076E1
9.672765894E1,4.318125153E1,-1.520625019E1,-3.474375153E1
9.673765894E1,3.819375229E1,-1.710000038E1,-2.872500038E1
9.674765894E1,3.517500305E1,-1.666875076E1,-2.340000153E1
9.675765894E1,3.613125229E1,-1.531875038E1,-2.227500153E1
9.676765894E1,3.836250305E1,-1.693125153E1,-2.889375114E1
9.677765894E1,4.286250305E1,-1.428750038E1,-3.466875076E1
9.678765894E1,4.282500076E1,-1.410000038E1,-3.373125076E1
9.679765894E1,3.721875000E1,-1.608750153E1,-3.020625114E1
9.680765894E1,3.553125000E1,-1.539375019E1,-2.415000153E1
9.681765894E1,3.459375000E1,-1.702500153E1,-2.398125076E1
9.682765894E1,3.836250305E1,-1.786875153E1,-2.866875076E1
9.683765894E1,4.098750305E1,-1.732500076E1,-3.172500038E1
9.684765894E1,4.198125076E1,-1.636875153E1,-3.384375000E1
9.685765894E1,3.845625305E1,-1.706250000E1,-2.763750076E1
9.686765894E1,3.508125305E1,-1.726875114E1,-2.210625076E1
9.687765894E1,3.421875000E1,-1.717500114E1,-2.225625038E1
9.688765894E1,3.718125153E1,-1.807500076E1,-2.769375038E1
9.689765894E1,4.254375076E1,-1.882500076E1,-3.240000153E1
9.690765894E1,4.175625229E1,-1.586250019E1,-3.185625076E1
9.691765894E1,3.993750000E1,-1.633125114E1,-2.788125038E1
9.692765894E1,3.508125305E1,-1.728750038E1,-2.240625000E1
9.693765894E1,3.541875076E1,-1.725000000E1,-2.210625076E1
9.694765894E1,3.796875000E1,-1.781250000E1,-2.523750114E1
9.695765894E1,4.078125000E1,-1.700625038E1,-3.095625114E1
9.696765894E1,4.119375229E1,-1.586250019E1,-3.106875038E1
9.697765894E1,3.943125153E1,-1.590000057E1,-2.775000191E1
9.698765894E1,3.446250153E1,-1.713750076E1,-2.148750114E1
9.699765894E1,3.418125153E1,-1.760625076E1,-2.096250153E1
9.700765894E1,3.723750305E1,-1.798125076E1,-2.426250076E1
9.701765894E1,4.140000153E1,-1.620000076E1,-3.181875038E1
9.702765894E1,4.065000153E1,-1.640625000E1,-3.195000076E1
9.703765894E1,3.920625305E1,-1.528125095E1,-2.827500153E1
9.704765894E1,3.508125305E1,-1.635000038E1,-2.311875153E1
9.705765894E1,3.403125000E1,-1.736250114E1,-2.285625076E1
9.706765894E1,3.798750305E1,-1.623750114E1,-2.536875153E1
9.707765894E1,4.040625000E1,-1.560000038E1,-3.091875076E1
9.708765894E1,4.065000153E1,-1.732500076E1,-3.093750191E1
9.709765894E1,3.931875229E1,-1.560000038E1,-2.825625038E1
9.710765894E1,3.528750229E1,-1.635000038E1,-2.390625000E1
9.711765894E1,3.376875305E1,-1.659375000E1,-2.323125076E1
9.712765894E1,3.616875076E1,-1.820625114E1,-2.375625038E1
9.713765894E1,3.946875000E1,-1.753125000E1,-2.996250153E1
9.714765894E1,4.023750305E1,-1.753125000E1,-3.185625076E1
9.715765894E1,3.763125229E1,-1.805625153E1,-2.771250153E1
9.716765894E1,3.622500229E1,-1.741875076E1,-2.445000076E1
9.717765894E1,3.296250153E1,-1.818750000E1,-2.167500114E1
9.718765894E1,3.631875229E1,-1.807500076E1,-2.533125114E1
9.719765894E1,3.988125229E1,-1.642500114E1,-3.084375191E1
9.720765894E1,4.117500305E1,-1.558125019E1,-3.202500153E1
9.721765894E1,3.885000229E1,-1.595625019E1,-2.883750153E1
9.722765894E1,3.654375076E1,-1.657500076E1,-2.311875153E1
9.723765894E1,3.455625153E1,-1.903125000E1,-2.131875038E1
9.724765894E1,3.721875000E1,-1.895625114E1,-2.512500191E1
9.725765894E1,4.230000305E1,-1.678125000E1,-3.195000076E1
9.726765894E1,4.230000305E1,-1.678125000E1,-3.195000076E1
9.727765894E1,3.873750305E1,-1.895625114E1,-2.857500076E1
9.728765894E1,3.442500305E1,-1.758750153E1,-2.019375038E1
9.729765894E1,3.442500305E1,-1.758750153E1,-2.019375038E1
9.730765894E1,3.658125305E1,-1.792500114E1,-2.628750038E1
9.731765894E1,4.166250229E1,-1.790625000E1,-3.106875038E1
9.732765894E1,3.916875076E1,-1.657500076E1,-2.878125191E1
9.733765894E1,3.570000076E1,-1.824375153E1,-2.437500191E1
9.734765894E1,3.483750153E1,-1.728750038E1,-2.240625000E1
9.735765894E1,3.658125305E1,-1.884375000E1,-2.527500153E1
9.736765894E1,3.931875229E1,-1.891875076E1,-2.812500191E1
9.737765894E1,4.091250229E1,-1.788750076E1,-2.917500114E1
9.738765894E1,3.975000000E1,-1.775625038E1,-2.713125038E1
9.739765894E1,3.785625076E1,-1.636875153E1,-2.409375191E1
9.740765894E1,3.534375000E1,-1.783125114E1,-2.002500153E1
9.741765894E1,3.723750305E1,-1.717500114E1,-2.293125153E1
9.742765894E1,3.918750000E1,-1.655625153E1,-2.831250191E1
9.743765894E1,4.160625076E1,-1.743750000E1,-3.157500076E1
9.744765894E1,3.990000153E1,-1.554375076E1,-2.748750114E1
9.745765894E1,3.718125153E1,-1.631250000E1,-2.643750191E1
9.746765894E1,3.519375229E1,-1.695000076E1,-2.212500000E1
9.747765894E1,3.712500000E1,-1.708125114E1,-2.527500153E1
9.748765894E1,3.877500153E1,-1.944375038E1,-2.900625038E1
9.749765894E1,4.093125153E1,-1.809375000E1,-3.088125038E1
9.750765894E1,3.973125076E1,-1.801875114E1,-3.101250076E1
9.751765894E1,3.736875153E1,-1.852500153E1,-2.671875191E1
9.752765894E1,3.783750153E1,-1.636875153E1,-2.441250038E1
9.753765894E1,3.886875153E1,-1.807500076E1,-2.521875191E1
9.754765894E1,3.960000229E1,-1.811250114E1,-2.866875076E1
9.755765894E1,4.269375229E1,-1.785000038E1,-3.155625153E1
9.756765894E1,4.138125229E1,-1.621875000E1,-3.260625076E1
9.757765894E1,3.915000153E1,-1.730625153E1,-2.638125038E1
9.758765894E1,3.755625153E1,-1.811250114E1,-2.332500076E1
9.759765894E1,3.845625305E1,-1.743750000E1,-2.401875114E1
9.760765894E1,4.102500153E1,-1.820625114E1,-2.915625191E1
9.761765894E1,4.261875153E1,-1.593750095E1,-3.091875076E1
9.762765894E1,4.258125305E1,-1.543125057E1,-2.986875153E1
9.763765894E1,3.993750000E1,-1.456875038E1,-2.662500191E1
9.764765894E1,3.675000000E1,-1.691250038E1,-2.433750153E1
9.765765894E1,3.800625229E1,-1.839375114E1,-2.298750114E1
9.766765894E1,4.006875229E1,-1.693125153E1,-2.688750076E1
9.767765894E1,4.380000305E1,-1.603125000E1,-3.108750153E1
9.768765894E1,4.321875000E1,-1.430625057E1,-3.060000038E1
9.769765894E1,3.971250153E1,-1.642500114E1,-2.458125114E1
9.770765894E1,3.607500076E1,-1.755000114E1,-2.319375038E1
9.771765894E1,3.545625305E1,-1.835625076E1,-2.233125114E1
9.772765894E1,3.988125229E1,-1.588125038E1,-2.806875038E1
9.773765894E1,4.140000153E1,-1.620000076E1,-3.181875038E1
9.774765894E1,3.982500076E1,-1.595625019E1,-3.103125191E1
9.775765894E1,3.890625000E1,-1.338750076E1,-2.763750076E1
9.776765894E1,3.570000076E1,-1.740000153E1,-2.225625038E1
9.777765894E1,3.643125153E1,-1.651875114E1,-2.671875191E1
9.778765894E1,3.830625153E1,-1.833750153E1,-2.799375153E1
9.779765894E1,4.070625305E1,-1.710000038E1,-3.470625305E1
9.780765894E1,4.171875000E1,-1.411875057E1,-3.183750153E1
9.781765894E1,4.063125229E1,-1.357500076E1,-2.656875038E1
9.782765894E1,3.750000000E1,-1.616250038E1,-2.160000038E1
9.783765894E1,3.661875153E1,-1.786875153E1,-2.441250038E1
9.784765894E1,3.894375229E1,-1.905000114E1,-2.655000114E1
9.785765894E1,4.185000229E1,-1.616250038E1,-3.183750153E1
9.786765894E1,4.271250153E1,-1.666875076E1,-2.868750191E1
9.787765894E1,4.211250305E1,-1.441875076E1,-2.604375076E1
9.788765894E1,3.785625076E1,-1.635000038E1,-2.362500000E1
9.789765894E1,3.901875305E1,-1.440000057E1,-2.381250000E1
9.790765894E1,3.898125076E1,-1.745625114E1,-2.621250153E1
9.791765894E1,4.194375229E1,-1.711875153E1,-3.223125076E1
9.792765894E1,4.413750076E1,-1.571250057E1,-3.191250038E1
9.793765894E1,4.134375000E1,-1.642500114E1,-2.836875153E1
9.794765894E1,3.873750305E1,-1.696875000E1,-2.499375153E1
9.795765894E1,3.885000229E1,-1.687500000E1,-2.782500076E1
9.796765894E1,4.031250000E1,-1.743750000E1,-2.810625076E1
9.797765894E1,4.276875305E1,-1.704375076E1,-3.114375114E1
9.798765894E1,4.108125305E1,-1.620000076E1,-3.103125191E1
9.799765894E1,4.042500305E1,-1.689375114E1,-2.611875153E1
9.800765894E1,3.881250000E1,-1.593750095E1,-2.195625114E1
9.801765894E1,3.510000229E1,-1.747500038E1,-2.381250000E1
9.802765894E1,3.793125153E1,-1.725000000E1,-2.776875114E1
9.803765894E1,3.941250229E1,-1.886250114E1,-3.251250076E1
9.804765894E1,4.278750229E1,-1.631250000E1,-3.386250305E1
9.805765894E1,3.896250153E1,-1.625625038E1,-2.835000038E1
9.806765894E1,3.731250000E1,-1.687500000E1,-2.435625076E1
9.807765894E1,3.630000305E1,-1.785000038E1,-2.300625038E1
9.808765894E1,3.864375305E1,-1.685625076E1,-2.671875191E1
9.809765894E1,4.076250076E1,-1.826250076E1,-3.071250153E1
9.810765894E1,4.267500305E1,-1.693125153E1,-3.256875229E1
9.811765894E1,4.132500076E1,-1.676250076E1,-2.896875191E1
9.812765894E1,3.922500229E1,-1.597500038E1,-2.415000153E1
9.813765894E1,3.693750000E1,-1.704375076E1,-2.386875153E1
9.814765894E1,3.900000000E1,-1.704375076E1,-2.874375153E1
9.815765894E1,4.335000229E1,-1.481250095E1,-3.211875153E1
9.816765894E1,4.404375076E1,-1.661250114E1,-2.979375076E1
9.817765894E1,4.233750153E1,-1.441875076E1,-2.636250114E1
9.818765894E1,4.048125076E1,-1.681875038E1,-2.315625000E1
9.819765894E1,3.791250229E1,-1.650000000E1,-2.315625000E1
9.820765894E1,3.913125229E1,-1.785000038E1,-2.945625114E1
9.821765894E1,4.248750305E1,-1.783125114E1,-3.030000114E1
9.822765894E1,4.370625305E1,-1.509375095E1,-3.133125114E1
9.823765894E1,4.243125153E1,-1.258125019E1,-2.917500114E1
9.824765894E1,3.984375000E1,-1.608750153E1,-2.430000114E1
9.825765894E1,3.796875000E1,-1.543125057E1,-2.463750076E1
9.826765894E1,3.886875153E1,-1.591875076E1,-2.775000191E1
9.827765894E1,4.113750076E1,-1.809375000E1,-3.166875076E1
9.828765894E1,4.130625153E1,-1.648125076E1,-3.071250153E1
9.829765894E1,4.031250000E1,-1.721250153E1,-2.578125191E1
9.830765894E1,3.834375000E1,-1.535625076E1,-2.246250153E1
9.831765894E1,3.658125305E1,-1.655625153E1,-2.203125000E1
9.832765894E1,3.757500076E1,-1.830000114E1,-2.471250153E1
9.833765894E1,4.070625305E1,-1.635000038E1,-2.977500153E1
9.834765894E1,4.216875076E1,-1.441875076E1,-3.213750076E1
9.835765894E1,4.190625000E1,-1.338750076E1,-2.863125038E1
9.836765894E1,3.883125305E1,-1.488750076E1,-2.424375153E1
9.837765894E1,3.701250076E1,-1.614375114E1,-2.596875191E1
9.838765894E1,3.676875305E1,-1.743750000E1,-2.602500153E1
9.839765894E1,3.909375000E1,-1.666875076E1,-3.253125000E1
9.840765894E1,4.252500153E1,-1.584375095E1,-3.296250153E1
9.841765894E1,4.080000305E1,-1.425000095E1,-2.900625038E1
9.842765894E1,3.630000305E1,-1.755000114E1,-2.351250076E1
9.843765894E1,3.474375153E1,-1.721250153E1,-2.491875076E1
9.844765894E1,3.607500076E1,-1.717500114E1,-2.681250191E1
9.845765894E1,3.913125229E1,-1.663125038E1,-3.127500153E1
9.846765894E1,4.230000305E1,-1.584375095E1,-3.264375305E1
9.847765894E1,4.113750076E1,-1.695000076E1,-2.956875038E1
9.848765894E1,3.858750153E1,-1.710000038E1,-2.356875038E1
9.849765894E1,3.504375076E1,-1.948125076E1,-2.191875076E1
9.850765894E1,3.738750076E1,-1.785000038E1,-2.568750191E1
9.851765894E1,3.813750076E1,-1.758750153E1,-2.883750153E1
9.852765894E1,3.945000076E1,-1.880625153E1,-3.063750076E1
9.853765894E1,4.143750000E1,-1.528125095E1,-2.737500191E1
9.854765894E1,3.763125229E1,-1.606875038E1,-2.411250114E1
9.855765894E1,3.759375000E1,-1.711875153E1,-2.184375000E1
9.856765894E1,3.727500153E1,-1.693125153E1,-2.623125076E1
9.857765894E1,4.145625305E1,-1.635000038E1,-3.165000153E1
9.858765894E1,4.331250000E1,-1.798125076E1,-3.170625114E1
9.859765894E1,4.421250153E1,-1.561875057E1,-2.848125076E1
9.860765894E1,4.016250229E1,-1.786875153E1,-2.666250038E1
9.861765894E1,3.830625153E1,-1.788750076E1,-2.287500000E1
9.862765894E1,3.693750000E1,-1.725000000E1,-2.587500191E1
9.863765894E1,3.933750153E1,-1.972500038E1,-2.930625153E1
9.864765894E1,4.361250305E1,-1.715625000E1,-3.131250191E1
9.865765894E1,4.156875229E1,-1.798125076E1,-2.761875153E1
9.866765894E1,4.155000305E1,-1.475625038E1,-2.568750191E1
9.867765894E1,3.708750153E1,-1.781250000E1,-2.334375000E1
9.868765894E1,3.676875305E1,-1.833750153E1,-2.469375038E1
9.869765894E1,3.834375000E1,-1.914375114E1,-2.840625191E1
9.870765894E1,4.158750153E1,-1.693125153E1,-3.020625114E1
9.871765894E1,4.080000305E1,-1.518750095E1,-2.831250191E1
9.872765894E1,3.969375229E1,-1.584375095E1,-2.619375038E1
9.873765894E1,3.605625153E1,-1.880625153E1,-2.276250076E1
9.874765894E1,3.442500305E1,-1.721250153E1,-2.413125038E1
9.875765894E1,3.798750305E1,-1.648125076E1,-2.861250114E1
9.876765894E1,4.113750076E1,-1.695000076E1,-2.988750076E1
9.877765894E1,4.320000076E1,-1.535625076E1,-2.801250076E1
9.878765894E1,3.888750076E1,-1.537500095E1,-2.465625191E1
9.879765894E1,3.555000305E1,-1.713750076E1,-2.415000153E1
9.880765894E1,3.481875229E1,-1.578750038E1,-2.550000191E1
9.881765894E1,3.675000000E1,-1.530000019E1,-2.917500114E1
9.882765894E1,4.063125229E1,-1.498125076E1,-3.176250076E1
9.883765894E1,4.235625076E1,-1.546875095E1,-3.018750191E1
9.884765894E1,4.083750153E1,-1.638750076E1,-2.585625076E1
9.885765894E1,3.496875000E1,-1.758750153E1,-2.206875038E1
9.886765894E1,3.562500000E1,-1.511250019E1,-2.557500076E1
9.887765894E1,3.675000000E1,-1.621875000E1,-2.816250038E1
9.888765894E1,4.194375229E1,-1.535625076E1,-3.142500114E1
9.889765894E1,4.252500153E1,-1.685625076E1,-2.913750076E1
9.890765894E1,4.076250076E1,-1.447500038E1,-2.523750114E1
9.891765894E1,3.583125305E1,-1.850625038E1,-2.295000076E1
9.892765894E1,3.573750305E1,-1.665000153E1,-2.418750191E1
9.893765894E1,3.661875153E1,-1.809375000E1,-2.720625114E1
9.894765894E1,4.239375305E1,-1.573125076E1,-2.812500191E1
9.895765894E1,4.216875076E1,-1.689375114E1,-2.990625191E1
9.896765894E1,4.143750000E1,-1.507500076E1,-2.505000114E1
9.897765894E1,3.641250229E1,-1.631250000E1,-2.454375076E1
9.898765894E1,3.459375000E1,-1.578750038E1,-2.488125038E1
9.899765894E1,3.703125000E1,-1.790625000E1,-2.677500153E1
9.900765894E1,4.104375076E1,-1.777500153E1,-3.121875191E1
9.901765894E1,4.441875076E1,-1.618125153E1,-3.202500153E1
9.902765894E1,4.243125153E1,-1.713750076E1,-2.801250076E1
9.903765894E1,3.716250229E1,-1.940625000E1,-2.415000153E1
9.904765894E1,3.510000229E1,-1.747500038E1,-2.381250000E1
9.905765894E1,3.630000305E1,-1.717500114E1,-2.713125038E1
9.906765894E1,4.243125153E1,-1.736250114E1,-3.033750153E1
9.907765894E1,4.471875000E1,-1.691250038E1,-3.041250038E1
9.908765894E1,4.233750153E1,-1.773750114E1,-2.623125076E1
9.909765894E1,3.840000153E1,-1.582500076E1,-2.274375153E1
9.910765894E1,3.521250153E1,-1.715625000E1,-2.383125114E1
9.911765894E1,3.600000000E1,-1.796250153E1,-2.675625038E1
9.912765894E1,4.095000076E1,-1.629375076E1,-2.868750191E1
9.913765894E1,4.376250076E1,-1.627500153E1,-2.778750038E1
9.914765894E1,3.691875076E1,-1.530000019E1,-2.338125038E1
9.915765894E1,3.691875076E1,-1.530000019E1,-2.338125038E1
9.916765894E1,3.421875000E1,-1.719375038E1,-2.302500153E1
9.917765894E1,3.693750000E1,-1.479375076E1,-2.842500114E1
9.918765894E1,4.113750076E1,-1.695000076E1,-2.988750076E1
9.919765894E1,4.453125000E1,-1.708125114E1,-3.071250153E1
9.920765894E1,4.273125076E1,-1.663125038E1,-2.711250114E1
9.921765894E1,3.474375153E1,-1.543125057E1,-2.334375000E1
9.922765894E1,3.474375153E1,-1.543125057E1,-2.334375000E1
9.923765894E1,3.616875076E1,-1.511250019E1,-2.683125114E1
9.924765894E1,4.338750076E1,-1.678125000E1,-3.461250305E1
9.925765894E1,4.380000305E1,-1.603125000E1,-3.140625191E1
9.926765894E1,3.890625000E1,-1.588125038E1,-2.587500191E1
9.927765894E1,3.472500229E1,-1.661250114E1,-2.668125153E1
9.928765894E1,3.536250305E1,-1.633125114E1,-2.921250153E1
9.929765894E1,3.828750229E1,-1.702500153E1,-3.264375305E1
9.930765894E1,4.400625229E1,-1.605000114E1,-3.219375229E1
9.931765894E1,4.252500153E1,-1.530000019E1,-3.035625076E1
9.932765894E1,3.748125076E1,-1.496250057E1,-2.373750114E1
9.933765894E1,3.358125305E1,-1.676250076E1,-2.338125038E1
9.934765894E1,3.266250229E1,-1.946250153E1,-2.750625038E1
9.935765894E1,3.973125076E1,-1.685625076E1,-2.925000191E1
9.936765894E1,4.333125305E1,-1.400625038E1,-3.110625076E1
9.937765894E1,4.288125229E1,-1.710000038E1,-2.771250153E1
9.938765894E1,3.577500153E1,-1.713750076E1,-2.493750191E1
9.939765894E1,3.311250305E1,-1.471875095E1,-2.306250000E1
9.940765894E1,3.322500229E1,-1.588125038E1,-2.546250153E1
9.941765894E1,3.826875305E1,-1.599375057E1,-2.881875038E1
9.942765894E1,4.312500000E1,-1.267500019E1,-3.401250076E1
9.943765894E1,4.389375305E1,-1.520625019E1,-3.007500076E1
9.944765894E1,3.860625076E1,-1.421250057E1,-2.803125191E1
9.945765894E1,3.451875305E1,-1.513125038E1,-2.368125153E1
9.946765894E1,3.525000000E1,-1.516875076E1,-2.713125038E1
9.947765894E1,4.130625153E1,-1.430625057E1,-3.228750229E1
9.948765894E1,4.530000305E1,-1.430625057E1,-3.517500305E1
9.949765894E1,4.490625000E1,-1.425000095E1,-3.219375229E1
9.950765894E1,3.965625000E1,-1.318125057E1,-2.720625114E1
9.951765894E1,3.433125305E1,-1.616250038E1,-2.640000153E1
9.952765894E1,3.365625000E1,-1.920000076E1,-2.581875038E1
9.953765894E1,3.898125076E1,-1.884375000E1,-3.063750076E1
9.954765894E1,4.426875305E1,-1.807500076E1,-3.155625153E1
9.955765894E1,4.350000000E1,-1.809375000E1,-3.076875114E1
9.956765894E1,3.868125153E1,-1.526250076E1,-2.608125114E1
9.957765894E1,3.360000229E1,-1.672500038E1,-2.227500153E1
9.958765894E1,3.388125229E1,-1.895625114E1,-2.334375000E1
9.959765894E1,3.943125153E1,-1.830000114E1,-2.911875153E1
9.960765894E1,4.586250305E1,-1.560000038E1,-3.148125076E1
9.961765894E1,4.470000076E1,-1.691250038E1,-3.088125038E1
9.962765894E1,3.926250076E1,-1.644375038E1,-2.426250076E1
9.963765894E1,3.513750076E1,-1.627500153E1,-2.047500038E1
9.964765894E1,3.380625153E1,-1.674375153E1,-2.338125038E1
9.965765894E1,3.973125076E1,-1.779375076E1,-2.868750191E1
9.966765894E1,4.516875076E1,-1.595625019E1,-3.112500191E1
9.967765882E1,4.571250153E1,-1.511250019E1,-3.088125038E1
9.968765897E1,3.986250305E1,-1.391250038E1,-2.557500076E1
9.969765897E1,3.348750305E1,-1.580625057E1,-2.298750114E1
9.970765897E1,3.232500076E1,-1.830000114E1,-2.493750191E1
9.971765897E1,3.791250229E1,-1.726875114E1,-2.887500191E1
9.972765897E1,4.288125229E1,-1.695000076E1,-3.365625000E1
9.973765897E1,4.391250229E1,-1.573125076E1,-3.221250153E1
9.974765897E1,3.885000229E1,-1.417500019E1,-2.758125114E1
9.975765897E1,3.285000229E1,-1.571250057E1,-2.422500038E1
9.976765897E1,3.279375076E1,-1.462500095E1,-2.463750076E1
9.977765897E1,3.723750305E1,-1.700625038E1,-2.887500191E1
9.978765897E1,4.327500153E1,-1.584375095E1,-3.485625076E1
9.979765897E1,4.387500000E1,-1.578750038E1,-3.408750153E1
9.980765897E1,3.918750000E1,-1.685625076E1,-2.782500076E1
9.981765897E1,3.251250076E1,-1.813125038E1,-2.480625153E1
9.982765897E1,3.211875153E1,-1.676250076E1,-2.585625076E1
9.983765897E1,3.866250229E1,-1.636875153E1,-3.208125305E1
9.984765897E1,4.325625229E1,-1.781250000E1,-3.108750153E1
9.985765897E1,4.515000153E1,-1.753125000E1,-3.099375153E1
9.986765897E1,3.961875153E1,-1.631250000E1,-2.632500076E1
9.987765897E1,3.260625076E1,-1.822500038E1,-2.276250076E1
9.988765897E1,3.337500000E1,-1.706250000E1,-2.208750153E1
9.989765897E1,3.815625000E1,-1.629375076E1,-2.833125114E1
9.990765897E1,4.479375076E1,-1.633125114E1,-3.264375305E1
9.991765897E1,4.591875076E1,-1.753125000E1,-3.256875229E1
9.992765897E1,4.153125000E1,-1.603125000E1,-2.542500114E1
9.993765897E1,3.508125305E1,-1.571250057E1,-2.300625038E1
9.994765897E1,3.174375153E1,-1.781250000E1,-2.310000038E1
9.995765897E1,3.877500153E1,-1.800000000E1,-2.803125191E1
9.996765897E1,4.400625229E1,-1.730625153E1,-3.193125153E1
9.997765897E1,4.655625153E1,-1.584375095E1,-3.005625153E1
9.998765897E1,4.158750153E1,-1.494375038E1,-2.630625153E1
9.999765897E1,3.438750076E1,-1.670625114E1,-2.308125114E1
1.000076590E2,3.262500000E1,-1.820625114E1,-2.167500114E1
1.000176590E2,3.650625229E1,-1.717500114E1,-2.791875076E1
1.000276590E2,4.344375229E1,-1.732500076E1,-3.161250114E1
1.000376590E2,4.464375305E1,-1.792500114E1,-3.283125305E1
1.000476590E2,4.096875000E1,-1.479375076E1,-2.568750191E1
1.000576590E2,3.380625153E1,-1.706250000E1,-2.319375038E1
1.000676590E2,3.030000114E1,-1.725000000E1,-2.235000038E1
1.000776590E2,3.571875000E1,-1.897500038E1,-2.836875153E1
1.000876590E2,4.391250229E1,-1.635000038E1,-3.138750076E1
1.000976590E2,4.561875153E1,-1.655625153E1,-3.091875076E1
1.001076590E2,4.284375000E1,-1.425000095E1,-2.700000191E1
1.001176590E2,3.279375076E1,-1.711875153E1,-2.317500114E1
1.001276590E2,3.118125153E1,-1.723125076E1,-2.392500114E1
1.001376590E2,3.588750076E1,-1.674375153E1,-2.825625038E1
1.001476590E2,4.346250153E1,-1.636875153E1,-3.136875153E1
1.001576590E2,4.576875305E1,-1.526250076E1,-3.056250191E1
1.001676590E2,4.085625076E1,-1.636875153E1,-2.461875153E1
1.001776590E2,3.318750000E1,-1.816875076E1,-2.169375038E1
1.001876590E2,3.125625038E1,-1.736250114E1,-2.250000000E1
1.001976590E2,3.498750305E1,-1.646250153E1,-2.763750076E1
1.002076590E2,4.278750229E1,-1.546875095E1,-3.127500153E1
1.002176590E2,4.588125229E1,-1.580625057E1,-3.316875076E1
1.002276590E2,4.181250000E1,-1.638750076E1,-2.806875038E1
1.002376590E2,3.328125000E1,-1.633125114E1,-2.433750153E1
1.002476590E2,3.196875191E1,-1.811250114E1,-2.291250038E1
1.002576590E2,3.660000229E1,-1.813125038E1,-2.799375153E1
1.002676590E2,4.333125305E1,-1.723125076E1,-3.395625305E1
1.002776590E2,4.738125229E1,-1.653750038E1,-3.423750305E1
1.002876590E2,4.284375000E1,-1.717500114E1,-3.020625114E1
1.002976590E2,3.549375153E1,-1.762500000E1,-2.426250076E1
1.003076590E2,3.416250229E1,-1.670625114E1,-2.261250114E1
1.003176590E2,3.547500229E1,-1.818750000E1,-2.765625191E1
1.003276590E2,4.383750153E1,-1.923750114E1,-3.285000229E1
1.003376590E2,4.888125229E1,-1.704375076E1,-3.311250305E1
1.003476590E2,4.246875000E1,-1.730625153E1,-2.816250038E1
1.003576590E2,3.611250305E1,-1.473750019E1,-2.435625076E1
1.003676590E2,3.176250076E1,-1.781250000E1,-2.278125000E1
1.003776590E2,3.699375153E1,-1.741875076E1,-2.634375191E1
1.003876590E2,4.511250305E1,-1.696875000E1,-3.354375076E1
1.003976590E2,4.710000229E1,-1.462500095E1,-3.330000305E1
1.004076590E2,4.432500076E1,-1.655625153E1,-2.793750191E1
1.004176590E2,3.592500305E1,-1.646250153E1,-2.358750153E1
1.004276590E2,3.337500000E1,-1.644375038E1,-2.261250114E1
1.004376590E2,3.688125229E1,-1.578750038E1,-3.007500076E1
1.004476590E2,4.507500076E1,-1.678125000E1,-3.260625076E1
1.004576590E2,4.755000305E1,-1.785000038E1,-3.661875153E1
1.004676590E2,4.361250305E1,-1.475625038E1,-3.056250191E1
1.004776590E2,3.590625000E1,-1.702500153E1,-2.698125076E1
1.004876590E2,3.301875305E1,-1.732500076E1,-2.566875076E1
1.004976590E2,3.592500305E1,-1.846875000E1,-2.763750076E1
1.005076590E2,4.357500076E1,-1.803750038E1,-3.498750305E1
1.005176590E2,4.715625000E1,-1.955625153E1,-3.444375229E1
1.005276590E2,4.254375076E1,-1.920000076E1,-2.846250153E1
1.005376590E2,3.605625153E1,-1.633125114E1,-2.501250076E1
1.005476590E2,3.412500000E1,-1.678125000E1,-2.525625038E1
1.005576590E2,3.716250229E1,-1.831875038E1,-3.110625076E1
1.005676590E2,4.048125076E1,-1.927500153E1,-3.234375000E1
1.005776590E2,4.363125229E1,-1.953750038E1,-3.157500076E1
1.005876590E2,4.162500000E1,-1.833750153E1,-2.977500153E1
1.005976590E2,3.665625000E1,-1.951875114E1,-2.679375076E1
1.006076590E2,3.639375305E1,-1.747500038E1,-2.711250114E1
1.006176590E2,3.727500153E1,-2.041875076E1,-3.266250229E1
1.006276590E2,4.222500229E1,-1.903125000E1,-3.363750076E1
1.006376590E2,4.353750229E1,-2.098125076E1,-3.223125076E1
1.006476590E2,4.181250000E1,-1.970625114E1,-2.763750076E1
1.006576590E2,3.697500229E1,-1.897500038E1,-2.512500191E1
1.006676590E2,3.624375153E1,-1.938750076E1,-2.741250038E1
1.006776590E2,3.890625000E1,-2.025000000E1,-3.003750038E1
1.006876590E2,4.372500229E1,-1.985625076E1,-3.187500191E1
1.006976590E2,4.550625229E1,-2.041875076E1,-3.326250076E1
1.007076590E2,4.419375229E1,-1.959375000E1,-2.876250076E1
1.007176590E2,4.095000076E1,-1.783125114E1,-2.700000191E1
1.007276590E2,3.855000305E1,-2.070000076E1,-2.780625153E1
1.007376590E2,4.111875153E1,-1.813125038E1,-3.243750000E1
1.007476590E2,4.308750153E1,-1.905000114E1,-3.583125305E1
1.007576590E2,4.353750229E1,-1.788750076E1,-3.483750153E1
1.007676590E2,4.252500153E1,-1.683750153E1,-2.881875038E1
1.007776590E2,4.008750153E1,-1.837500000E1,-2.709375191E1
1.007876590E2,3.843750000E1,-1.946250153E1,-2.868750191E1
1.007976590E2,3.982500076E1,-1.826250076E1,-3.491250229E1
1.008076590E2,4.190625000E1,-1.593750095E1,-3.560625076E1
1.008176590E2,3.991875076E1,-1.711875153E1,-3.391875076E1
1.008276590E2,3.840000153E1,-1.711875153E1,-3.013125038E1
1.008376590E2,3.654375076E1,-1.890000153E1,-2.761875153E1
1.008476590E2,3.806250000E1,-1.993125153E1,-2.756250191E1
1.008576590E2,3.916875076E1,-1.888125038E1,-3.251250076E1
1.008676590E2,3.988125229E1,-1.665000153E1,-3.363750076E1
1.008776590E2,3.907500076E1,-1.524375057E1,-3.264375305E1
1.008876590E2,3.770625305E1,-1.571250057E1,-2.898750114E1
1.008976590E2,3.637500000E1,-1.657500076E1,-2.889375114E1
1.009076590E2,3.783750153E1,-1.621875000E1,-3.082500076E1
1.009176590E2,4.016250229E1,-1.440000057E1,-3.305625153E1
1.009276590E2,3.976875305E1,-1.333125019E1,-3.391875076E1
1.009376590E2,3.765000153E1,-1.038750076E1,-3.116250038E1
1.009476590E2,3.491250229E1,-1.155000019E1,-2.679375076E1
1.009576590E2,3.324375153E1,-1.460625076E1,-2.510625076E1
1.009676590E2,3.348750305E1,-1.781250000E1,-2.718750191E1
1.009776590E2,3.481875229E1,-1.561875057E1,-3.082500076E1
1.009876590E2,3.560625076E1,-1.141875076E1,-2.962500191E1
1.009976590E2,3.363750076E1,-1.080000019E1,-2.574375153E1
1.010076590E2,3.118125153E1,-1.151250076E1,-2.283750153E1
1.010176590E2,3.065625191E1,-1.565625095E1,-2.295000076E1
1.010276590E2,3.135000038E1,-1.728750038E1,-2.610000038E1
1.010376590E2,3.178125191E1,-1.876875114E1,-2.941875076E1
1.010476590E2,3.491250229E1,-1.396875095E1,-2.831250191E1
1.010576590E2,3.315000153E1,-1.128750038E1,-2.460000038E1
1.010676590E2,3.110625076E1,-1.177500057E1,-2.062500000E1
1.010776590E2,3.110625076E1,-1.573125076E1,-2.045625114E1
1.010876590E2,3.148125076E1,-2.058750153E1,-2.583750153E1
1.010976590E2,3.541875076E1,-1.732500076E1,-3.116250038E1
1.011076590E2,3.502500153E1,-1.320000076E1,-2.323125076E1
1.011176590E2,3.502500153E1,-1.320000076E1,-2.323125076E1
1.011276590E2,3.418125153E1,-1.366875076E1,-2.145000076E1
1.011376590E2,3.388125229E1,-2.004375076E1,-2.872500038E1
1.011476590E2,3.388125229E1,-2.004375076E1,-2.872500038E1
1.011576590E2,3.738750076E1,-1.738125038E1,-3.181875038E1
1.011676590E2,3.997500229E1,-1.350000095E1,-2.827500153E1
1.011776590E2,3.431250000E1,-1.511250019E1,-2.227500153E1
1.011876590E2,3.431250000E1,-1.511250019E1,-2.227500153E1
1.011976590E2,3.459375000E1,-1.811250114E1,-2.889375114E1
1.012076590E2,3.667500305E1,-1.653750038E1,-3.436875153E1
1.012176590E2,4.014375305E1,-1.513125038E1,-3.033750153E1
1.012276590E2,3.898125076E1,-1.507500076E1,-2.593125153E1
1.012376590E2,3.746250153E1,-1.620000076E1,-2.317500114E1
1.012476590E2,3.618750000E1,-1.623750114E1,-2.782500076E1
1.012576590E2,3.558750153E1,-1.933125114E1,-2.943750191E1
1.012676590E2,3.838125229E1,-1.736250114E1,-3.371250153E1
1.012776590E2,4.136250305E1,-1.623750114E1,-3.369375229E1
1.012876590E2,4.117500305E1,-1.691250038E1,-2.833125114E1
1.012976590E2,3.761250305E1,-1.785000038E1,-2.568750191E1
1.013076590E2,3.703125000E1,-1.614375114E1,-2.550000191E1
1.013176590E2,3.780000305E1,-1.843125153E1,-3.016875076E1
1.013276590E2,3.796875000E1,-1.850625038E1,-3.391875076E1
1.013376590E2,4.173750305E1,-1.711875153E1,-3.159375191E1
1.013476590E2,4.036875153E1,-1.695000076E1,-2.831250191E1
1.013576590E2,3.853125000E1,-1.839375114E1,-2.488125038E1
1.013676590E2,3.656250000E1,-1.856250000E1,-2.670000076E1
1.013776590E2,3.804375076E1,-1.841250038E1,-3.018750191E1
1.013876590E2,3.939375305E1,-2.011875153E1,-3.225000000E1
1.013976590E2,4.342500305E1,-1.734375000E1,-3.223125076E1
1.014076590E2,4.370625305E1,-1.766250038E1,-2.626875114E1
1.014176590E2,4.078125000E1,-1.715625000E1,-2.454375076E1
1.014276590E2,3.896250153E1,-1.601250076E1,-2.555625153E1
1.014376590E2,3.858750153E1,-1.841250038E1,-3.144375038E1
1.014476590E2,3.885000229E1,-1.918125153E1,-3.168750191E1
1.014576590E2,4.138125229E1,-1.713750076E1,-3.189375114E1
1.014676590E2,4.156875229E1,-1.674375153E1,-2.896875191E1
1.014776590E2,3.986250305E1,-1.837500000E1,-2.709375191E1
1.014876590E2,3.821250153E1,-1.800000000E1,-2.694375038E1
1.014976590E2,3.791250229E1,-1.811250114E1,-3.067500114E1
1.015076590E2,3.916875076E1,-2.034375000E1,-3.457500076E1
1.015176590E2,4.125000000E1,-1.779375076E1,-3.247500229E1
1.015276590E2,4.038750076E1,-1.809375000E1,-2.945625114E1
1.015376590E2,4.066875076E1,-1.863750076E1,-2.660625076E1
1.015476590E2,3.611250305E1,-1.950000000E1,-2.521875191E1
1.015576590E2,3.766875076E1,-1.948125076E1,-2.790000153E1
1.015676590E2,3.667500305E1,-1.931250000E1,-3.165000153E1
1.015776590E2,3.986250305E1,-1.914375114E1,-3.202500153E1
1.015876590E2,4.177500153E1,-1.642500114E1,-2.962500191E1
1.015976590E2,3.976875305E1,-1.773750114E1,-2.636250114E1
1.016076590E2,3.819375229E1,-1.843125153E1,-2.518125153E1
1.016176590E2,3.778125000E1,-1.822500038E1,-2.863125038E1
1.016276590E2,3.911250305E1,-1.758750153E1,-3.151875114E1
1.016376590E2,3.997500229E1,-1.882500076E1,-3.251250076E1
1.016476590E2,4.185000229E1,-1.811250114E1,-2.730000114E1
1.016576590E2,4.110000229E1,-1.661250114E1,-2.302500153E1
1.016676590E2,3.913125229E1,-1.584375095E1,-2.540625191E1
1.016776590E2,3.650625229E1,-1.603125000E1,-2.645625114E1
1.016876590E2,3.907500076E1,-1.470000076E1,-3.003750038E1
1.016976590E2,4.128750229E1,-1.505625057E1,-3.035625076E1
1.017076590E2,4.237500000E1,-1.490625095E1,-2.709375191E1
1.017176590E2,4.072500229E1,-1.483125019E1,-2.645625114E1
1.017276590E2,3.795000076E1,-1.606875038E1,-2.490000153E1
1.017376590E2,3.860625076E1,-1.421250057E1,-2.835000038E1
1.017476590E2,3.885000229E1,-1.462500095E1,-3.285000229E1
1.017576590E2,3.900000000E1,-1.571250057E1,-3.228750229E1
1.017676590E2,4.286250305E1,-1.443750095E1,-2.823750114E1
1.017776590E2,4.055625153E1,-1.500000095E1,-2.628750038E1
1.017876590E2,3.761250305E1,-1.629375076E1,-2.722500038E1
1.017976590E2,3.564375305E1,-1.708125114E1,-2.806875038E1
1.018076590E2,3.751875305E1,-1.642500114E1,-3.174375153E1
1.018176590E2,4.070625305E1,-1.595625019E1,-3.292500305E1
1.018276590E2,4.252500153E1,-1.528125095E1,-3.003750038E1
1.018376590E2,4.070625305E1,-1.608750153E1,-2.619375038E1
1.018476590E2,3.888750076E1,-1.651875114E1,-2.613750076E1
1.018576590E2,3.800625229E1,-1.520625019E1,-2.887500191E1
1.018676590E2,3.825000000E1,-1.531875038E1,-3.326250076E1
1.018776590E2,4.181250000E1,-1.601250076E1,-3.168750191E1
1.018876590E2,4.376250076E1,-1.432500076E1,-3.217500305E1
1.018976590E2,4.147500229E1,-1.548750019E1,-2.906250191E1
1.019076590E2,3.961875153E1,-1.541250038E1,-2.780625153E1
1.019176590E2,3.637500000E1,-1.659375000E1,-2.921250153E1
1.019276590E2,3.543750000E1,-1.906875038E1,-3.165000153E1
1.019376590E2,4.001250076E1,-1.723125076E1,-3.217500305E1
1.019476590E2,4.213125229E1,-1.423125076E1,-3.090000153E1
1.019576590E2,4.100625229E1,-1.644375038E1,-2.835000038E1
1.019676590E2,3.922500229E1,-1.650000000E1,-2.613750076E1
1.019776590E2,3.468750000E1,-1.666875076E1,-2.855625153E1
1.019876590E2,3.540000153E1,-1.826250076E1,-3.093750191E1
1.019976590E2,3.802500153E1,-1.749375153E1,-3.166875076E1
1.020076590E2,4.166250229E1,-1.766250038E1,-2.827500153E1
1.020176590E2,4.186875153E1,-1.415625095E1,-2.715000153E1
1.020276590E2,3.890625000E1,-1.650000000E1,-2.535000038E1
1.020376590E2,3.515625000E1,-1.777500153E1,-2.986875153E1
1.020476590E2,3.541875076E1,-1.826250076E1,-3.061875153E1
1.020576590E2,3.785625076E1,-1.734375000E1,-3.151875114E1
1.020676590E2,4.117500305E1,-1.629375076E1,-2.900625038E1
1.020776590E2,4.055625153E1,-1.678125000E1,-2.786250114E1
1.020876590E2,3.841875076E1,-1.601250076E1,-2.413125038E1
1.020976590E2,3.592500305E1,-1.453125095E1,-2.812500191E1
1.021076590E2,3.504375076E1,-1.717500114E1,-3.024375153E1
1.021176590E2,3.766875076E1,-1.608750153E1,-3.099375153E1
1.021276590E2,4.252500153E1,-1.351875019E1,-2.893125153E1
1.021376590E2,4.284375000E1,-1.425000095E1,-2.700000191E1
1.021476590E2,3.900000000E1,-1.620000076E1,-2.647500038E1
1.021576590E2,3.663750076E1,-1.614375114E1,-3.097500038E1
1.021676590E2,3.493125153E1,-1.923750114E1,-3.069375038E1
1.021776590E2,3.976875305E1,-1.850625038E1,-3.191250038E1
1.021876590E2,4.413750076E1,-1.818750000E1,-2.951250076E1
1.021976590E2,4.215000153E1,-1.730625153E1,-2.784375191E1
1.022076590E2,3.915000153E1,-1.730625153E1,-2.685000038E1
1.022176590E2,3.690000153E1,-1.606875038E1,-2.910000038E1
1.022276590E2,3.538125229E1,-1.713750076E1,-2.992500114E1
1.022376590E2,3.751875305E1,-1.704375076E1,-3.153750038E1
1.022476590E2,3.941250229E1,-1.831875038E1,-2.988750076E1
1.022576590E2,4.299375153E1,-1.803750038E1,-2.700000191E1
1.022676590E2,4.010625076E1,-1.833750153E1,-2.600625038E1
1.022776590E2,3.603750229E1,-1.938750076E1,-2.694375038E1
1.022876590E2,3.431250000E1,-1.858125114E1,-2.838750076E1
1.022976590E2,3.879375076E1,-1.818750000E1,-2.973750114E1
1.023076590E2,4.290000153E1,-1.710000038E1,-2.724375153E1
1.023176590E2,4.286250305E1,-1.691250038E1,-2.600625038E1
1.023276590E2,3.926250076E1,-1.498125076E1,-2.251875114E1
1.023376590E2,3.513750076E1,-1.702500153E1,-2.508750153E1
1.023476590E2,3.517500305E1,-1.629375076E1,-2.733750153E1
1.023576590E2,3.808125305E1,-1.618125153E1,-3.005625153E1
1.023676590E2,4.254375076E1,-1.443750095E1,-2.745000076E1
1.023776590E2,4.258125305E1,-1.676250076E1,-2.617500114E1
1.023876590E2,3.960000229E1,-1.458750057E1,-2.630625153E1
1.023976590E2,3.555000305E1,-1.490625095E1,-2.964375114E1
1.024076590E2,3.538125229E1,-1.777500153E1,-2.988750076E1
1.024176590E2,3.766875076E1,-1.537500095E1,-3.448125076E1
1.024276590E2,4.126875305E1,-1.653750038E1,-3.256875229E1
1.024376590E2,4.282500076E1,-1.695000076E1,-2.788125038E1
1.024476590E2,3.877500153E1,-1.713750076E1,-2.546250153E1
1.024576590E2,3.543750000E1,-1.646250153E1,-2.827500153E1
1.024676590E2,3.343125153E1,-1.850625038E1,-2.962500191E1
1.024776590E2,3.551250076E1,-1.920000076E1,-3.039375114E1
1.024876590E2,4.237500000E1,-1.721250153E1,-3.065625191E1
1.024976590E2,4.115625000E1,-1.785000038E1,-2.808750153E1
1.025076590E2,4.068750000E1,-1.830000114E1,-2.600625038E1
1.025176590E2,3.369375229E1,-1.938750076E1,-2.752500153E1
1.025276590E2,3.457500076E1,-1.873125076E1,-2.885625076E1
1.025376590E2,3.641250229E1,-1.946250153E1,-3.069375038E1
1.025476590E2,4.344375229E1,-1.708125114E1,-2.835000038E1
1.025576590E2,4.464375305E1,-1.715625000E1,-2.788125038E1
1.025676590E2,3.943125153E1,-1.899375153E1,-2.531250191E1
1.025776590E2,3.695625305E1,-1.745625114E1,-2.758125114E1
1.025876590E2,3.442500305E1,-2.002500153E1,-2.951250076E1
1.025976590E2,3.650625229E1,-1.895625114E1,-2.949375153E1
1.026076590E2,4.301250076E1,-1.762500000E1,-2.955000114E1
1.026176590E2,4.522500229E1,-1.681875038E1,-2.791875076E1
1.026276590E2,4.252500153E1,-1.755000114E1,-2.531250191E1
1.026376590E2,3.746250153E1,-1.822500038E1,-2.784375191E1
1.026476590E2,3.628125000E1,-1.957500076E1,-2.833125114E1
1.026576590E2,3.883125305E1,-1.835625076E1,-2.988750076E1
1.026676590E2,4.241250229E1,-1.715625000E1,-2.878125191E1
1.026776590E2,4.436250305E1,-1.794375038E1,-2.703750038E1
1.026876590E2,4.095000076E1,-1.878750038E1,-2.675625038E1
1.026976590E2,3.654375076E1,-1.796250153E1,-2.784375191E1
1.027076590E2,3.446250153E1,-1.968750000E1,-2.861250114E1
1.027176590E2,3.780000305E1,-1.936875153E1,-2.994375038E1
1.027276590E2,4.256250000E1,-1.794375038E1,-2.872500038E1
1.027376590E2,4.543125153E1,-1.567500019E1,-2.724375153E1
1.027476590E2,4.140000153E1,-1.580625057E1,-2.310000038E1
1.027576590E2,3.641250229E1,-1.745625114E1,-2.632500076E1
1.027676590E2,3.277500153E1,-1.758750153E1,-2.908125114E1
1.027776590E2,3.676875305E1,-1.725000000E1,-3.166875076E1
1.027876590E2,4.320000076E1,-1.496250057E1,-3.118125153E1
1.027976590E2,4.385625076E1,-1.719375038E1,-2.739375114E1
1.028076590E2,4.110000229E1,-1.571250057E1,-2.467500114E1
1.028176590E2,3.639375305E1,-1.655625153E1,-2.812500191E1
1.028276590E2,3.436875153E1,-1.635000038E1,-2.731875038E1
1.028376590E2,3.693750000E1,-1.771875000E1,-3.178125191E1
1.028476590E2,4.170000076E1,-1.713750076E1,-3.268125153E1
1.028576590E2,4.511250305E1,-1.556250095E1,-2.850000191E1
1.028676590E2,4.010625076E1,-1.771875000E1,-2.636250114E1
1.028776590E2,3.571875000E1,-1.721250153E1,-2.758125114E1
1.028876590E2,3.311250305E1,-1.696875000E1,-3.007500076E1
1.028976590E2,3.673125076E1,-1.800000000E1,-3.003750038E1
1.029076590E2,4.119375229E1,-1.711875153E1,-3.033750153E1
1.029176590E2,4.380000305E1,-1.676250076E1,-2.836875153E1
1.029276590E2,4.072500229E1,-1.876875114E1,-2.596875191E1
1.029376590E2,3.498750305E1,-1.740000153E1,-2.694375038E1
1.029476590E2,3.228750229E1,-1.837500000E1,-2.760000038E1
1.029576590E2,3.453750229E1,-1.858125114E1,-2.870625114E1
1.029676590E2,4.198125076E1,-1.685625076E1,-2.803125191E1
1.029776590E2,4.395000076E1,-1.606875038E1,-2.686875153E1
1.029876590E2,4.155000305E1,-1.691250038E1,-2.332500076E1
1.029976590E2,3.633750153E1,-1.711875153E1,-2.495625114E1
1.030076590E2,3.283125305E1,-1.595625019E1,-2.733750153E1
1.030176590E2,3.568125153E1,-1.633125114E1,-2.970000076E1
1.030276590E2,4.170000076E1,-1.455000019E1,-3.009375191E1
1.030376590E2,4.451250076E1,-1.627500153E1,-2.998125076E1
1.030476590E2,4.361250305E1,-1.515000057E1,-2.741250038E1
1.030576590E2,3.553125000E1,-1.616250038E1,-2.908125114E1
1.030676590E2,3.444375229E1,-1.693125153E1,-3.196875191E1
1.030776590E2,3.444375229E1,-1.693125153E1,-3.196875191E1
1.030876590E2,4.050000000E1,-1.747500038E1,-2.998125076E1
1.030976590E2,4.183125305E1,-1.543125057E1,-2.752500153E1
1.031076590E2,4.183125305E1,-1.543125057E1,-2.752500153E1
1.031176590E2,3.256875229E1,-1.756875038E1,-2.765625191E1
1.031276590E2,3.313125229E1,-1.777500153E1,-3.078750038E1
1.031376590E2,4.102500153E1,-1.820625114E1,-2.915625191E1
1.031476590E2,4.425000000E1,-1.704375076E1,-2.835000038E1
1.031576590E2,4.074375153E1,-1.721250153E1,-2.688750076E1
1.031676590E2,3.547500229E1,-1.640625000E1,-2.608125114E1
1.031776590E2,2.986875153E1,-1.612500000E1,-2.728125191E1
1.031876590E2,3.228750229E1,-1.929375076E1,-2.658750153E1
1.031976590E2,3.971250153E1,-1.687500000E1,-3.001875114E1
1.032076590E2,4.335000229E1,-1.614375114E1,-2.795625114E1
1.032176590E2,4.158750153E1,-1.618125153E1,-2.525625038E1
1.032276590E2,3.519375229E1,-1.603125000E1,-2.345625114E1
1.032376590E2,3.105000114E1,-1.635000038E1,-2.570625114E1
1.032476590E2,3.328125000E1,-1.561875057E1,-2.784375191E1
1.032576590E2,3.973125076E1,-1.625625038E1,-3.022500038E1
1.032676590E2,4.421250153E1,-1.614375114E1,-3.046875191E1
1.032776590E2,4.245000076E1,-1.586250019E1,-2.748750114E1
1.032876590E2,3.463125229E1,-1.773750114E1,-2.690625191E1
1.032976590E2,3.033750153E1,-1.848750114E1,-2.756250191E1
1.033076590E2,3.264375305E1,-1.770000076E1,-2.703750038E1
1.033176590E2,3.965625000E1,-1.828125000E1,-2.911875153E1
1.033276590E2,4.505625153E1,-1.657500076E1,-3.045000076E1
1.033376590E2,4.280625153E1,-1.520625019E1,-2.739375114E1
1.033476590E2,3.592500305E1,-1.576875019E1,-2.709375191E1
1.033576590E2,3.039375114E1,-1.749375153E1,-2.623125076E1
1.033676590E2,3.313125229E1,-1.693125153E1,-2.896875191E1
1.033776590E2,4.095000076E1,-1.590000057E1,-3.136875153E1
1.033876590E2,4.486875153E1,-1.770000076E1,-3.080625153E1
1.033976590E2,4.348125076E1,-1.633125114E1,-2.966250038E1
1.034076590E2,3.570000076E1,-1.668750000E1,-2.576250076E1
1.034176590E2,3.095625114E1,-1.685625076E1,-2.692500114E1
1.034276590E2,3.316875076E1,-1.648125076E1,-2.994375038E1
1.034376590E2,4.055625153E1,-1.876875114E1,-3.174375153E1
1.034476590E2,4.376250076E1,-1.910625076E1,-3.380625153E1
1.034576590E2,4.479375076E1,-1.578750038E1,-3.018750191E1
1.034676590E2,3.540000153E1,-1.773750114E1,-2.848125076E1
1.034776590E2,3.065625191E1,-1.766250038E1,-2.685000038E1
1.034876590E2,3.277500153E1,-1.758750153E1,-2.876250076E1
1.034976590E2,4.091250229E1,-1.811250114E1,-3.165000153E1
1.035076590E2,4.618125153E1,-1.871250153E1,-2.996250153E1
1.035176590E2,4.430625153E1,-1.678125000E1,-3.073125076E1
1.035276590E2,3.658125305E1,-1.730625153E1,-2.696250153E1
1.035376590E2,3.193125153E1,-1.816875076E1,-2.510625076E1
1.035476590E2,3.273750305E1,-1.863750076E1,-2.679375076E1
1.035576590E2,4.061250305E1,-1.869375038E1,-2.878125191E1
1.035676590E2,4.584375000E1,-1.655625153E1,-3.170625114E1
1.035776590E2,4.252500153E1,-1.779375076E1,-2.857500076E1
1.035876590E2,3.731250000E1,-1.595625019E1,-2.536875153E1
1.035976590E2,3.086250114E1,-1.627500153E1,-2.306250000E1
1.036076590E2,3.153750038E1,-1.680000114E1,-2.615625191E1
1.036176590E2,3.855000305E1,-1.820625114E1,-2.973750114E1
1.036276590E2,4.449375153E1,-1.629375076E1,-3.030000114E1
1.036376590E2,4.380000305E1,-1.758750153E1,-3.018750191E1
1.036476590E2,3.560625076E1,-1.730625153E1,-2.476875114E1
1.036576590E2,3.045000076E1,-1.833750153E1,-2.193750000E1
1.036676590E2,3.228750229E1,-1.659375000E1,-2.602500153E1
1.036776590E2,3.980625153E1,-1.845000076E1,-2.973750114E1
1.036876590E2,4.588125229E1,-1.796250153E1,-3.112500191E1
1.036976590E2,4.618125153E1,-1.569375038E1,-2.990625191E1
1.037076590E2,3.607500076E1,-1.809375000E1,-2.580000114E1
1.037176590E2,3.065625191E1,-1.588125038E1,-2.527500153E1
1.037276590E2,3.275625229E1,-1.738125038E1,-2.705625153E1
1.037376590E2,4.106250000E1,-1.743750000E1,-3.030000114E1
1.037476590E2,4.481250000E1,-1.901250076E1,-3.241875076E1
1.037576590E2,4.466250229E1,-1.790625000E1,-3.204375076E1
1.037676590E2,3.688125229E1,-1.650000000E1,-2.671875191E1
1.037776590E2,3.110625076E1,-1.771875000E1,-2.371875000E1
1.037876590E2,3.260625076E1,-1.575000095E1,-2.454375076E1
1.037976590E2,4.074375153E1,-1.683750153E1,-3.035625076E1
1.038076590E2,4.528125000E1,-1.826250076E1,-3.498750305E1
1.038176590E2,4.603125000E1,-1.783125114E1,-3.255000305E1
1.038276590E2,3.735000229E1,-1.792500114E1,-2.818125153E1
1.038376590E2,3.277500153E1,-1.683750153E1,-2.413125038E1
1.038476590E2,3.493125153E1,-1.455000019E1,-2.655000114E1
1.038576590E2,3.978750229E1,-1.700625038E1,-2.908125114E1
1.038676590E2,4.351875305E1,-1.983750153E1,-3.108750153E1
1.038776590E2,4.241250229E1,-2.109375000E1,-2.784375191E1
1.038876590E2,3.990000153E1,-1.980000114E1,-2.713125038E1
1.038976590E2,4.076250076E1,-1.723125076E1,-3.406875229E1
1.039076590E2,4.141875076E1,-1.423125076E1,-3.588750076E1
1.039176590E2,3.933750153E1,-1.539375019E1,-3.279375076E1
1.039276590E2,3.903750229E1,-1.438125038E1,-2.349375153E1
1.039376590E2,3.864375305E1,-1.608750153E1,-2.131875038E1
1.039476590E2,3.956250000E1,-1.771875000E1,-2.495625114E1
1.039576590E2,4.181250000E1,-1.723125076E1,-3.018750191E1
1.039676590E2,4.293750000E1,-1.640625000E1,-3.761250305E1
1.039776590E2,4.155000305E1,-1.428750038E1,-3.198750114E1
1.039876590E2,3.971250153E1,-1.548750019E1,-2.529375076E1
1.039976590E2,3.705000305E1,-1.556250095E1,-2.195625114E1
1.040076590E2,3.909375000E1,-1.631250000E1,-2.490000153E1
1.040176590E2,4.181250000E1,-1.723125076E1,-3.018750191E1
1.040276590E2,4.404375076E1,-1.531875038E1,-3.459375000E1
1.040376590E2,4.381875229E1,-1.447500038E1,-3.232500076E1
1.040476590E2,3.939375305E1,-1.612500000E1,-2.430000114E1
1.040576590E2,3.800625229E1,-1.537500095E1,-2.246250153E1
1.040676590E2,3.686250305E1,-1.753125000E1,-2.430000114E1
1.040776590E2,4.106250000E1,-1.441875076E1,-2.992500114E1
1.040876590E2,4.282500076E1,-1.410000038E1,-3.373125076E1
1.040976590E2,4.254375076E1,-1.488750076E1,-3.320625305E1
1.041076590E2,3.888750076E1,-1.413750076E1,-2.570625114E1
1.041176590E2,3.725625229E1,-1.402500057E1,-2.413125038E1
1.041276590E2,3.802500153E1,-1.464375019E1,-2.550000191E1
1.041376590E2,4.080000305E1,-1.605000114E1,-3.088125038E1
1.041476590E2,4.096875000E1,-1.518750095E1,-3.487500000E1
1.041576590E2,4.106250000E1,-1.426875019E1,-3.588750076E1
1.041676590E2,3.780000305E1,-1.696875000E1,-2.919375038E1
1.041776590E2,3.661875153E1,-1.610625076E1,-2.332500076E1
1.041876590E2,3.817500305E1,-1.606875038E1,-2.553750038E1
1.041976590E2,3.851250076E1,-1.702500153E1,-3.296250153E1
1.042076590E2,3.991875076E1,-1.736250114E1,-3.671250153E1
1.042176590E2,4.040625000E1,-1.736250114E1,-3.170625114E1
1.042276590E2,3.669375229E1,-1.668750000E1,-2.763750076E1
1.042376590E2,3.575625229E1,-1.693125153E1,-2.246250153E1
1.042476590E2,3.410625076E1,-1.773750114E1,-2.533125114E1
1.042576590E2,3.765000153E1,-1.858125114E1,-2.970000076E1
1.042676590E2,3.965625000E1,-1.633125114E1,-3.318750000E1
1.042776590E2,3.890625000E1,-1.653750038E1,-3.346875000E1
1.042876590E2,3.806250000E1,-1.691250038E1,-2.701875114E1
1.042976590E2,3.463125229E1,-1.668750000E1,-2.261250114E1
1.043076590E2,3.553125000E1,-1.633125114E1,-2.311875153E1
1.043176590E2,3.845625305E1,-1.511250019E1,-3.202500153E1
1.043276590E2,3.954375076E1,-1.751250076E1,-3.575625229E1
1.043376590E2,3.956250000E1,-1.747500038E1,-3.435000229E1
1.043476590E2,3.830625153E1,-1.501875019E1,-2.827500153E1
1.043576590E2,3.541875076E1,-1.747500038E1,-2.490000153E1
1.043676590E2,3.688125229E1,-1.805625153E1,-2.581875038E1
1.043776590E2,3.920625305E1,-1.882500076E1,-3.063750076E1
1.043876590E2,4.033125305E1,-1.745625114E1,-3.545625305E1
1.043976590E2,4.149375153E1,-1.590000057E1,-3.294375229E1
1.044076590E2,3.815625000E1,-1.631250000E1,-2.880000114E1
1.044176590E2,3.420000076E1,-1.813125038E1,-2.280000114E1
1.044276590E2,3.697500229E1,-1.815000153E1,-2.377500153E1
1.044376590E2,3.830625153E1,-1.833750153E1,-2.799375153E1
1.044476590E2,3.898125076E1,-1.728750038E1,-3.215625000E1
1.044576590E2,3.898125076E1,-1.730625153E1,-3.262500000E1
1.044676590E2,3.821250153E1,-1.468125057E1,-2.705625153E1
1.044776590E2,3.547500229E1,-1.616250038E1,-2.298750114E1
1.044876590E2,3.571875000E1,-1.644375038E1,-2.218125153E1
1.044976590E2,3.714375305E1,-1.811250114E1,-2.910000038E1
1.045076590E2,3.990000153E1,-1.713750076E1,-3.468750000E1
1.045176590E2,3.980625153E1,-1.567500019E1,-3.277500153E1
1.045276590E2,3.776250076E1,-1.471875095E1,-2.735625076E1
1.045376590E2,3.688125229E1,-1.451250076E1,-2.313750076E1
1.045476590E2,3.759375000E1,-1.432500076E1,-2.411250114E1
1.045576590E2,3.851250076E1,-1.648125076E1,-3.035625076E1
1.045676590E2,3.924375153E1,-1.676250076E1,-3.690000153E1
1.045776590E2,4.050000000E1,-1.552500057E1,-3.451875305E1
1.045876590E2,3.826875305E1,-1.599375057E1,-2.913750076E1
1.045976590E2,3.474375153E1,-1.721250153E1,-2.521875191E1
1.046076590E2,3.519375229E1,-1.719375038E1,-2.523750114E1
1.046176590E2,3.900000000E1,-1.944375038E1,-2.979375076E1
1.046276590E2,4.021875000E1,-1.933125114E1,-3.420000076E1
1.046376590E2,4.089375305E1,-1.745625114E1,-3.656250000E1
1.046476590E2,3.825000000E1,-1.725000000E1,-2.855625153E1
1.046576590E2,3.821250153E1,-1.777500153E1,-2.415000153E1
1.046676590E2,3.622500229E1,-1.741875076E1,-2.445000076E1
1.046776590E2,3.686250305E1,-2.006250000E1,-3.048750114E1
1.046876590E2,4.020000076E1,-1.758750153E1,-3.371250153E1
1.046976590E2,3.838125229E1,-1.890000153E1,-3.202500153E1
1.047076590E2,3.855000305E1,-1.738125038E1,-2.793750191E1
1.047176590E2,3.496875000E1,-1.756875038E1,-2.130000114E1
1.047276590E2,3.491250229E1,-1.743750000E1,-2.193750000E1
1.047376590E2,3.748125076E1,-1.820625114E1,-2.675625038E1
1.047476590E2,3.877500153E1,-1.698750114E1,-3.187500191E1
1.047576590E2,3.860625076E1,-1.713750076E1,-3.123750114E1
1.047676590E2,3.583125305E1,-1.813125038E1,-2.656875038E1
1.047776590E2,3.487500000E1,-1.601250076E1,-2.205000114E1
1.047876590E2,3.733125305E1,-1.633125114E1,-2.113125038E1
1.047976590E2,3.791250229E1,-1.704375076E1,-2.608125114E1
1.048076590E2,3.978750229E1,-1.569375038E1,-3.309375000E1
1.048176590E2,4.098750305E1,-1.608750153E1,-3.275625229E1
1.048276590E2,3.913125229E1,-1.464375019E1,-2.739375114E1
1.048376590E2,3.757500076E1,-1.591875076E1,-2.428125191E1
1.048476590E2,3.725625229E1,-1.642500114E1,-2.486250114E1
1.048576590E2,3.845625305E1,-1.882500076E1,-2.906250191E1
1.048676590E2,4.119375229E1,-1.788750076E1,-3.543750000E1
1.048776590E2,4.128750229E1,-1.882500076E1,-3.519375229E1
1.048876590E2,4.171875000E1,-1.629375076E1,-3.041250038E1
1.048976590E2,3.800625229E1,-1.775625038E1,-2.304375076E1
1.049076590E2,3.853125000E1,-1.693125153E1,-2.311875153E1
1.049176590E2,3.890625000E1,-1.786875153E1,-2.977500153E1
1.049276590E2,4.246875000E1,-1.631250000E1,-3.277500153E1
1.049376590E2,4.057500076E1,-1.627500153E1,-3.320625305E1
1.049476590E2,4.023750305E1,-1.552500057E1,-2.795625114E1
1.049576590E2,3.611250305E1,-1.533750057E1,-2.338125038E1
1.049676590E2,3.611250305E1,-1.533750057E1,-2.338125038E1
1.049776590E2,3.883125305E1,-1.636875153E1,-2.630625153E1
1.049876590E2,4.220625305E1,-1.218750095E1,-3.200625229E1
1.049976590E2,4.220625305E1,-1.218750095E1,-3.200625229E1
1.050076590E2,4.203750229E1,-1.057500076E1,-3.026250076E1
1.050176590E2,3.834375000E1,-1.434375095E1,-2.662500191E1
1.050276590E2,3.901875305E1,-1.601250076E1,-3.133125114E1
1.050376590E2,3.901875305E1,-1.601250076E1,-3.133125114E1
1.050476590E2,4.312500000E1,-1.505625057E1,-3.459375000E1
1.050576590E2,4.014375305E1,-1.597500038E1,-3.260625076E1
1.050676590E2,3.941250229E1,-1.631250000E1,-2.553750038E1
1.050776590E2,3.892500305E1,-1.730625153E1,-2.606250191E1
1.050876590E2,3.706875229E1,-1.891875076E1,-2.949375153E1
1.050976590E2,4.113750076E1,-1.595625019E1,-3.403125000E1
1.051076590E2,4.008750153E1,-1.841250038E1,-3.553125000E1
1.051176590E2,4.128750229E1,-1.681875038E1,-3.114375114E1
1.051276590E2,3.688125229E1,-1.650000000E1,-2.703750038E1
1.051376590E2,3.673125076E1,-1.693125153E1,-2.512500191E1
1.051476590E2,3.862500000E1,-1.833750153E1,-2.878125191E1
1.051576590E2,4.035000229E1,-1.723125076E1,-3.266250229E1
1.051676590E2,4.149375153E1,-1.651875114E1,-3.258750153E1
1.051776590E2,3.975000000E1,-1.683750153E1,-2.861250114E1
1.051876590E2,3.924375153E1,-1.680000114E1,-2.548125076E1
1.051976590E2,3.883125305E1,-1.490625095E1,-2.454375076E1
1.052076590E2,3.864375305E1,-1.593750095E1,-2.773125076E1
1.052176590E2,3.845625305E1,-1.749375153E1,-3.275625229E1
1.052276590E2,4.140000153E1,-1.642500114E1,-3.493125153E1
1.052376590E2,4.134375000E1,-1.644375038E1,-2.883750153E1
1.052476590E2,3.905625153E1,-1.698750114E1,-2.610000038E1
1.052576590E2,3.564375305E1,-1.747500038E1,-2.521875191E1
1.052676590E2,3.635625076E1,-1.732500076E1,-2.696250153E1
1.052776590E2,3.853125000E1,-1.762500000E1,-3.150000191E1
1.052876590E2,3.898125076E1,-1.753125000E1,-3.495000076E1
1.052976590E2,4.102500153E1,-1.550625038E1,-2.874375153E1
1.053076590E2,3.768750000E1,-1.704375076E1,-2.576250076E1
1.053176590E2,3.798750305E1,-1.541250038E1,-2.401875114E1
1.053276590E2,3.675000000E1,-1.745625114E1,-2.711250114E1
1.053376590E2,3.727500153E1,-1.770000076E1,-3.178125191E1
1.053476590E2,3.905625153E1,-1.620000076E1,-3.271875000E1
1.053576590E2,3.856875229E1,-1.642500114E1,-2.816250038E1
1.053676590E2,3.826875305E1,-1.640625000E1,-2.628750038E1
1.053776590E2,3.590625000E1,-1.920000076E1,-2.491875076E1
1.053876590E2,3.545625305E1,-1.942500114E1,-2.692500114E1
1.053976590E2,3.763125229E1,-1.713750076E1,-2.902500153E1
1.054076590E2,3.853125000E1,-1.824375153E1,-3.082500076E1
1.054176590E2,3.941250229E1,-1.653750038E1,-2.833125114E1
1.054276590E2,3.901875305E1,-1.618125153E1,-2.585625076E1
1.054376590E2,3.682500076E1,-1.612500000E1,-2.441250038E1
1.054476590E2,3.562500000E1,-1.657500076E1,-2.701875114E1
1.054576590E2,3.706875229E1,-1.490625095E1,-3.296250153E1
1.054676590E2,3.828750229E1,-1.796250153E1,-3.193125153E1
1.054776590E2,3.868125153E1,-1.880625153E1,-2.874375153E1
1.054876590E2,3.986250305E1,-1.783125114E1,-2.431875038E1
1.054976590E2,3.706875229E1,-1.753125000E1,-2.476875114E1
1.055076590E2,3.489375305E1,-1.770000076E1,-2.581875038E1
1.055176590E2,3.693750000E1,-1.749375153E1,-2.898750114E1
1.055276590E2,3.750000000E1,-1.800000000E1,-3.161250114E1
1.055376590E2,3.913125229E1,-1.785000038E1,-2.945625114E1
1.055476590E2,3.808125305E1,-1.657500076E1,-2.688750076E1
1.055576590E2,3.691875076E1,-1.822500038E1,-2.626875114E1
1.055676590E2,3.641250229E1,-1.747500038E1,-2.679375076E1
1.055776590E2,3.530625153E1,-1.764375114E1,-3.082500076E1
1.055876590E2,3.826875305E1,-1.745625114E1,-3.088125038E1
1.055976590E2,4.016250229E1,-1.809375000E1,-2.898750114E1
1.056076590E2,3.770625305E1,-1.702500153E1,-2.497500038E1
1.056176590E2,3.740625000E1,-1.700625038E1,-2.310000038E1
1.056276590E2,3.573750305E1,-1.543125057E1,-2.555625153E1
1.056376590E2,3.481875229E1,-1.811250114E1,-2.938125038E1
1.056476590E2,3.811875153E1,-1.721250153E1,-3.277500153E1
1.056576590E2,3.991875076E1,-1.751250076E1,-3.028125191E1
1.056676590E2,4.023750305E1,-1.584375095E1,-2.776875114E1
1.056776590E2,3.781875229E1,-1.734375000E1,-2.495625114E1
1.056876590E2,3.643125153E1,-1.743750000E1,-2.570625114E1
1.056976590E2,3.710625076E1,-1.640625000E1,-3.016875076E1
1.057076590E2,3.950625229E1,-1.646250153E1,-3.193125153E1
1.057176590E2,4.096875000E1,-1.681875038E1,-3.035625076E1
1.057276590E2,4.132500076E1,-1.768125153E1,-2.825625038E1
1.057376590E2,3.958125305E1,-1.740000153E1,-2.512500191E1
1.057476590E2,3.810000229E1,-1.593750095E1,-2.647500038E1
1.057576590E2,3.736875153E1,-1.813125038E1,-2.988750076E1
1.057676590E2,3.926250076E1,-1.743750000E1,-3.200625229E1
1.057776590E2,4.126875305E1,-1.745625114E1,-3.155625153E1
1.057876590E2,4.126875305E1,-1.723125076E1,-2.876250076E1
1.057976590E2,3.898125076E1,-1.745625114E1,-2.589375114E1
1.058076590E2,3.718125153E1,-1.807500076E1,-2.769375038E1
1.058176590E2,3.736875153E1,-1.811250114E1,-2.956875038E1
1.058276590E2,3.901875305E1,-1.725000000E1,-3.030000114E1
1.058376590E2,4.342500305E1,-1.734375000E1,-3.223125076E1
1.058476590E2,4.215000153E1,-1.815000153E1,-2.964375114E1
1.058576590E2,4.057500076E1,-1.591875076E1,-2.495625114E1
1.058676590E2,3.678750229E1,-1.856250000E1,-2.671875191E1
1.058776590E2,3.725625229E1,-1.666875076E1,-2.827500153E1
1.058876590E2,4.021875000E1,-1.846875000E1,-3.161250114E1
1.058976590E2,4.276875305E1,-1.704375076E1,-3.114375114E1
1.059076590E2,4.164375305E1,-1.771875000E1,-2.983125114E1
1.059176590E2,4.081875229E1,-1.576875019E1,-2.653125191E1
1.059276590E2,3.751875305E1,-1.661250114E1,-2.641875076E1
1.059376590E2,3.757500076E1,-1.790625000E1,-2.786250114E1
1.059476590E2,3.943125153E1,-1.788750076E1,-3.165000153E1
1.059576590E2,4.323750305E1,-1.515000057E1,-3.210000229E1
1.059676590E2,4.473750305E1,-1.471875095E1,-3.136875153E1
1.059776590E2,3.933750153E1,-1.711875153E1,-2.625000191E1
1.059876590E2,3.686250305E1,-1.713750076E1,-2.683125114E1
1.059976590E2,3.678750229E1,-1.723125076E1,-3.056250191E1
1.060076590E2,3.939375305E1,-1.711875153E1,-3.202500153E1
1.060176590E2,4.402500153E1,-1.509375095E1,-3.211875153E1
1.060276590E2,4.179375076E1,-1.702500153E1,-2.816250038E1
1.060376590E2,4.012500000E1,-1.462500095E1,-2.896875191E1
1.060476590E2,3.611250305E1,-1.828125000E1,-2.703750038E1
1.060576590E2,3.496875000E1,-1.920000076E1,-2.928750038E1
1.060676590E2,3.847500229E1,-1.655625153E1,-3.300000000E1
1.060776590E2,4.113750076E1,-1.717500114E1,-3.268125153E1
1.060876590E2,4.344375229E1,-1.584375095E1,-2.908125114E1
1.060976590E2,4.051875305E1,-1.597500038E1,-2.745000076E1
1.061076590E2,3.645000076E1,-1.740000153E1,-2.445000076E1
1.061176590E2,3.598125076E1,-1.770000076E1,-2.848125076E1
1.061276590E2,3.849375153E1,-1.505625057E1,-2.985000038E1
1.061376590E2,4.351875305E1,-1.683750153E1,-3.101250076E1
1.061476590E2,4.325625229E1,-1.822500038E1,-2.870625114E1
1.061576590E2,4.044375229E1,-1.623750114E1,-2.523750114E1
1.061676590E2,3.736875153E1,-1.704375076E1,-2.497500038E1
1.061776590E2,3.560625076E1,-1.906875038E1,-2.587500191E1
1.061876590E2,3.885000229E1,-1.655625153E1,-2.799375153E1
1.061976590E2,4.327500153E1,-1.509375095E1,-3.022500038E1
1.062076590E2,4.430625153E1,-1.477500057E1,-2.668125153E1
1.062176590E2,4.074375153E1,-1.719375038E1,-2.641875076E1
1.062276590E2,3.684375000E1,-1.516875076E1,-2.433750153E1
1.062376590E2,3.440625000E1,-1.743750000E1,-2.692500114E1
1.062476590E2,3.768750000E1,-1.573125076E1,-2.977500153E1
1.062576590E2,4.179375076E1,-1.548750019E1,-2.985000038E1
1.062676590E2,4.365000153E1,-1.470000076E1,-2.838750076E1
1.062776590E2,4.162500000E1,-1.571250057E1,-2.625000191E1
1.062876590E2,3.682500076E1,-1.456875038E1,-2.563125038E1
1.062976590E2,3.590625000E1,-1.610625076E1,-2.767500114E1
1.063076590E2,3.898125076E1,-1.552500057E1,-3.075000191E1
1.063176590E2,4.406250000E1,-1.530000019E1,-3.380625153E1
1.063276590E2,4.561875153E1,-1.500000095E1,-3.245625305E1
1.063376590E2,4.258125305E1,-1.700625038E1,-2.926875114E1
1.063476590E2,3.793125153E1,-1.809375000E1,-2.988750076E1
1.063576590E2,3.483750153E1,-1.953750038E1,-2.956875038E1
1.063676590E2,3.727500153E1,-2.040000153E1,-3.234375000E1
1.063776590E2,4.246875000E1,-1.931250000E1,-3.283125305E1
1.063876590E2,4.543125153E1,-1.768125153E1,-3.114375114E1
1.063976590E2,4.400625229E1,-1.861875153E1,-2.760000038E1
1.064076590E2,3.609375000E1,-1.983750153E1,-2.611875153E1
1.064176590E2,3.515625000E1,-1.899375153E1,-2.790000153E1
1.064276590E2,3.821250153E1,-1.822500038E1,-2.973750114E1
1.064376590E2,4.408125305E1,-1.719375038E1,-2.788125038E1
1.064476590E2,4.599375153E1,-1.710000038E1,-2.868750191E1
1.064576590E2,4.417500305E1,-1.760625076E1,-2.518125153E1
1.064676590E2,3.811875153E1,-1.590000057E1,-2.506875038E1
1.064776590E2,3.433125305E1,-1.678125000E1,-2.572500038E1
1.064876590E2,3.748125076E1,-1.726875114E1,-2.730000114E1
1.064976590E2,4.303125000E1,-1.428750038E1,-2.887500191E1
1.065076590E2,4.511250305E1,-1.620000076E1,-2.844375038E1
1.065176590E2,4.271250153E1,-1.404375076E1,-2.529375076E1
1.065276590E2,3.727500153E1,-1.516875076E1,-2.544375038E1
1.065376590E2,3.444375229E1,-1.522500038E1,-2.741250038E1
1.065476590E2,3.721875000E1,-1.608750153E1,-3.020625114E1
1.065576590E2,4.213125229E1,-1.693125153E1,-3.131250191E1
1.065676590E2,4.620000076E1,-1.590000057E1,-3.146250153E1
1.065776590E2,4.342500305E1,-1.687500000E1,-2.632500076E1
1.065876590E2,3.723750305E1,-1.698750114E1,-2.810625076E1
1.065976590E2,3.279375076E1,-1.910625076E1,-2.643750191E1
1.066076590E2,3.648750305E1,-1.899375153E1,-3.058125114E1
1.066176590E2,4.496250153E1,-1.710000038E1,-3.211875153E1
1.066276590E2,4.515000153E1,-1.815000153E1,-3.015000153E1
1.066376590E2,4.216875076E1,-1.788750076E1,-2.576250076E1
1.066476590E2,3.757500076E1,-1.738125038E1,-2.572500038E1
1.066576590E2,3.253125000E1,-1.955625153E1,-2.499375153E1
1.066676590E2,3.594375229E1,-1.805625153E1,-3.001875114E1
1.066776590E2,4.228125000E1,-1.781250000E1,-2.919375038E1
1.066876590E2,4.586250305E1,-1.691250038E1,-2.698125076E1
1.066976590E2,4.344375229E1,-1.509375095E1,-2.475000191E1
1.067076590E2,3.635625076E1,-1.708125114E1,-2.385000038E1
1.067176590E2,3.288750076E1,-1.496250057E1,-2.585625076E1
1.067276590E2,3.585000229E1,-1.533750057E1,-2.836875153E1
1.067376590E2,4.226250076E1,-1.389375019E1,-3.015000153E1
1.067476590E2,4.470000076E1,-1.606875038E1,-2.876250076E1
1.067576590E2,4.286250305E1,-1.599375057E1,-2.733750153E1
1.067676590E2,3.650625229E1,-1.603125000E1,-2.645625114E1
1.067776590E2,3.247500229E1,-1.818750000E1,-2.668125153E1
1.067876590E2,3.493125153E1,-1.925625038E1,-3.099375153E1
1.067976590E2,4.085625076E1,-1.798125076E1,-3.213750076E1
1.068076590E2,4.616250229E1,-1.571250057E1,-3.052500153E1
1.068176590E2,4.443750000E1,-1.614375114E1,-3.046875191E1
1.068276590E2,3.658125305E1,-1.730625153E1,-2.696250153E1
1.068376590E2,3.234375000E1,-1.728750038E1,-2.846250153E1
1.068476590E2,3.564375305E1,-1.730625153E1,-3.086250114E1
1.068576590E2,4.102500153E1,-1.903125000E1,-3.063750076E1
1.068676590E2,4.651875305E1,-1.807500076E1,-3.065625191E1
1.068776590E2,4.327500153E1,-1.756875038E1,-2.799375153E1
1.068876590E2,3.661875153E1,-1.809375000E1,-2.690625191E1
1.068976590E2,3.341250229E1,-1.747500038E1,-2.581875038E1
1.069076590E2,3.346875000E1,-1.845000076E1,-2.745000076E1
1.069176590E2,4.702500153E1,-1.612500000E1,-2.973750114E1
1.069276590E2,4.702500153E1,-1.612500000E1,-2.973750114E1
1.069376590E2,4.331250000E1,-1.595625019E1,-2.703750038E1
1.069476590E2,3.316875076E1,-1.749375153E1,-2.611875153E1
1.069576590E2,3.316875076E1,-1.749375153E1,-2.611875153E1
1.069676590E2,3.502500153E1,-1.447500038E1,-3.015000153E1
1.069776590E2,4.548750305E1,-1.689375114E1,-3.166875076E1
1.069876590E2,4.396875000E1,-1.533750057E1,-2.911875153E1
1.069976590E2,3.815625000E1,-1.453125095E1,-2.754375076E1
1.070076590E2,3.099375153E1,-1.762500000E1,-2.655000114E1
1.070176590E2,3.414375305E1,-1.927500153E1,-3.035625076E1
1.070276590E2,4.005000305E1,-1.895625114E1,-3.187500191E1
1.070376590E2,4.691250229E1,-1.852500153E1,-3.061875153E1
1.070476590E2,4.486875153E1,-1.747500038E1,-2.833125114E1
1.070576590E2,3.826875305E1,-1.640625000E1,-2.628750038E1
1.070676590E2,3.350625229E1,-1.841250038E1,-2.557500076E1
1.070776590E2,3.691875076E1,-1.483125019E1,-2.968125153E1
1.070876590E2,4.233750153E1,-1.640625000E1,-2.994375038E1
1.070976590E2,4.897500229E1,-1.590000057E1,-3.211875153E1
1.071076590E2,4.693125153E1,-1.548750019E1,-2.930625153E1
1.071176590E2,3.881250000E1,-1.794375038E1,-2.617500114E1
1.071276590E2,3.352500153E1,-1.715625000E1,-2.615625191E1
1.071376590E2,3.562500000E1,-1.680000114E1,-2.981250191E1
1.071476590E2,4.408125305E1,-1.681875038E1,-3.135000038E1
1.071576590E2,4.886250305E1,-1.683750153E1,-3.142500114E1
1.071676590E2,4.695000076E1,-1.546875095E1,-2.853750038E1
1.071776590E2,3.903750229E1,-1.698750114E1,-2.640000153E1
1.071876590E2,3.238125229E1,-1.599375057E1,-2.731875038E1
1.071976590E2,3.461250305E1,-1.777500153E1,-2.846250153E1
1.072076590E2,4.168125153E1,-1.633125114E1,-3.166875076E1
1.072176590E2,4.756875229E1,-1.706250000E1,-3.045000076E1
1.072276590E2,4.605000305E1,-1.605000114E1,-3.050625038E1
1.072376590E2,3.810000229E1,-1.593750095E1,-2.647500038E1
1.072476590E2,3.030000114E1,-1.830000114E1,-2.662500191E1
1.072576590E2,3.185625076E1,-1.650000000E1,-2.775000191E1
1.072676590E2,3.958125305E1,-1.721250153E1,-3.030000114E1
1.072776590E2,4.599375153E1,-1.910625076E1,-3.258750153E1
1.072876590E2,4.599375153E1,-1.588125038E1,-3.003750038E1
1.072976590E2,3.937500000E1,-1.636875153E1,-2.739375114E1
1.073076590E2,3.176250076E1,-1.741875076E1,-2.595000076E1
1.073176590E2,3.324375153E1,-1.638750076E1,-2.668125153E1
1.073276590E2,3.952500153E1,-1.800000000E1,-2.992500114E1
1.073376590E2,4.678125000E1,-1.760625076E1,-3.163125038E1
1.073476590E2,4.670625305E1,-1.610625076E1,-2.848125076E1
1.073576590E2,3.843750000E1,-1.706250000E1,-2.795625114E1
1.073676590E2,3.262500000E1,-1.571250057E1,-2.343750000E1
1.073776590E2,3.187500191E1,-1.771875000E1,-2.561250114E1
1.073876590E2,3.976875305E1,-1.796250153E1,-2.883750153E1
1.073976590E2,4.668750000E1,-1.552500057E1,-3.009375191E1
1.074076590E2,4.685625076E1,-1.597500038E1,-2.988750076E1
1.074176590E2,3.851250076E1,-1.543125057E1,-2.591250038E1
1.074276590E2,3.054375076E1,-1.734375000E1,-2.655000114E1
1.074376590E2,3.075000191E1,-1.736250114E1,-2.765625191E1
1.074476590E2,4.003125000E1,-1.719375038E1,-3.078750038E1
1.074576590E2,4.646250153E1,-1.790625000E1,-3.035625076E1
1.074676590E2,4.723125076E1,-1.768125153E1,-2.913750076E1
1.074776590E2,3.866250229E1,-1.683750153E1,-2.548125076E1
1.074876590E2,2.923125076E1,-1.860000038E1,-2.283750153E1
1.074976590E2,3.054375076E1,-1.796250153E1,-2.604375076E1
1.075076590E2,3.791250229E1,-1.788750076E1,-2.788125038E1
1.075176590E2,4.777500153E1,-1.706250000E1,-3.091875076E1
1.075276590E2,4.620000076E1,-1.713750076E1,-3.009375191E1
1.075376590E2,3.795000076E1,-1.545000076E1,-2.589375114E1
1.075476590E2,2.943750191E1,-1.736250114E1,-2.497500038E1
1.075576590E2,2.823750114E1,-1.854375076E1,-2.486250114E1
1.075676590E2,3.806250000E1,-1.691250038E1,-2.701875114E1
1.075776590E2,4.642500305E1,-1.711875153E1,-3.011250114E1
1.075876590E2,4.640625000E1,-1.599375057E1,-2.941875076E1
1.075976590E2,3.881250000E1,-1.492500019E1,-2.563125038E1
1.076076590E2,3.020625114E1,-1.443750095E1,-2.351250076E1
1.076176590E2,2.898750114E1,-1.831875038E1,-2.426250076E1
1.076276590E2,4.044375229E1,-1.586250019E1,-2.887500191E1
1.076376590E2,4.710000229E1,-1.856250000E1,-3.249375153E1
1.076476590E2,4.668750000E1,-1.612500000E1,-2.925000191E1
1.076576590E2,3.751875305E1,-1.659375000E1,-2.580000114E1
1.076676590E2,2.938125038E1,-1.666875076E1,-2.253750038E1
1.076776590E2,2.883750153E1,-1.515000057E1,-2.343750000E1
1.076876590E2,3.866250229E1,-1.591875076E1,-2.696250153E1
1.076976590E2,4.830000305E1,-1.687500000E1,-3.108750153E1
1.077076590E2,4.770000076E1,-1.455000019E1,-3.144375038E1
1.077176590E2,3.864375305E1,-1.591875076E1,-2.726250076E1
1.077276590E2,2.906250191E1,-1.575000095E1,-2.291250038E1
1.077376590E2,2.971875191E1,-1.636875153E1,-2.381250000E1
1.077476590E2,3.770625305E1,-1.725000000E1,-2.730000114E1
1.077576590E2,4.672500229E1,-1.715625000E1,-3.275625229E1
1.077676590E2,4.816875076E1,-1.751250076E1,-3.120000076E1
1.077776590E2,3.909375000E1,-1.498125076E1,-2.829375076E1
1.077876590E2,2.996250153E1,-1.507500076E1,-2.345625114E1
1.077976590E2,2.756250191E1,-1.948125076E1,-2.274375153E1
1.078076590E2,3.840000153E1,-1.689375114E1,-2.733750153E1
1.078176590E2,4.815000153E1,-1.597500038E1,-3.318750000E1
1.078276590E2,4.824375153E1,-1.548750019E1,-3.230625153E1
1.078376590E2,3.937500000E1,-1.335000038E1,-2.733750153E1
1.078476590E2,2.925000191E1,-1.702500153E1,-2.375625038E1
1.078576590E2,2.780625153E1,-1.790625000E1,-2.366250038E1
1.078676590E2,3.836250305E1,-1.786875153E1,-2.866875076E1
1.078776590E2,4.710000229E1,-1.723125076E1,-3.603750229E1
1.078876590E2,4.951875305E1,-1.591875076E1,-3.369375229E1
1.078976590E2,4.035000229E1,-1.696875000E1,-2.908125114E1
1.079076590E2,2.981250191E1,-1.792500114E1,-2.274375153E1
1.079176590E2,2.915625191E1,-1.762500000E1,-2.197500038E1
1.079276590E2,3.898125076E1,-1.884375000E1,-3.093750191E1
1.079376590E2,4.897500229E1,-2.070000076E1,-3.375000000E1
1.079476590E2,5.083125305E1,-1.860000038E1,-3.676875305E1
1.079576590E2,4.153125000E1,-1.801875114E1,-2.949375153E1
1.079676590E2,3.281250000E1,-1.854375076E1,-2.336250114E1
1.079776590E2,3.001875114E1,-1.770000076E1,-2.105625153E1
1.079876590E2,3.802500153E1,-1.796250153E1,-2.536875153E1
1.079976590E2,4.815000153E1,-1.929375076E1,-3.307500076E1
1.080076590E2,4.938750076E1,-1.800000000E1,-3.476250076E1
1.080176590E2,4.218750000E1,-1.633125114E1,-2.651250076E1
1.080276590E2,3.412500000E1,-1.445625019E1,-2.107500076E1
1.080376590E2,3.215625000E1,-1.130625057E1,-2.302500153E1
1.080476590E2,3.930000305E1,-1.470000076E1,-3.035625076E1
1.080576590E2,4.293750000E1,-1.965000153E1,-2.842500114E1
1.080676590E2,4.366875076E1,-2.079375076E1,-2.553750038E1
1.080776590E2,4.273125076E1,-1.901250076E1,-2.786250114E1
1.080876590E2,4.267500305E1,-1.693125153E1,-3.286875153E1
1.080976590E2,4.173750305E1,-1.516875076E1,-3.598125076E1
1.081076590E2,4.110000229E1,-1.421250057E1,-3.433125305E1
1.081176590E2,4.023750305E1,-1.552500057E1,-2.795625114E1
1.081276590E2,4.126875305E1,-1.678125000E1,-2.349375153E1
1.081376590E2,3.894375229E1,-1.820625114E1,-2.428125191E1
1.081476590E2,4.100625229E1,-1.728750038E1,-3.063750076E1
1.081576590E2,4.198125076E1,-1.636875153E1,-3.384375000E1
1.081676590E2,4.306875229E1,-1.644375038E1,-3.324375153E1
1.081776590E2,4.222500229E1,-1.681875038E1,-2.694375038E1
1.081876590E2,3.984375000E1,-1.670625114E1,-2.332500076E1
1.081976590E2,3.843750000E1,-1.653750038E1,-2.581875038E1
1.082076590E2,3.888750076E1,-1.736250114E1,-2.825625038E1
1.082176590E2,3.952500153E1,-1.730625153E1,-3.373125076E1
1.082276590E2,4.095000076E1,-1.736250114E1,-3.313125229E1
1.082376590E2,4.085625076E1,-1.710000038E1,-2.923125076E1
1.082476590E2,4.003125000E1,-1.798125076E1,-2.446875191E1
1.082576590E2,3.635625076E1,-1.948125076E1,-2.460000038E1
1.082676590E2,3.832500076E1,-1.614375114E1,-2.896875191E1
1.082776590E2,3.808125305E1,-1.766250038E1,-3.180000114E1
1.082876590E2,4.036875153E1,-1.833750153E1,-3.288750076E1
1.082976590E2,4.078125000E1,-1.738125038E1,-2.701875114E1
1.083076590E2,3.928125000E1,-1.674375153E1,-2.330625153E1
1.083176590E2,3.793125153E1,-1.678125000E1,-2.188125038E1
1.083276590E2,3.605625153E1,-1.719375038E1,-2.760000038E1
1.083376590E2,3.823125076E1,-1.843125153E1,-3.174375153E1
1.083476590E2,3.946875000E1,-1.631250000E1,-3.178125191E1
1.083576590E2,4.005000305E1,-1.518750095E1,-2.610000038E1
1.083676590E2,3.909375000E1,-1.691250038E1,-2.343750000E1
1.083776590E2,3.710625076E1,-1.689375114E1,-2.403750038E1
1.083876590E2,3.534375000E1,-1.758750153E1,-2.865000153E1
1.083976590E2,3.770625305E1,-1.770000076E1,-3.288750076E1
1.084076590E2,3.738750076E1,-1.831875038E1,-3.112500191E1
1.084176590E2,4.023750305E1,-1.552500057E1,-2.795625114E1
1.084276590E2,3.900000000E1,-1.595625019E1,-2.336250114E1
1.084376590E2,3.892500305E1,-1.530000019E1,-2.216250038E1
1.084476590E2,3.680625153E1,-1.612500000E1,-2.488125038E1
1.084576590E2,3.931875229E1,-1.520625019E1,-3.187500191E1
1.084676590E2,3.937500000E1,-1.535625076E1,-3.170625114E1
1.084776590E2,3.901875305E1,-1.638750076E1,-2.786250114E1
1.084876590E2,3.870000076E1,-1.522500038E1,-2.499375153E1
1.084976590E2,3.858750153E1,-1.492500019E1,-2.531250191E1
1.085076590E2,3.699375153E1,-1.702500153E1,-2.919375038E1
1.085176590E2,3.789375305E1,-1.711875153E1,-3.528750229E1
1.085276590E2,4.063125229E1,-1.758750153E1,-3.528750229E1
1.085376590E2,4.053750229E1,-1.794375038E1,-3.026250076E1
1.085476590E2,3.971250153E1,-1.882500076E1,-2.563125038E1
1.085576590E2,3.886875153E1,-1.933125114E1,-2.465625191E1
1.085676590E2,3.710625076E1,-2.032500076E1,-2.891250038E1
1.085776590E2,3.703125000E1,-2.135625076E1,-3.210000229E1
1.085876590E2,3.883125305E1,-2.191875076E1,-3.301875305E1
1.085976590E2,4.108125305E1,-1.813125038E1,-2.619375038E1
1.086076590E2,3.894375229E1,-1.976250076E1,-2.304375076E1
1.086176590E2,3.731250000E1,-2.028750038E1,-2.173125076E1
1.086276590E2,3.770625305E1,-1.940625000E1,-2.525625038E1
1.086376590E2,3.845625305E1,-1.942500114E1,-2.760000038E1
1.086476590E2,3.838125229E1,-1.807500076E1,-3.020625114E1
1.086576590E2,3.948750305E1,-1.820625114E1,-2.583750153E1
1.086676590E2,3.905625153E1,-1.610625076E1,-2.319375038E1
1.086776590E2,3.781875229E1,-1.533750057E1,-2.058750153E1
1.086876590E2,3.708750153E1,-1.659375000E1,-2.531250191E1
1.086976590E2,3.909375000E1,-1.520625019E1,-3.108750153E1
1.087076590E2,3.909375000E1,-1.520625019E1,-3.108750153E1
1.087176590E2,4.072500229E1,-1.413750076E1,-3.026250076E1
1.087276590E2,3.903750229E1,-1.305000019E1,-2.705625153E1
1.087376590E2,3.853125000E1,-1.500000095E1,-2.797500038E1
1.087476590E2,3.699375153E1,-1.702500153E1,-2.919375038E1
1.087576590E2,3.798750305E1,-1.755000114E1,-3.352500153E1
1.087676590E2,4.001250076E1,-1.651875114E1,-3.536250305E1
1.087776590E2,4.113750076E1,-1.695000076E1,-3.018750191E1
1.087876590E2,3.952500153E1,-1.747500038E1,-2.778750038E1
1.087976590E2,3.862500000E1,-1.689375114E1,-2.780625153E1
1.088076590E2,3.840000153E1,-1.659375000E1,-2.799375153E1
1.088176590E2,3.886875153E1,-1.762500000E1,-3.213750076E1
1.088276590E2,4.063125229E1,-1.820625114E1,-3.429375076E1
1.088376590E2,4.233750153E1,-1.640625000E1,-3.026250076E1
1.088476590E2,4.091250229E1,-1.434375095E1,-2.649375153E1
1.088576590E2,3.941250229E1,-1.522500038E1,-2.030625153E1
1.088676590E2,3.943125153E1,-1.434375095E1,-2.898750114E1
1.088776590E2,4.258125305E1,-1.351875019E1,-3.504375076E1
1.088876590E2,4.258125305E1,-1.351875019E1,-3.504375076E1
1.088976590E2,4.201875305E1,-1.239375019E1,-3.324375153E1
1.089076590E2,4.136250305E1,-1.340625095E1,-2.752500153E1
1.089176590E2,4.136250305E1,-1.340625095E1,-2.752500153E1
1.089276590E2,4.025625229E1,-1.558125019E1,-3.592500305E1
1.089376590E2,4.216875076E1,-1.642500114E1,-3.650625229E1
1.089476590E2,4.050000000E1,-1.653750038E1,-3.069375038E1
1.089576590E2,4.276875305E1,-1.680000114E1,-2.805000114E1
1.089676590E2,3.890625000E1,-1.826250076E1,-2.660625076E1
1.089776590E2,3.918750000E1,-1.831875038E1,-2.958750153E1
1.089876590E2,3.945000076E1,-1.933125114E1,-3.230625153E1
1.089976590E2,4.153125000E1,-1.700625038E1,-3.316875076E1
1.090076590E2,4.276875305E1,-1.704375076E1,-3.084375191E1
1.090176590E2,4.141875076E1,-1.633125114E1,-2.508750153E1
1.090276590E2,3.841875076E1,-1.725000000E1,-2.310000038E1
1.090376590E2,3.808125305E1,-1.740000153E1,-2.823750114E1
1.090476590E2,3.753750229E1,-1.762500000E1,-2.960625076E1
1.090576590E2,4.036875153E1,-1.741875076E1,-3.390000153E1
1.090676590E2,4.164375305E1,-1.740000153E1,-3.000000191E1
1.090776590E2,4.027500153E1,-1.816875076E1,-2.617500114E1
1.090876590E2,3.802500153E1,-1.711875153E1,-2.325000000E1
1.090976590E2,3.675000000E1,-1.599375057E1,-2.536875153E1
1.091076590E2,3.723750305E1,-1.451250076E1,-3.033750153E1
1.091176590E2,3.922500229E1,-1.635000038E1,-3.255000305E1
1.091276590E2,3.907500076E1,-1.616250038E1,-3.116250038E1
1.091376590E2,4.048125076E1,-1.488750076E1,-2.801250076E1
1.091476590E2,3.742500305E1,-1.627500153E1,-2.535000038E1
1.091576590E2,3.804375076E1,-1.661250114E1,-2.799375153E1
1.091676590E2,3.650625229E1,-1.803750038E1,-3.050625038E1
1.091776590E2,3.990000153E1,-1.755000114E1,-3.153750038E1
1.091876590E2,3.946875000E1,-1.755000114E1,-3.075000191E1
1.091976590E2,4.089375305E1,-1.861875153E1,-2.613750076E1
1.092076590E2,3.866250229E1,-1.590000057E1,-2.617500114E1
1.092176590E2,3.716250229E1,-1.631250000E1,-2.690625191E1
1.092276590E2,3.667500305E1,-1.576875019E1,-2.896875191E1
1.092376590E2,3.714375305E1,-1.680000114E1,-3.311250305E1
1.092476590E2,3.933750153E1,-1.642500114E1,-2.973750114E1
1.092576590E2,4.111875153E1,-1.738125038E1,-2.812500191E1
1.092676590E2,4.003125000E1,-1.798125076E1,-2.446875191E1
1.092776590E2,3.635625076E1,-1.856250000E1,-2.593125153E1
1.092876590E2,3.568125153E1,-1.633125114E1,-3.031875038E1
1.092976590E2,3.832500076E1,-1.698750114E1,-3.108750153E1
1.093076590E2,3.937500000E1,-1.659375000E1,-3.018750191E1
1.093176590E2,4.258125305E1,-1.790625000E1,-2.763750076E1
1.093276590E2,4.016250229E1,-1.704375076E1,-2.486250114E1
1.093376590E2,3.729375076E1,-1.661250114E1,-2.610000038E1
1.093476590E2,3.705000305E1,-1.541250038E1,-2.821875191E1
1.093576590E2,3.997500229E1,-1.528125095E1,-2.985000038E1
1.093676590E2,4.181250000E1,-1.599375057E1,-3.091875076E1
1.093776590E2,4.327500153E1,-1.578750038E1,-2.641875076E1
1.093876590E2,4.115625000E1,-1.710000038E1,-2.315625000E1
1.093976590E2,3.759375000E1,-1.828125000E1,-2.392500114E1
1.094076590E2,3.744375229E1,-1.668750000E1,-2.985000038E1
1.094176590E2,3.916875076E1,-1.659375000E1,-2.956875038E1
1.094276590E2,4.194375229E1,-1.867500114E1,-3.099375153E1
1.094376590E2,4.310625076E1,-1.749375153E1,-2.501250076E1
1.094476590E2,4.151250076E1,-1.850625038E1,-2.351250076E1
1.094576590E2,3.800625229E1,-1.498125076E1,-2.608125114E1
1.094676590E2,3.577500153E1,-1.800000000E1,-2.705625153E1
1.094776590E2,3.847500229E1,-1.633125114E1,-3.020625114E1
1.094876590E2,4.121250153E1,-1.584375095E1,-2.998125076E1
1.094976590E2,4.428750229E1,-1.606875038E1,-2.718750191E1
1.095076590E2,4.089375305E1,-1.685625076E1,-2.535000038E1
1.095176590E2,3.735000229E1,-1.590000057E1,-2.349375153E1
1.095276590E2,3.646875000E1,-1.606875038E1,-2.769375038E1
1.095376590E2,3.781875229E1,-1.539375019E1,-2.932500076E1
1.095476590E2,4.089375305E1,-1.614375114E1,-2.838750076E1
1.095576590E2,4.389375305E1,-1.438125038E1,-2.825625038E1
1.095676590E2,4.320000076E1,-1.458750057E1,-2.276250076E1
1.095776590E2,4.003125000E1,-1.736250114E1,-2.482500076E1
1.095876590E2,3.661875153E1,-1.653750038E1,-2.812500191E1
1.095976590E2,3.778125000E1,-1.721250153E1,-3.245625305E1
1.096076590E2,4.098750305E1,-1.785000038E1,-3.386250305E1
1.096176590E2,4.385625076E1,-1.897500038E1,-2.866875076E1
1.096276590E2,4.216875076E1,-1.636875153E1,-2.775000191E1
1.096376590E2,3.770625305E1,-1.880625153E1,-2.655000114E1
1.096476590E2,3.594375229E1,-1.751250076E1,-2.709375191E1
1.096576590E2,3.755625153E1,-1.816875076E1,-3.176250076E1
1.096676590E2,4.046250153E1,-1.905000114E1,-3.016875076E1
1.096776590E2,4.267500305E1,-1.670625114E1,-2.977500153E1
1.096876590E2,4.125000000E1,-1.796250153E1,-2.604375076E1
1.096976590E2,3.738750076E1,-1.755000114E1,-2.617500114E1
1.097076590E2,3.440625000E1,-1.867500114E1,-2.619375038E1
1.097176590E2,3.793125153E1,-1.633125114E1,-2.878125191E1
1.097276590E2,3.982500076E1,-1.719375038E1,-3.000000191E1
1.097376590E2,4.269375229E1,-1.730625153E1,-2.893125153E1
1.097476590E2,4.091250229E1,-1.766250038E1,-2.606250191E1
1.097576590E2,3.798750305E1,-1.717500114E1,-2.512500191E1
1.097676590E2,3.648750305E1,-1.696875000E1,-2.589375114E1
1.097776590E2,3.813750076E1,-1.786875153E1,-2.788125038E1
1.097876590E2,4.209375000E1,-1.676250076E1,-3.116250038E1
1.097976590E2,4.370625305E1,-1.786875153E1,-2.874375153E1
1.098076590E2,4.430625153E1,-1.479375076E1,-2.745000076E1
1.098176590E2,3.939375305E1,-1.633125114E1,-2.630625153E1
1.098276590E2,3.761250305E1,-1.755000114E1,-2.617500114E1
1.098376590E2,4.021875000E1,-1.608750153E1,-3.118125153E1
1.098476590E2,4.434375000E1,-1.580625057E1,-2.986875153E1
1.098576590E2,4.606875229E1,-1.755000114E1,-2.788125038E1
1.098676590E2,4.636875153E1,-1.651875114E1,-2.516250038E1
1.098776590E2,4.156875229E1,-1.597500038E1,-2.325000000E1
1.098876590E2,3.937500000E1,-1.830000114E1,-2.302500153E1
1.098976590E2,4.376250076E1,-1.696875000E1,-2.398125076E1
1.099076590E2,4.708125305E1,-1.766250038E1,-2.225625038E1
1.099176590E2,4.983750153E1,-1.571250057E1,-1.996875000E1
1.099276590E2,4.755000305E1,-1.749375153E1,-1.633125114E1
1.099376590E2,4.357500076E1,-1.715625000E1,-1.239375019E1
1.099476590E2,4.293750000E1,-1.766250038E1,-1.250625038E1
1.099576590E2,4.436250305E1,-1.837500000E1,-1.246875095E1
1.099676590E2,4.925625229E1,-1.629375076E1,-1.098750019E1
1.099776590E2,4.995000076E1,-1.488750076E1,-6.431250095E0
1.099876590E2,4.719375229E1,-1.483125019E1,-4.050000191E0
1.099976590E2,4.385625076E1,-1.329375076E1,-4.593750000E0
1.100076590E2,4.237500000E1,-1.610625076E1,-5.437500000E0
1.100176590E2,4.749375153E1,-1.674375153E1,-5.306250095E0
1.100276590E2,5.146875381E1,-1.203750038E1,-4.050000191E0
1.100376590E2,5.066250229E1,-1.134375000E1,6.000000238E-1
1.100476590E2,4.762500000E1,-1.209375095E1,3.056250095E0
1.100576590E2,4.391250229E1,-1.246875095E1,2.981250048E0
1.100676590E2,4.501875305E1,-1.215000057E1,7.500000000E-1
1.100776590E2,4.745625305E1,-8.531250000E0,4.125000238E-1
1.100876590E2,4.985625076E1,-8.850000381E0,7.275000095E0
1.100976590E2,4.723125076E1,-8.175000191E0,8.681250572E0
1.101076590E2,4.025625229E1,-1.108125019E1,9.956250191E0
1.101176590E2,3.691875076E1,-1.256250095E1,9.675000191E0
1.101276590E2,3.916875076E1,-1.036875057E1,9.600000381E0
1.101376590E2,4.164375305E1,-8.343750000E0,1.486875057E1
1.101476590E2,3.796875000E1,-9.000000000E0,1.685625076E1
1.101576590E2,3.260625076E1,-7.031250477E0,1.989375114E1
1.101676590E2,2.793750191E1,-9.056250572E0,1.920000076E1
1.101776590E2,2.836875153E1,-1.115625000E1,1.687500000E1
1.101876590E2,3.091875076E1,-8.475000381E0,1.661250114E1
1.101976590E2,3.204375076E1,-3.412500143E0,2.038125038E1
1.102076590E2,2.866875076E1,-4.181250095E0,2.268750000E1
1.102176590E2,2.270625114E1,-5.906250000E0,2.495625114E1
1.102276590E2,1.895625114E1,-8.118750572E0,2.145000076E1
1.102376590E2,2.203125000E1,-7.312500477E0,2.086875153E1
1.102476590E2,2.664375114E1,-5.118750095E0,2.171250153E1
1.102576590E2,2.593125153E1,-3.206250191E0,2.422500038E1
1.102676590E2,2.615625191E1,-2.625000179E-1,2.741250038E1
1.102776590E2,2.075625038E1,-4.031250000E0,2.859375191E1
1.102876590E2,1.893750000E1,-5.512500286E0,2.452500153E1
1.102976590E2,2.251875114E1,-5.081250191E0,2.068125153E1
1.103076590E2,2.641875076E1,-3.262500048E0,2.047500038E1
1.103176590E2,2.716875076E1,-1.068750024E0,2.448750114E1
1.103276590E2,2.370000076E1,-2.325000048E0,2.621250153E1
1.103376590E2,1.893750000E1,-3.131250143E0,2.478750038E1
1.103476590E2,1.826250076E1,-6.712500095E0,2.229375076E1
1.103576590E2,2.013750076E1,-7.593750477E0,2.060625076E1
1.103676590E2,2.403750038E1,-3.075000048E0,2.079375076E1
1.103776590E2,2.499375153E1,-5.812500119E-1,2.355000114E1
1.103876590E2,2.248125076E1,1.350000024E0,2.467500114E1
1.103976590E2,1.590000057E1,-2.868750095E0,2.341875076E1
1.104076590E2,1.383750057E1,-5.081250191E0,2.221875000E1
1.104176590E2,1.927500153E1,-4.500000000E0,1.989375114E1
1.104276590E2,2.362500000E1,-1.518750072E0,2.145000076E1
1.104376590E2,2.540625191E1,2.943750143E0,2.418750191E1
1.104476590E2,2.248125076E1,2.812500000E0,2.611875153E1
1.104576590E2,1.734375000E1,1.875000119E0,2.658750153E1
1.104676590E2,1.590000057E1,-2.868750095E0,2.341875076E1
1.104776590E2,2.049375153E1,-1.312500000E0,2.445000076E1
1.104876590E2,2.557500076E1,-5.437500477E-1,2.400000000E1
1.104976590E2,2.696250153E1,3.750000238E0,2.769375038E1
1.105076590E2,2.306250000E1,3.712500095E0,2.900625038E1
1.105176590E2,2.008125114E1,-4.312500060E-1,2.893125153E1
1.105276590E2,1.809375000E1,-2.175000191E0,2.722500038E1
1.105376590E2,2.161875153E1,-4.650000095E0,2.675625038E1
1.105476590E2,2.799375153E1,2.437500060E-1,2.452500153E1
1.105576590E2,2.994375038E1,4.256250381E0,2.791875076E1
1.105676590E2,2.731875038E1,4.087500095E0,2.795625114E1
1.105776590E2,2.160000038E1,1.556250095E0,2.874375153E1
1.105876590E2,1.951875114E1,-3.693750143E0,2.593125153E1
1.105976590E2,2.505000114E1,-2.512500048E0,2.229375076E1
1.106076590E2,2.765625191E1,1.162500024E0,2.398125076E1
1.106176590E2,3.060000038E1,5.193750381E0,2.610000038E1
1.106276590E2,2.728125191E1,5.587500095E0,2.456250191E1
1.106376590E2,2.126250076E1,6.937500238E-1,2.647500038E1
1.106476590E2,1.738125038E1,5.250000358E-1,2.310000038E1
1.106576590E2,2.280000114E1,1.875000000E-1,2.180625153E1
1.106676590E2,2.958750153E1,5.531250000E0,2.281875038E1
1.106776590E2,3.078750038E1,7.762500286E0,2.730000114E1
1.106876590E2,2.748750114E1,8.737500191E0,2.945625114E1
1.106976590E2,2.280000114E1,5.418750286E0,2.838750076E1
1.107076590E2,1.910625076E1,5.812500119E-1,2.698125076E1
1.107176590E2,2.428125191E1,-1.312500089E-1,2.445000076E1
1.107276590E2,3.009375191E1,1.987500072E0,2.591250038E1
1.107376590E2,3.153750038E1,5.268750191E0,2.655000114E1
1.107476590E2,2.928750038E1,7.256250381E0,2.923125076E1
1.107576590E2,2.332500076E1,3.450000048E0,3.058125114E1
1.107676590E2,2.163750076E1,-1.012500048E0,2.722500038E1
1.107776590E2,2.347500038E1,-1.950000048E0,2.291250038E1
1.107876590E2,3.095625114E1,1.987500072E0,2.370000076E1
1.107976590E2,3.245625305E1,4.781250000E0,2.454375076E1
1.108076590E2,2.990625191E1,6.900000095E0,2.628750038E1
1.108176590E2,2.422500038E1,3.581250191E0,2.728125191E1
1.108276590E2,2.032500076E1,3.000000119E-1,2.542500114E1
1.108376590E2,2.998125076E1,3.000000000E0,2.238750076E1
1.108476590E2,2.998125076E1,3.000000000E0,2.238750076E1
1.108576590E2,3.223125076E1,6.037500381E0,2.413125038E1
1.108676590E2,2.272500038E1,5.550000191E0,2.775000191E1
1.108776590E2,2.272500038E1,5.550000191E0,2.775000191E1
1.108876590E2,2.332500076E1,1.218750000E0,2.388750076E1
1.108976590E2,2.960625076E1,3.468750238E0,2.313750076E1
1.109076590E2,3.273750305E1,6.731250286E0,2.548125076E1
1.109176590E2,2.949375153E1,8.175000191E0,2.775000191E1
1.109276590E2,2.280000114E1,5.418750286E0,2.870625114E1
1.109376590E2,2.120625114E1,1.181250095E0,2.690625191E1
1.109476590E2,2.388750076E1,1.875000075E-2,2.506875038E1
1.109576590E2,3.125625038E1,2.812500000E0,2.394375038E1
1.109676590E2,3.328125000E1,3.112500191E0,2.482500076E1
1.109776590E2,3.125625038E1,5.118750095E0,2.750625038E1
1.109876590E2,2.685000038E1,4.668750286E0,2.668125153E1
1.109976590E2,2.345625114E1,3.187500238E-1,2.551875114E1
1.110076590E2,2.574375153E1,-2.137500048E0,2.257500076E1
1.110176590E2,3.174375153E1,2.437500060E-1,2.133750153E1
1.110276590E2,3.485625076E1,5.343750000E0,2.165625000E1
1.110376590E2,3.133125114E1,6.300000191E0,2.413125038E1
1.110476590E2,2.443125153E1,3.562500238E0,2.617500114E1
1.110576590E2,2.049375153E1,4.687500298E-1,2.555625153E1
1.110676590E2,2.405625153E1,-3.562500179E-1,2.244375038E1
1.110776590E2,3.050625038E1,2.287500143E0,2.400000000E1
1.110876590E2,3.416250229E1,7.368750095E0,2.242500114E1
1.110976590E2,3.065625191E1,7.106250286E0,2.641875076E1
1.111076590E2,2.585625076E1,7.650000095E0,2.831250191E1
1.111176590E2,2.143125153E1,3.168750048E0,3.001875114E1
1.111276590E2,2.446875191E1,5.625000224E-2,2.536875153E1
1.111376590E2,3.215625000E1,7.500000000E-1,2.206875038E1
1.111476590E2,3.423750305E1,4.462500095E0,2.595000076E1
1.111576590E2,3.262500000E1,7.893750191E0,2.803125191E1
1.111676590E2,2.471250153E1,4.575000286E0,2.812500191E1
1.111776590E2,2.221875000E1,1.425000072E0,2.842500114E1
1.111876590E2,2.671875191E1,-1.387500048E0,2.531250191E1
1.111976590E2,3.108750153E1,1.706250072E0,2.482500076E1
1.112076590E2,3.697500229E1,5.643750191E0,2.253750038E1
1.112176590E2,3.335625076E1,6.300000191E0,2.550000191E1
1.112276590E2,2.703750038E1,4.856250286E0,2.760000038E1
1.112376590E2,2.096250153E1,1.875000000E-1,2.604375076E1
1.112476590E2,2.291250038E1,-5.925000191E0,2.355000114E1
1.112576590E2,3.129375076E1,3.000000119E-1,1.884375000E1
1.112676590E2,3.393750000E1,4.125000000E0,1.942500114E1
1.112776590E2,3.290625000E1,9.075000763E0,2.386875153E1
1.112876590E2,2.486250114E1,5.625000000E0,2.553750038E1
1.112976590E2,2.086875153E1,1.762500048E0,2.608125114E1
1.113076590E2,2.180625153E1,-1.068750024E0,2.458125114E1
1.113176590E2,2.848125076E1,1.968750119E0,2.235000038E1
1.113276590E2,3.496875000E1,7.106250286E0,2.274375153E1
1.113376590E2,3.131250191E1,9.506250381E0,2.619375038E1
1.113476590E2,2.398125076E1,5.325000286E0,2.806875038E1
1.113576590E2,2.056875038E1,3.262500048E0,2.955000114E1
1.113676590E2,2.233125114E1,-2.437500060E-1,2.450625038E1
1.113776590E2,2.910000038E1,-3.750000149E-2,2.311875153E1
1.113876590E2,3.547500229E1,7.912500381E0,2.190000153E1
1.113976590E2,3.354375076E1,8.268750191E0,2.829375076E1
1.114076590E2,2.730000114E1,8.531250000E0,2.821875191E1
1.114176590E2,2.101875114E1,2.662500143E0,3.005625153E1
1.114276590E2,2.248125076E1,2.062500119E-1,2.304375076E1
1.114376590E2,3.007500076E1,1.125000000E0,2.300625038E1
1.114476590E2,3.380625153E1,4.012500286E0,2.193750000E1
1.114576590E2,3.331875229E1,9.262500763E0,2.446875191E1
1.114676590E2,2.381250000E1,6.393750191E0,2.735625076E1
1.114776590E2,2.101875114E1,5.137500286E0,2.782500076E1
1.114876590E2,1.980000114E1,1.012500048E0,2.428125191E1
1.114976590E2,2.746875191E1,2.531250000E0,2.216250038E1
1.115076590E2,3.504375076E1,7.387500286E0,2.131875038E1
1.115176590E2,3.206250000E1,1.096875000E1,2.559375191E1
1.115276590E2,2.476875114E1,1.076250076E1,2.853750038E1
1.115376590E2,1.867500114E1,4.125000000E0,3.075000191E1
1.115476590E2,2.218125153E1,2.531250000E0,2.833125114E1
1.115576590E2,3.146250153E1,4.237500191E0,2.383125114E1
1.115676590E2,3.495000076E1,7.106250286E0,2.244375038E1
1.115776590E2,3.279375076E1,1.021875000E1,2.565000153E1
1.115876590E2,2.439375114E1,8.231250763E0,2.923125076E1
1.115976590E2,2.019375038E1,5.812500000E0,3.121875191E1
1.116076590E2,2.049375153E1,-5.250000358E-1,2.986875153E1
1.116176590E2,2.846250153E1,3.000000119E-1,2.561250114E1
1.116276590E2,3.588750076E1,3.862500191E0,2.347500038E1
1.116376590E2,3.285000229E1,7.893750191E0,2.724375153E1
1.116476590E2,2.681250191E1,9.318750381E0,2.925000191E1
1.116576590E2,2.021250153E1,3.843750238E0,2.825625038E1
1.116676590E2,2.079375076E1,1.256250024E0,2.518125153E1
1.116776590E2,3.041250038E1,2.062500119E-1,2.323125076E1
1.116876590E2,3.588750076E1,6.337500095E0,2.139375114E1
1.116976590E2,3.395625305E1,1.008750057E1,2.439375114E1
1.117076590E2,2.540625191E1,9.712500572E0,2.940000153E1
1.117176590E2,2.079375076E1,5.662500381E0,3.060000038E1
1.117276590E2,2.017500114E1,7.687500119E-1,2.600625038E1
1.117376590E2,2.741250038E1,1.443750024E0,2.302500153E1
1.117476590E2,3.598125076E1,5.381250381E0,2.085000038E1
1.117576590E2,3.324375153E1,9.712500572E0,2.334375000E1
1.117676590E2,2.574375153E1,9.731250763E0,2.908125114E1
1.117776590E2,1.918125153E1,4.612500191E0,3.007500076E1
1.117876590E2,2.191875076E1,6.187500358E-1,2.850000191E1
1.117976590E2,2.919375038E1,8.062500358E-1,2.491875076E1
1.118076590E2,3.395625305E1,4.368750095E0,2.298750114E1
1.118176590E2,3.480000305E1,9.037500381E0,2.415000153E1
1.118276590E2,2.645625114E1,8.962500572E0,2.866875076E1
1.118376590E2,1.878750038E1,4.462500095E0,3.103125191E1
1.118476590E2,2.107500076E1,-1.031250000E0,2.754375076E1
1.118576590E2,3.003750038E1,6.937500238E-1,2.430000114E1
1.118676590E2,3.583125305E1,2.868750095E0,2.184375000E1
1.118776590E2,3.551250076E1,7.050000191E0,2.525625038E1
1.118876590E2,2.754375076E1,8.568750381E0,2.898750114E1
1.118976590E2,2.002500153E1,3.881250143E0,3.060000038E1
1.119076590E2,2.154375076E1,2.437500060E-1,2.713125038E1
1.119176590E2,2.900625038E1,7.500000298E-2,2.171250153E1
1.119276590E2,3.517500305E1,2.943750143E0,1.981875038E1
1.119376590E2,3.489375305E1,6.318750381E0,2.281875038E1
1.119476590E2,2.634375191E1,6.881250381E0,2.760000038E1
1.119576590E2,1.987500000E1,1.125000000E0,2.833125114E1
1.119676590E2,2.058750153E1,-1.200000048E0,2.851875114E1
1.119776590E2,2.956875038E1,1.125000045E-1,2.139375114E1
1.119876590E2,3.581250000E1,3.768750191E0,2.004375076E1
1.119976590E2,3.560625076E1,7.312500477E0,2.334375000E1
1.120076590E2,2.692500114E1,6.712500095E0,2.587500191E1
1.120176590E2,1.998750114E1,3.843750238E0,2.904375076E1
1.120276590E2,2.056875038E1,-2.812500000E-1,2.718750191E1
1.120376590E2,2.801250076E1,5.625000224E-2,2.296875000E1
1.120476590E2,3.628125000E1,4.443750381E0,2.028750038E1
1.120576590E2,3.590625000E1,8.137500763E0,2.358750153E1
1.120676590E2,2.866875076E1,7.162500381E0,2.737500191E1
1.120776590E2,1.991250038E1,2.118750095E0,2.964375114E1
1.120876590E2,2.021250153E1,-1.556250095E0,2.745000076E1
1.120976590E2,2.831250191E1,-1.837500095E0,2.235000038E1
1.121076590E2,3.699375153E1,3.975000143E0,1.906875038E1
1.121176590E2,3.654375076E1,7.200000286E0,2.240625000E1
1.121276590E2,2.930625153E1,6.225000381E0,2.604375076E1
1.121376590E2,2.101875114E1,5.156250000E0,2.812500191E1
1.121476590E2,2.160000038E1,-4.312500060E-1,2.514375114E1
1.121576590E2,2.859375191E1,-1.050000072E0,2.180625153E1
1.121676590E2,3.530625153E1,1.818750024E0,1.942500114E1
1.121776590E2,3.669375229E1,5.850000381E0,1.923750114E1
1.121876590E2,2.945625114E1,9.675000191E0,2.433750153E1
1.121976590E2,2.161875153E1,4.687500000E0,2.707500076E1
1.122076590E2,2.158125114E1,-2.250000089E-1,2.670000076E1
1.122176590E2,2.943750191E1,6.000000238E-1,2.244375038E1
1.122276590E2,3.675000000E1,3.000000000E0,1.899375153E1
1.122376590E2,3.519375229E1,6.900000095E0,2.041875076E1
1.122476590E2,2.930625153E1,1.046250057E1,2.460000038E1
1.122576590E2,2.300625038E1,4.556250095E0,2.533125114E1
1.122676590E2,2.403750038E1,-1.087500095E0,2.439375114E1
1.122776590E2,2.703750038E1,2.006250143E0,2.111250114E1
1.122876590E2,2.748750114E1,9.731250763E0,2.531250191E1
1.122976590E2,2.482500076E1,1.021875000E1,3.202500153E1
1.123076590E2,2.728125191E1,8.512500763E0,2.775000191E1
1.123176590E2,2.986875153E1,9.000000358E-1,2.100000000E1
1.123276590E2,3.067500114E1,-1.237500072E0,1.539375019E1
1.123376590E2,2.880000114E1,5.062500238E-1,1.980000114E1
1.123476590E2,2.700000191E1,4.181250095E0,2.593125153E1
1.123576590E2,2.555625153E1,8.850000381E0,3.228750229E1
1.123676590E2,2.715000153E1,6.937500477E0,2.835000038E1
1.123776590E2,2.893125153E1,2.681250095E0,1.852500153E1
1.123876590E2,3.131250191E1,9.375000000E-2,1.681875038E1
1.123976590E2,3.075000191E1,1.237500072E0,1.940625000E1
1.124076590E2,3.000000191E1,5.962500095E0,2.651250076E1
1.124176590E2,2.891250038E1,1.012500000E1,3.103125191E1
1.124276590E2,2.900625038E1,8.006250381E0,2.870625114E1
1.124376590E2,2.844375038E1,2.456250191E0,2.276250076E1
1.124476590E2,2.895000076E1,-1.462500095E0,1.698750114E1
1.124576590E2,3.120000076E1,2.175000191E0,1.805625153E1
1.124676590E2,3.078750038E1,5.700000286E0,2.653125191E1
1.124776590E2,2.863125038E1,9.431250572E0,2.921250153E1
1.124876590E2,2.688750076E1,7.406250477E0,2.863125038E1
1.124976590E2,2.788125038E1,2.418750048E0,2.278125000E1
1.125076590E2,3.076875114E1,1.125000045E-1,1.871250153E1
1.125176590E2,3.174375153E1,3.037500143E0,1.938750076E1
1.125276590E2,3.120000076E1,6.187500477E0,2.664375114E1
1.125376590E2,2.985000038E1,1.081875038E1,3.159375191E1
1.125476590E2,2.745000076E1,7.143750191E0,2.926875114E1
1.125576590E2,2.600625038E1,2.775000095E0,2.293125153E1
1.125676590E2,2.827500153E1,6.000000238E-1,1.886250114E1
1.125776590E2,3.114375114E1,2.662500143E0,1.833750153E1
1.125876590E2,3.071250153E1,7.875000477E0,2.587500191E1
1.125976590E2,2.831250191E1,1.059375000E1,3.210000229E1
1.126076590E2,2.726250076E1,9.581250191E0,3.204375076E1
1.126176590E2,2.737500191E1,2.475000143E0,2.606250191E1
1.126276590E2,3.078750038E1,1.500000060E-1,1.980000114E1
1.126376590E2,3.159375191E1,1.125000000E0,1.923750114E1
1.126476590E2,3.185625076E1,5.887500286E0,2.555625153E1
1.126576590E2,3.007500076E1,9.075000763E0,3.078750038E1
1.126676590E2,2.853750038E1,7.575000286E0,3.125625038E1
1.126776590E2,2.743125153E1,1.462500095E0,2.381250000E1
1.126876590E2,2.865000153E1,-1.725000024E0,1.951875114E1
1.126976590E2,3.135000038E1,1.500000060E-1,1.869375038E1
1.127076590E2,3.060000038E1,5.193750381E0,2.580000114E1
1.127176590E2,2.921250153E1,8.531250000E0,2.990625191E1
1.127276590E2,2.741250038E1,1.162500024E0,2.398125076E1
1.127376590E2,2.741250038E1,1.162500024E0,2.398125076E1
1.127476590E2,3.024375153E1,-7.125000358E-1,1.846875000E1
1.127576590E2,3.001875114E1,-7.125000358E-1,1.878750038E1
1.127676590E2,3.063750076E1,4.387500286E0,2.553750038E1
1.127776590E2,2.805000114E1,6.056250095E0,2.857500076E1
1.127876590E2,2.561250114E1,5.456250191E0,2.928750038E1
1.127976590E2,2.763750076E1,-5.250000358E-1,1.944375038E1
1.128076590E2,2.763750076E1,-5.250000358E-1,1.944375038E1
1.128176590E2,2.911875153E1,-4.687500298E-1,1.861875153E1
1.128276590E2,2.823750114E1,6.243750095E0,2.917500114E1
1.128376590E2,2.823750114E1,6.243750095E0,2.917500114E1
1.128476590E2,2.581875038E1,1.912500024E0,2.613750076E1
1.128576590E2,2.891250038E1,-4.312500060E-1,2.049375153E1
1.128676590E2,3.108750153E1,3.375000060E-1,2.040000153E1
1.128776590E2,3.123750114E1,3.318750143E0,2.516250038E1
1.128876590E2,2.958750153E1,9.000000000E0,2.893125153E1
1.128976590E2,2.643750191E1,6.787500381E0,3.009375191E1
1.129076590E2,2.711250114E1,2.100000143E0,2.439375114E1
1.129176590E2,2.767500114E1,-4.875000119E-1,2.083125114E1
1.129276590E2,2.941875076E1,-2.625000179E-1,1.985625076E1
1.129376590E2,3.121875191E1,3.281250238E0,2.405625153E1
1.129476590E2,2.891250038E1,6.881250381E0,2.818125153E1
1.129576590E2,2.733750153E1,5.906250000E0,3.031875038E1
1.129676590E2,2.640000153E1,1.931250095E0,2.611875153E1
1.129776590E2,2.868750191E1,-7.687500119E-1,2.038125038E1
1.129876590E2,2.932500076E1,-1.087500095E0,1.852500153E1
1.129976590E2,3.120000076E1,4.200000286E0,2.274375153E1
1.130076590E2,2.902500153E1,6.581250191E0,2.820000076E1
1.130176590E2,2.778750038E1,6.843750477E0,2.928750038E1
1.130276590E2,2.722500038E1,3.562500238E0,2.598750114E1
1.130376590E2,2.842500114E1,1.875000075E-2,2.062500000E1
1.130476590E2,3.048750114E1,7.875000238E-1,2.070000076E1
1.130576590E2,3.039375114E1,1.012500048E0,2.426250076E1
1.130676590E2,2.960625076E1,7.875000477E0,2.823750114E1
1.130776590E2,2.745000076E1,7.987500191E0,3.138750076E1
1.130876590E2,2.831250191E1,3.787500143E0,2.610000038E1
1.130976590E2,2.861250114E1,2.081250191E0,2.030625153E1
1.131076590E2,3.026250076E1,-1.293750048E0,2.040000153E1
1.131176590E2,3.050625038E1,2.587500095E0,2.304375076E1
1.131276590E2,2.786250114E1,4.950000286E0,2.898750114E1
1.131376590E2,2.640000153E1,7.875000477E0,2.953125191E1
1.131476590E2,2.658750153E1,4.837500095E0,2.760000038E1
1.131576590E2,2.641875076E1,-1.500000000E0,2.156250000E1
1.131676590E2,3.015000153E1,5.437500477E-1,1.867500114E1
1.131776590E2,2.994375038E1,7.687500119E-1,2.195625114E1
1.131876590E2,2.915625191E1,6.693750381E0,2.600625038E1
1.131976590E2,2.600625038E1,8.325000763E0,2.951250076E1
1.132076590E2,2.570625114E1,3.750000238E0,2.443125153E1
1.132176590E2,2.709375191E1,1.631250024E0,1.880625153E1
1.132276590E2,2.853750038E1,1.350000024E0,1.693125153E1
1.132376590E2,3.033750153E1,5.118750095E0,2.392500114E1
1.132476590E2,2.831250191E1,8.568750381E0,2.773125076E1
1.132576590E2,2.660625076E1,7.162500381E0,3.225000000E1
1.132676590E2,2.570625114E1,4.200000286E0,2.970000076E1
1.132776590E2,2.578125191E1,-5.437500477E-1,2.321250153E1
1.132876590E2,3.052500153E1,-3.187500238E-1,2.124375153E1
1.132976590E2,3.112500191E1,1.443750024E0,2.640000153E1
1.133076590E2,3.043125153E1,6.712500095E0,3.003750038E1
1.133176590E2,2.694375038E1,6.562500477E0,3.260625076E1
1.133276590E2,2.662500191E1,3.112500191E0,2.821875191E1
1.133376590E2,2.784375191E1,-3.375000060E-1,2.066250038E1
1.133476590E2,2.808750153E1,-4.781250000E0,1.931250000E1
1.133576590E2,2.962500191E1,7.875000238E-1,2.336250114E1
1.133676590E2,2.934375191E1,5.325000286E0,2.829375076E1
1.133776590E2,2.677500153E1,5.231250286E0,3.054375076E1
1.133876590E2,2.570625114E1,2.512500048E0,2.516250038E1
1.133976590E2,2.602500153E1,-2.212500095E0,1.959375000E1
1.134076590E2,2.868750191E1,-2.437500000E0,1.661250114E1
1.134176590E2,2.971875191E1,2.006250143E0,2.122500038E1
1.134276590E2,2.925000191E1,6.975000381E0,2.488125038E1
1.134376590E2,2.756250191E1,8.081250191E0,2.825625038E1
1.134476590E2,2.602500153E1,4.575000286E0,2.512500191E1
1.134576590E2,2.595000076E1,0.000000000E0,1.942500114E1
1.134676590E2,2.941875076E1,-8.062500358E-1,1.693125153E1
1.134776590E2,3.163125038E1,2.943750143E0,2.221875000E1
1.134876590E2,2.983125114E1,7.556250095E0,2.778750038E1
1.134976590E2,2.718750191E1,6.993750095E0,3.022500038E1
1.135076590E2,2.608125114E1,5.043750286E0,2.493750191E1
1.135176590E2,2.593125153E1,3.000000119E-1,1.845000076E1
1.135276590E2,2.853750038E1,1.125000045E-1,1.749375153E1
1.135376590E2,2.953125191E1,5.137500286E0,2.034375000E1
1.135476590E2,2.778750038E1,7.537500381E0,2.548125076E1
1.135576590E2,2.583750153E1,9.412500381E0,2.910000038E1
1.135676590E2,2.490000153E1,7.218750477E0,2.602500153E1
1.135776590E2,2.645625114E1,3.712500095E0,2.145000076E1
1.135876590E2,2.790000153E1,2.606250048E0,1.777500153E1
1.135976590E2,3.028125191E1,6.731250286E0,2.535000038E1
1.136076590E2,2.945625114E1,1.044375038E1,2.975625038E1
1.136176590E2,2.630625153E1,1.083750057E1,3.429375076E1
1.136276590E2,2.518125153E1,7.331250191E0,2.945625114E1
1.136376590E2,2.608125114E1,4.875000119E-1,2.593125153E1
1.136476590E2,2.919375038E1,-9.750000238E-1,2.304375076E1
1.136576590E2,3.138750076E1,2.437500000E0,2.773125076E1
1.136676590E2,3.076875114E1,6.337500095E0,3.303750229E1
1.136776590E2,2.775000191E1,6.862500191E0,3.616875076E1
1.136876590E2,2.745000076E1,2.568750143E0,2.981250191E1
1.136976590E2,2.724375153E1,-1.725000024E0,2.328750038E1
1.137076590E2,2.915625191E1,-3.731250048E0,2.092500114E1
1.137176590E2,2.823750114E1,-2.625000000E0,2.242500114E1
1.137276590E2,2.763750076E1,3.468750238E0,2.722500038E1
1.137376590E2,2.595000076E1,5.793750286E0,2.925000191E1
1.137476590E2,2.306250000E1,2.643750191E0,2.409375191E1
1.137576590E2,2.469375038E1,1.481250048E0,1.852500153E1
1.137676590E2,2.735625076E1,6.187500358E-1,1.543125057E1
1.137776590E2,2.805000114E1,4.743750095E0,2.086875153E1
1.137876590E2,2.688750076E1,8.418750763E0,2.480625153E1
1.137976590E2,2.426250076E1,1.057500076E1,2.887500191E1
1.138076590E2,2.358750153E1,7.631250381E0,2.632500076E1
1.138176590E2,2.533125114E1,4.612500191E0,2.201250076E1
1.138276590E2,2.748750114E1,2.325000048E0,2.013750076E1
1.138376590E2,2.898750114E1,5.681250095E0,2.405625153E1
1.138476590E2,2.761875153E1,8.456250191E0,3.056250191E1
1.138576590E2,2.743125153E1,9.956250191E0,3.388125229E1
1.138676590E2,2.525625038E1,5.025000095E0,3.228750229E1
1.138776590E2,2.782500076E1,1.668750048E0,2.424375153E1
1.138876590E2,2.910000038E1,-2.625000179E-1,2.064375114E1
1.138976590E2,3.091875076E1,1.237500072E0,2.548125076E1
1.139076590E2,2.861250114E1,6.075000286E0,2.778750038E1
1.139176590E2,2.660625076E1,8.643750191E0,3.416250229E1
1.139276590E2,2.578125191E1,5.625000000E0,2.941875076E1
1.139376590E2,2.518125153E1,3.000000119E-1,2.066250038E1
1.139476590E2,2.806875038E1,-8.625000119E-1,1.805625153E1
1.139576590E2,3.011250114E1,3.112500191E0,2.034375000E1
1.139676590E2,2.696250153E1,8.287500381E0,2.574375153E1
1.139776590E2,2.604375076E1,1.231875038E1,3.120000076E1
1.139876590E2,2.446875191E1,1.171875000E1,2.986875153E1
1.139976590E2,2.306250000E1,4.181250095E0,2.240625000E1
1.140076590E2,2.559375191E1,2.362500191E0,1.953750038E1
1.140176590E2,2.844375038E1,6.918750286E0,2.458125114E1
1.140276590E2,2.746875191E1,1.224375057E1,3.073125076E1
1.140376590E2,2.602500153E1,1.275000095E1,3.570000076E1
1.140476590E2,2.482500076E1,8.662500381E0,3.324375153E1
1.140576590E2,2.516250038E1,3.731250048E0,2.521875191E1
1.140676590E2,2.857500076E1,1.856250048E0,2.375625038E1
1.140776590E2,3.024375153E1,4.837500095E0,2.505000114E1
1.140876590E2,2.921250153E1,8.550000191E0,3.052500153E1
1.140976590E2,2.741250038E1,9.225000381E0,3.691875076E1
1.141076590E2,2.670000076E1,6.225000381E0,3.249375153E1
1.141176590E2,2.803125191E1,1.856250048E0,2.548125076E1
1.141276590E2,2.977500153E1,-1.162500024E0,2.086875153E1
1.141376590E2,2.906250191E1,2.625000000E0,2.180625153E1
1.141476590E2,2.919375038E1,9.450000763E0,2.889375114E1
1.141576590E2,2.608125114E1,1.059375000E1,3.166875076E1
1.141676590E2,2.645625114E1,9.881250381E0,2.765625191E1
1.141776590E2,2.610000038E1,3.600000143E0,2.396250153E1
1.141876590E2,2.745000076E1,2.287500143E0,1.858125114E1
1.141976590E2,2.859375191E1,5.587500095E0,2.156250000E1
1.142076590E2,2.724375153E1,9.918750763E0,2.731875038E1
1.142176590E2,2.563125038E1,1.419375038E1,3.105000114E1
1.142276590E2,2.490000153E1,1.070625019E1,3.245625305E1
1.142376590E2,2.409375191E1,5.400000095E0,2.493750191E1
1.142476590E2,2.557500076E1,3.187500238E0,2.103750038E1
1.142576590E2,2.780625153E1,7.950000286E0,2.295000076E1
1.142676590E2,2.743125153E1,1.188750076E1,2.902500153E1
1.142776590E2,2.521875191E1,1.393125057E1,3.390000153E1
1.142876590E2,2.336250114E1,9.225000381E0,3.384375000E1
1.142976590E2,2.238750076E1,2.756250143E0,3.050625038E1
1.143076590E2,2.636250114E1,9.562500119E-1,2.495625114E1
1.143176590E2,2.722500038E1,4.725000381E0,2.806875038E1
1.143276590E2,2.928750038E1,9.562500000E0,3.326250076E1
1.143376590E2,2.480625153E1,1.065000057E1,3.652500153E1
1.143476590E2,2.508750153E1,3.937500238E0,3.348750305E1
1.143576590E2,2.480625153E1,9.375000596E-1,2.748750114E1
1.143676590E2,2.591250038E1,-2.512500048E0,2.041875076E1
1.143776590E2,2.868750191E1,1.256250024E0,2.505000114E1
1.143876590E2,2.801250076E1,5.306250095E0,3.050625038E1
1.143976590E2,2.469375038E1,6.768750191E0,3.341250229E1
1.144076590E2,2.296875000E1,4.031250000E0,2.975625038E1
1.144176590E2,2.400000000E1,-1.143750072E0,2.281875038E1
1.144276590E2,2.431875038E1,-3.131250143E0,1.815000153E1
1.144376590E2,2.658750153E1,2.587500095E0,2.043750000E1
1.144476590E2,2.760000038E1,8.418750763E0,2.915625191E1
1.144576590E2,2.602500153E1,8.043750763E0,3.093750191E1
1.144676590E2,2.458125114E1,6.618750095E0,2.780625153E1
1.144776590E2,2.328750038E1,4.687500298E-1,2.536875153E1
1.144876590E2,2.604375076E1,-6.187500358E-1,1.946250153E1
1.144976590E2,2.898750114E1,1.837500095E0,2.218125153E1
1.145076590E2,2.968125153E1,5.662500381E0,2.795625114E1
1.145176590E2,2.760000038E1,8.662500381E0,3.258750153E1
1.145276590E2,2.647500038E1,4.518750191E0,2.793750191E1
1.145376590E2,2.497500038E1,-1.443750024E0,2.096250153E1
1.145476590E2,2.763750076E1,-3.243750095E0,1.856250000E1
1.145576590E2,2.949375153E1,-6.750000119E-1,2.145000076E1
1.145676590E2,3.039375114E1,3.750000238E0,2.559375191E1
1.145776590E2,2.887500191E1,5.287500381E0,2.784375191E1
1.145876590E2,2.589375114E1,4.462500095E0,2.716875076E1
1.145976590E2,2.651250076E1,5.625000000E-1,2.154375076E1
1.146076590E2,2.718750191E1,-2.250000000E0,1.473750019E1
1.146176590E2,2.968125153E1,1.031250000E0,2.036250114E1
1.146276590E2,3.026250076E1,4.856250286E0,2.613750076E1
1.146376590E2,2.771250153E1,6.956250191E0,2.756250191E1
1.146476590E2,2.611875153E1,5.100000381E0,2.649375153E1
1.146576590E2,2.613750076E1,5.062500238E-1,2.047500038E1
1.146676590E2,2.679375076E1,-6.375000477E-1,1.711875153E1
1.146776590E2,2.878125191E1,1.087500095E0,1.835625076E1
1.146876590E2,2.786250114E1,1.003125000E1,3.028125191E1
1.146976590E2,2.786250114E1,1.003125000E1,3.028125191E1
1.147076590E2,2.692500114E1,9.618750572E0,2.844375038E1
1.147176590E2,2.518125153E1,2.906250000E0,2.386875153E1
1.147276590E2,2.651250076E1,3.750000149E-2,1.940625000E1
1.147376590E2,2.917500114E1,2.943750143E0,2.208750153E1
1.147476590E2,2.921250153E1,5.925000191E0,2.685000038E1
1.147576590E2,2.767500114E1,5.906250000E0,2.983125114E1
1.147676590E2,2.767500114E1,5.906250000E0,2.983125114E1
1.147776590E2,2.750625038E1,2.587500095E0,2.401875114E1
1.147876590E2,2.958750153E1,7.500000000E-1,2.148750114E1
1.147976590E2,3.084375191E1,4.912500381E0,2.658750153E1
1.148076590E2,3.105000114E1,8.962500572E0,3.046875191E1
1.148176590E2,2.906250191E1,7.556250095E0,2.936250114E1
1.148276590E2,2.805000114E1,2.568750143E0,2.246250153E1
1.148376590E2,2.947500038E1,8.437500596E-1,1.914375114E1
1.148476590E2,3.114375114E1,3.506250143E0,2.045625114E1
1.148576590E2,3.075000191E1,6.787500381E0,2.643750191E1
1.148676590E2,3.033750153E1,9.187500000E0,2.859375191E1
1.148776590E2,2.868750191E1,7.181250095E0,2.816250038E1
1.148876590E2,2.756250191E1,2.831250191E0,2.133750153E1
1.148976590E2,2.760000038E1,3.750000149E-2,1.704375076E1
1.149076590E2,3.003750038E1,8.437500596E-1,1.835625076E1
1.149176590E2,3.069375038E1,7.875000477E0,2.525625038E1
1.149276590E2,3.238125229E1,1.203750038E1,2.956875038E1
1.149376590E2,3.123750114E1,9.862500191E0,2.805000114E1
1.149476590E2,2.876250076E1,4.518750191E0,2.227500153E1
1.149576590E2,3.082500076E1,1.106250048E0,2.034375000E1
1.149676590E2,3.403125000E1,3.787500143E0,1.882500076E1
1.149776590E2,3.583125305E1,7.012500286E0,2.336250114E1
1.149876590E2,3.740625000E1,9.093750000E0,2.692500114E1
1.149976590E2,3.538125229E1,1.001250076E1,2.375625038E1
1.150076590E2,3.465000153E1,6.056250095E0,1.972500038E1
1.150176590E2,3.577500153E1,4.406250000E0,1.421250057E1
1.150276590E2,3.740625000E1,4.237500191E0,1.606875038E1
1.150376590E2,4.025625229E1,8.587500572E0,1.863750076E1
1.150476590E2,4.181250000E1,1.186875057E1,1.944375038E1
1.150576590E2,4.085625076E1,1.020000076E1,1.880625153E1
1.150676590E2,3.870000076E1,5.475000381E0,1.203750038E1
1.150776590E2,3.770625305E1,5.831250191E0,9.693750381E0
1.150876590E2,3.975000000E1,4.500000000E0,8.212500572E0
1.150976590E2,4.179375076E1,7.537500381E0,1.072500038E1
1.151076590E2,4.548750305E1,1.237500095E1,1.215000057E1
1.151176590E2,4.571250153E1,1.331250095E1,1.111875057E1
1.151276590E2,4.141875076E1,8.381250381E0,7.856250286E0
1.151376590E2,3.958125305E1,5.343750000E0,4.537500381E0
1.151476590E2,4.027500153E1,3.318750143E0,4.068750381E0
1.151576590E2,4.638750076E1,8.550000191E0,8.700000763E0
1.151676590E2,4.942500305E1,1.198125076E1,6.337500095E0
1.151776590E2,4.546875000E1,7.950000286E0,6.262500286E0
1.151876590E2,4.290000153E1,5.868750095E0,5.062500000E0
1.151976590E2,3.945000076E1,1.762500048E0,1.237500072E0
1.152076590E2,4.081875229E1,3.618750095E0,2.006250143E0
1.152176590E2,4.560000229E1,5.437500000E0,5.250000358E-1
1.152276590E2,4.946250153E1,7.725000381E0,7.500000000E-1
1.152376590E2,4.818750381E1,7.012500286E0,2.062500119E-1
1.152476590E2,4.353750229E1,4.162500381E0,-1.518750072E0
1.152576590E2,4.020000076E1,1.743750095E0,-1.256250024E0
1.152676590E2,4.295625305E1,1.387500048E0,-3.150000095E0
1.152776590E2,4.749375153E1,2.868750095E0,-5.231250286E0
1.152876590E2,5.246250153E1,4.893750191E0,-5.943750381E0
1.152976590E2,5.220000076E1,4.837500095E0,-7.800000191E0
1.153076590E2,4.923750305E1,2.493750095E0,-6.000000000E0
1.153176590E2,4.612500000E1,1.012500048E0,-6.768750191E0
1.153276590E2,4.586250305E1,-1.518750072E0,-6.393750191E0
1.153376590E2,4.963125229E1,9.750000238E-1,-1.040625000E1
1.153476590E2,5.529375076E1,3.412500143E0,-1.475625038E1
1.153576590E2,5.683125305E1,3.450000048E0,-1.698750114E1
1.153676590E2,5.409375381E1,2.268750191E0,-1.387500095E1
1.153776590E2,5.008125305E1,-1.406250000E0,-1.162500000E1
1.153876590E2,5.038125229E1,-3.825000048E0,-1.471875095E1
1.153976590E2,5.257500076E1,-2.887500048E0,-2.013750076E1
1.154076590E2,5.595000076E1,-1.200000048E0,-2.360625076E1
1.154176590E2,5.598750305E1,-1.687500119E0,-2.403750038E1
1.154276590E2,5.411250305E1,-3.262500048E0,-1.981875038E1
1.154376590E2,5.143125153E1,-3.975000143E0,-1.627500153E1
1.154476590E2,4.871250153E1,-7.650000095E0,-1.781250000E1
1.154576590E2,5.086875153E1,-7.068750381E0,-2.491875076E1
1.154676590E2,5.465625381E1,-4.462500095E0,-3.082500076E1
1.154776590E2,5.276250076E1,-6.618750095E0,-3.030000114E1
1.154876590E2,5.265000153E1,-5.850000381E0,-2.458125114E1
1.154976590E2,5.171250153E1,-6.712500095E0,-1.918125153E1
1.155076590E2,4.931250381E1,-7.106250286E0,-2.253750038E1
1.155176590E2,4.845000076E1,-9.018750191E0,-2.752500153E1
1.155276590E2,5.103750229E1,-6.731250286E0,-3.073125076E1
1.155376590E2,5.231250381E1,-6.937500477E0,-2.964375114E1
1.155476590E2,5.152500153E1,-6.750000477E0,-2.604375076E1
1.155576590E2,5.103750229E1,-8.231250763E0,-2.107500076E1
1.155676590E2,4.726875305E1,-9.918750763E0,-2.274375153E1
1.155776590E2,4.650000000E1,-9.131250381E0,-2.748750114E1
1.155876590E2,4.914375305E1,-6.712500095E0,-3.195000076E1
1.155976590E2,4.871250153E1,-7.875000477E0,-3.262500000E1
1.156076590E2,5.053125381E1,-6.975000381E0,-2.694375038E1
1.156176590E2,4.794375229E1,-6.581250191E0,-2.366250038E1
1.156276590E2,4.691250229E1,-7.781250477E0,-2.510625076E1
1.156376590E2,4.666875076E1,-7.031250477E0,-3.251250076E1
1.156476590E2,4.638750076E1,-7.125000477E0,-3.547500229E1
1.156576590E2,4.785000229E1,-8.006250381E0,-3.588750076E1
1.156676590E2,4.981875229E1,-6.131250381E0,-2.936250114E1
1.156776590E2,4.783125305E1,-8.662500381E0,-2.411250114E1
1.156876590E2,4.702500153E1,-8.100000381E0,-2.508750153E1
1.156976590E2,4.543125153E1,-7.800000191E0,-2.821875191E1
1.157076590E2,4.485000229E1,-8.606250763E0,-3.376875305E1
1.157176590E2,4.696875000E1,-8.006250381E0,-3.399375153E1
1.157276590E2,4.659375000E1,-7.087500095E0,-2.782500076E1
1.157376590E2,4.768125153E1,-7.237500191E0,-2.407500076E1
1.157476590E2,4.528125000E1,-7.706250191E0,-2.415000153E1
1.157576590E2,4.447500229E1,-6.450000286E0,-2.925000191E1
1.157676590E2,4.430625153E1,-6.450000286E0,-3.502500153E1
1.157776590E2,4.543125153E1,-5.550000191E0,-3.324375153E1
1.157876590E2,4.777500153E1,-5.943750381E0,-2.934375191E1
1.157976590E2,4.700625229E1,-6.356250286E0,-2.506875038E1
1.158076590E2,4.481250000E1,-8.062500000E0,-2.490000153E1
1.158176590E2,4.402500153E1,-7.631250381E0,-3.071250153E1
1.158276590E2,4.336875153E1,-8.081250191E0,-3.487500000E1
1.158376590E2,4.590000153E1,-6.337500095E0,-3.442500305E1
1.158476590E2,4.693125153E1,-6.450000286E0,-2.835000038E1
1.158576590E2,4.710000229E1,-6.675000191E0,-2.520000076E1
1.158676590E2,4.513125229E1,-8.062500000E0,-2.568750191E1
1.158776590E2,4.440000153E1,-8.081250191E0,-3.097500038E1
1.158876590E2,4.312500000E1,-9.337500572E0,-3.382500076E1
1.158976590E2,4.483125305E1,-8.100000381E0,-3.286875153E1
1.159076590E2,4.800000000E1,-8.943750381E0,-2.986875153E1
1.159176590E2,4.756875229E1,-9.431250572E0,-2.263125038E1
1.159276590E2,4.569375229E1,-8.756250381E0,-2.296875000E1
1.159376590E2,4.391250229E1,-8.925000191E0,-2.591250038E1
1.159476590E2,4.170000076E1,-1.091250038E1,-3.007500076E1
1.159576590E2,4.541250229E1,-7.125000477E0,-3.279375076E1
1.159676590E2,4.710000229E1,-7.837500095E0,-2.776875114E1
1.159776590E2,4.606875229E1,-8.287500381E0,-2.443125153E1
1.159876590E2,4.610625076E1,-7.312500477E0,-2.326875114E1
1.159976590E2,4.410000229E1,-8.043750763E0,-2.880000114E1
1.160076590E2,4.340625000E1,-9.487500191E0,-3.412500000E1
1.160176590E2,4.642500305E1,-8.550000191E0,-3.534375000E1
1.160276590E2,4.931250381E1,-7.181250095E0,-3.176250076E1
1.160376590E2,4.730625153E1,-6.393750191E0,-2.726250076E1
1.160476590E2,4.659375000E1,-8.100000381E0,-2.430000114E1
1.160576590E2,4.539375305E1,-9.093750000E0,-2.951250076E1
1.160676590E2,4.496250153E1,-1.098750019E1,-3.465000153E1
1.160776590E2,4.768125153E1,-1.001250076E1,-3.337500000E1
1.160876590E2,5.011875153E1,-7.125000477E0,-3.131250191E1
1.160976590E2,5.006250381E1,-7.968750477E0,-2.701875114E1
1.161076590E2,4.869375229E1,-8.043750763E0,-2.730000114E1
1.161176590E2,4.466250229E1,-1.042500019E1,-3.063750076E1
1.161276590E2,4.453125000E1,-1.038750076E1,-3.453750229E1
1.161376590E2,4.668750000E1,-1.025625038E1,-3.506250000E1
1.161476590E2,4.792500305E1,-8.812500000E0,-3.082500076E1
1.161576590E2,5.088750076E1,-9.018750191E0,-2.726250076E1
1.161676590E2,4.771875000E1,-9.187500000E0,-2.610000038E1
1.161776590E2,4.590000153E1,-9.843750000E0,-2.898750114E1
1.161876590E2,4.383750153E1,-9.581250191E0,-3.271875000E1
1.161976590E2,4.661250305E1,-8.362500191E0,-3.442500305E1
1.162076590E2,5.013750076E1,-7.912500381E0,-3.170625114E1
1.162176590E2,5.015625381E1,-8.062500000E0,-2.529375076E1
1.162276590E2,4.740000153E1,-8.568750381E0,-2.613750076E1
1.162376590E2,4.498125076E1,-8.962500572E0,-2.966250038E1
1.162476590E2,4.299375153E1,-9.675000191E0,-3.457500076E1
1.162576590E2,4.539375305E1,-9.843750000E0,-3.412500000E1
1.162676590E2,4.878750229E1,-7.987500191E0,-3.121875191E1
1.162776590E2,5.026875305E1,-7.968750477E0,-2.810625076E1
1.162876590E2,4.612500000E1,-9.300000191E0,-2.685000038E1
1.162976590E2,4.413750076E1,-8.231250763E0,-3.003750038E1
1.163076590E2,4.111875153E1,-1.110000038E1,-3.630000305E1
1.163176590E2,4.348125076E1,-1.046250057E1,-3.560625076E1
1.163276590E2,4.801875305E1,-8.231250763E0,-3.258750153E1
1.163376590E2,5.073750305E1,-6.993750095E0,-2.805000114E1
1.163476590E2,4.805625153E1,-1.010625076E1,-2.555625153E1
1.163576590E2,4.449375153E1,-1.089375019E1,-2.949375153E1
1.163676590E2,4.076250076E1,-1.153125000E1,-3.391875076E1
1.163776590E2,4.449375153E1,-8.962500572E0,-3.466875076E1
1.163876590E2,4.824375153E1,-9.750000000E0,-3.090000153E1
1.163976590E2,4.955625153E1,-9.918750763E0,-2.793750191E1
1.164076590E2,4.897500229E1,-8.193750381E0,-2.713125038E1
1.164176590E2,4.368750000E1,-1.040625000E1,-2.733750153E1
1.164276590E2,4.179375076E1,-1.115625000E1,-3.350625229E1
1.164376590E2,4.505625153E1,-8.625000000E0,-3.532500076E1
1.164476590E2,4.833750153E1,-7.406250477E0,-3.187500191E1
1.164576590E2,4.923750305E1,-8.981250763E0,-2.786250114E1
1.164676590E2,4.801875305E1,-8.906250000E0,-2.846250153E1
1.164776590E2,4.483125305E1,-1.003125000E1,-2.769375038E1
1.164876590E2,4.008750153E1,-1.271250057E1,-3.491250229E1
1.164976590E2,4.357500076E1,-1.151250076E1,-3.303750229E1
1.165076590E2,4.584375000E1,-1.166250038E1,-3.241875076E1
1.165176590E2,4.959375381E1,-8.081250191E0,-2.450625038E1
1.165276590E2,4.753125000E1,-1.008750057E1,-2.398125076E1
1.165376590E2,4.243125153E1,-1.018125057E1,-2.795625114E1
1.165476590E2,3.885000229E1,-1.044375038E1,-3.022500038E1
1.165576590E2,4.128750229E1,-9.562500000E0,-3.174375153E1
1.165676590E2,4.509375000E1,-9.281250000E0,-2.996250153E1
1.165776590E2,4.935000229E1,-8.118750572E0,-2.527500153E1
1.165876590E2,4.693125153E1,-7.762500286E0,-2.433750153E1
1.165976590E2,4.288125229E1,-1.023750019E1,-2.516250038E1
1.166076590E2,4.008750153E1,-6.768750191E0,-3.150000191E1
1.166176590E2,4.336875153E1,-6.300000191E0,-3.300000000E1
1.166276590E2,4.593750000E1,-9.000000000E0,-3.343125153E1
1.166376590E2,5.034375381E1,-7.181250095E0,-2.818125153E1
1.166476590E2,4.443750000E1,-8.981250763E0,-2.887500191E1
1.166576590E2,4.443750000E1,-8.981250763E0,-2.887500191E1
1.166676590E2,4.119375229E1,-1.036875057E1,-3.277500153E1
1.166776590E2,4.751250076E1,-8.400000572E0,-3.241875076E1
1.166876590E2,4.751250076E1,-8.400000572E0,-3.241875076E1
1.166976590E2,4.801875305E1,-1.048125076E1,-2.786250114E1
1.167076590E2,4.925625229E1,-8.943750381E0,-2.677500153E1
1.167176590E2,4.018125153E1,-9.187500000E0,-3.316875076E1
1.167276590E2,3.993750000E1,-1.046250057E1,-3.352500153E1
1.167376590E2,4.350000000E1,-9.581250191E0,-3.193125153E1
1.167476590E2,4.905000305E1,-7.912500381E0,-2.904375076E1
1.167576590E2,4.783125305E1,-7.631250381E0,-2.763750076E1
1.167676590E2,4.147500229E1,-9.150000572E0,-2.881875038E1
1.167776590E2,3.735000229E1,-1.025625038E1,-3.131250191E1
1.167876590E2,3.894375229E1,-1.141875076E1,-3.108750153E1
1.167976590E2,4.531875229E1,-9.187500000E0,-3.277500153E1
1.168076590E2,4.936875153E1,-6.693750381E0,-3.165000153E1
1.168176590E2,4.880625153E1,-7.950000286E0,-3.013125038E1
1.168276590E2,4.205625153E1,-1.085625076E1,-2.883750153E1
1.168376590E2,3.950625229E1,-1.016250038E1,-3.245625305E1
1.168476590E2,4.254375076E1,-1.033125019E1,-3.405000305E1
1.168576590E2,4.672500229E1,-1.020000076E1,-3.271875000E1
1.168676590E2,4.961250305E1,-8.118750572E0,-3.215625000E1
1.168776590E2,4.951875305E1,-8.718750000E0,-3.086250114E1
1.168876590E2,4.321875000E1,-1.192500019E1,-3.001875114E1
1.168976590E2,3.911250305E1,-1.271250057E1,-3.255000305E1
1.169076590E2,4.061250305E1,-1.104375076E1,-3.301875305E1
1.169176590E2,4.648125076E1,-9.393750191E0,-3.136875153E1
1.169276590E2,4.991250229E1,-8.850000381E0,-3.069375038E1
1.169376590E2,4.936875153E1,-7.106250286E0,-2.880000114E1
1.169476590E2,4.286250305E1,-1.050000000E1,-2.919375038E1
1.169576590E2,3.875625229E1,-1.128750038E1,-3.202500153E1
1.169676590E2,3.976875305E1,-1.209375095E1,-3.495000076E1
1.169776590E2,4.539375305E1,-1.046250057E1,-3.330000305E1
1.169876590E2,4.942500305E1,-8.081250191E0,-3.043125153E1
1.169976590E2,4.895625305E1,-9.056250572E0,-3.050625038E1
1.170076590E2,4.278750229E1,-9.543750763E0,-2.833125114E1
1.170176590E2,3.860625076E1,-1.141875076E1,-3.030000114E1
1.170276590E2,3.975000000E1,-9.806250572E0,-3.155625153E1
1.170376590E2,4.573125076E1,-9.206250191E0,-3.466875076E1
1.170476590E2,4.989375305E1,-8.887500763E0,-3.210000229E1
1.170576590E2,4.972500229E1,-7.593750477E0,-3.016875076E1
1.170676590E2,4.248750305E1,-1.117500019E1,-3.007500076E1
1.170776590E2,3.883125305E1,-1.048125076E1,-3.133125114E1
1.170876590E2,4.117500305E1,-1.166250038E1,-3.330000305E1
1.170976590E2,4.556250000E1,-7.912500381E0,-3.305625153E1
1.171076590E2,4.923750305E1,-8.587500572E0,-3.101250076E1
1.171176590E2,4.968750381E1,-7.106250286E0,-2.958750153E1
1.171276590E2,4.275000000E1,-9.881250381E0,-2.925000191E1
1.171376590E2,3.763125229E1,-1.164375019E1,-3.043125153E1
1.171476590E2,3.931875229E1,-1.035000038E1,-3.337500000E1
1.171576590E2,4.404375076E1,-9.900000572E0,-3.331875229E1
1.171676590E2,5.011875153E1,-7.725000381E0,-3.046875191E1
1.171776590E2,4.903125381E1,-7.725000381E0,-2.780625153E1
1.171876590E2,4.141875076E1,-9.918750763E0,-2.797500038E1
1.171976590E2,3.819375229E1,-1.078125000E1,-2.910000038E1
1.172076590E2,3.943125153E1,-1.063125038E1,-3.256875229E1
1.172176590E2,4.541250229E1,-1.106250000E1,-3.262500000E1
1.172276590E2,5.096250153E1,-8.756250381E0,-2.962500191E1
1.172376590E2,5.227500153E1,-8.306250572E0,-2.701875114E1
1.172476590E2,4.717500305E1,-8.587500572E0,-2.583750153E1
1.172576590E2,4.121250153E1,-1.291875076E1,-2.709375191E1
1.172676590E2,4.462500000E1,-1.241250038E1,-2.765625191E1
1.172776590E2,5.216250229E1,-1.110000038E1,-2.506875038E1
1.172876590E2,5.866875076E1,-8.700000763E0,-2.021250153E1
1.172976590E2,5.542500305E1,-1.091250038E1,-1.858125114E1
1.173076590E2,4.916250229E1,-1.218750095E1,-1.711875153E1
1.173176590E2,4.556250000E1,-1.278750038E1,-1.966875076E1
1.173276590E2,4.854375076E1,-1.438125038E1,-2.053125000E1
1.173376590E2,5.418750381E1,-1.001250076E1,-1.816875076E1
1.173476590E2,5.938125229E1,-8.175000191E0,-1.338750076E1
1.173576590E2,5.473125076E1,-9.731250763E0,-8.043750763E0
1.173676590E2,4.948125076E1,-8.193750381E0,-9.956250191E0
1.173776590E2,4.653750229E1,-1.035000038E1,-1.316250038E1
1.173876590E2,4.942500305E1,-1.160625076E1,-1.310625076E1
1.173976590E2,5.619375229E1,-8.193750381E0,-7.256250381E0
1.174076590E2,5.636250305E1,-7.050000191E0,3.187500238E-1
1.174176590E2,5.133750153E1,-7.762500286E0,2.943750143E0
1.174276590E2,4.451250076E1,-9.937500000E0,1.987500072E0
1.174376590E2,4.691250229E1,-9.581250191E0,-2.775000095E0
1.174476590E2,5.056875229E1,-5.512500286E0,-5.062500238E-1
1.174576590E2,5.205000305E1,-4.743750095E0,7.837500095E0
1.174676590E2,4.831875229E1,-6.862500191E0,1.385625076E1
1.174776590E2,4.059375000E1,-8.231250763E0,1.612500000E1
1.174876590E2,3.948750305E1,-1.048125076E1,1.085625076E1
1.174976590E2,4.160625076E1,-9.487500191E0,7.612500191E0
1.175076590E2,4.263750076E1,-5.250000000E0,1.021875000E1
1.175176590E2,4.110000229E1,-5.437500000E0,1.886250114E1
1.175276590E2,3.433125305E1,-5.343750000E0,1.957500076E1
1.175376590E2,2.788125038E1,-8.700000763E0,2.135625076E1
1.175476590E2,2.936250114E1,-9.993750572E0,1.676250076E1
1.175576590E2,3.483750153E1,-5.418750286E0,1.582500076E1
1.175676590E2,3.690000153E1,-1.631250024E0,1.672500038E1
1.175776590E2,2.985000038E1,-2.193750143E0,2.360625076E1
1.175876590E2,2.268750000E1,-4.387500286E0,2.265000153E1
1.175976590E2,1.734375000E1,-9.150000572E0,2.173125076E1
1.176076590E2,2.161875153E1,-7.181250095E0,2.055000114E1
1.176176590E2,3.035625076E1,-2.250000000E0,2.032500076E1
1.176276590E2,2.985000038E1,1.875000000E-1,2.403750038E1
1.176376590E2,2.371875000E1,-2.325000048E0,2.683125114E1
1.176476590E2,1.629375076E1,-3.937500238E0,2.411250114E1
1.176576590E2,1.417500019E1,-8.681250572E0,2.266875076E1
1.176676590E2,1.993125153E1,-5.812500000E0,2.296875000E1
1.176776590E2,2.677500153E1,-2.381250143E0,2.366250038E1
1.176876590E2,2.692500114E1,-1.162500024E0,2.731875038E1
1.176976590E2,2.043750000E1,-3.937500119E-1,2.953125191E1
1.177076590E2,1.453125095E1,-5.418750286E0,2.598750114E1
1.177176590E2,1.323750019E1,-8.868750572E0,2.411250114E1
1.177276590E2,1.884375000E1,-7.575000286E0,2.407500076E1
1.177376590E2,2.596875191E1,-4.387500286E0,2.745000076E1
1.177476590E2,2.709375191E1,-1.631250024E0,2.735625076E1
1.177576590E2,2.229375076E1,-1.087500095E0,2.848125076E1
1.177676590E2,1.507500076E1,-5.812500000E0,2.773125076E1
1.177776590E2,1.526250076E1,-7.406250477E0,2.677500153E1
1.177876590E2,2.064375114E1,-5.418750286E0,2.401875114E1
1.177976590E2,2.733750153E1,-6.750000119E-1,2.711250114E1
1.178076590E2,2.898750114E1,1.350000024E0,2.801250076E1
1.178176590E2,2.161875153E1,1.593750119E0,3.013125038E1
1.178276590E2,1.443750095E1,-4.256250381E0,2.855625153E1
1.178376590E2,1.207500076E1,-7.800000191E0,2.482500076E1
1.178476590E2,1.966875076E1,-4.406250000E0,2.253750038E1
1.178576590E2,2.628750038E1,-1.500000060E-1,2.536875153E1
1.178676590E2,2.878125191E1,4.068750381E0,2.998125076E1
1.178776590E2,2.193750000E1,3.562500238E0,3.230625153E1
1.178876590E2,1.509375095E1,-3.412500143E0,2.925000191E1
1.178976590E2,1.291875076E1,-6.468750477E0,2.595000076E1
1.179076590E2,2.088750076E1,-5.175000191E0,2.711250114E1
1.179176590E2,2.853750038E1,1.331250072E0,2.833125114E1
1.179276590E2,2.930625153E1,4.500000000E0,3.290625000E1
1.179376590E2,2.415000153E1,2.625000000E0,3.345000076E1
1.179476590E2,1.910625076E1,-1.350000024E0,3.245625305E1
1.179576590E2,1.741875076E1,-7.068750381E0,2.904375076E1
1.179676590E2,2.398125076E1,-5.493750095E0,2.553750038E1
1.179776590E2,3.138750076E1,1.518750072E0,2.874375153E1
1.179876590E2,3.234375000E1,6.168750286E0,2.943750191E1
1.179976590E2,2.831250191E1,4.875000000E0,3.116250038E1
1.180076590E2,2.280000114E1,-1.537500024E0,2.866875076E1
1.180176590E2,1.946250153E1,-5.306250095E0,2.495625114E1
1.180276590E2,2.583750153E1,-2.250000000E0,2.461875153E1
1.180376590E2,3.223125076E1,6.018750191E0,2.381250000E1
1.180476590E2,3.223125076E1,9.581250191E0,2.649375153E1
1.180576590E2,2.767500114E1,8.906250000E0,2.958750153E1
1.180676590E2,2.190000153E1,4.537500381E0,2.660625076E1
1.180776590E2,1.950000000E1,-2.793750048E0,2.428125191E1
1.180876590E2,2.411250114E1,2.193750143E0,2.285625076E1
1.180976590E2,3.020625114E1,8.643750191E0,2.551875114E1
1.181076590E2,3.234375000E1,1.374375057E1,2.848125076E1
1.181176590E2,2.458125114E1,1.078125000E1,2.979375076E1
1.181276590E2,1.771875000E1,4.950000286E0,2.788125038E1
1.181376590E2,1.732500076E1,-6.187500358E-1,2.741250038E1
1.181476590E2,2.165625000E1,1.275000095E0,2.328750038E1
1.181576590E2,2.821875191E1,1.023750019E1,2.478750038E1
1.181676590E2,2.662500191E1,1.430625057E1,2.713125038E1
1.181776590E2,2.011875153E1,1.198125076E1,3.133125114E1
1.181876590E2,1.335000038E1,5.100000381E0,3.168750191E1
1.181976590E2,1.211250019E1,-6.000000238E-1,2.859375191E1
1.182076590E2,1.831875038E1,2.100000143E0,2.640000153E1
1.182176590E2,2.315625000E1,8.475000381E0,2.923125076E1
1.182276590E2,2.311875153E1,1.218750095E1,3.236250305E1
1.182376590E2,1.895625114E1,8.381250381E0,3.555000305E1
1.182476590E2,1.295625019E1,4.012500286E0,3.320625305E1
1.182576590E2,1.198125076E1,-2.156250000E0,2.966250038E1
1.182676590E2,1.803750038E1,6.937500238E-1,2.791875076E1
1.182776590E2,2.499375153E1,5.568750381E0,2.943750191E1
1.182876590E2,2.521875191E1,1.246875095E1,3.260625076E1
1.182976590E2,1.815000153E1,9.562500000E0,3.421875000E1
1.183076590E2,1.361250019E1,3.393750191E0,3.245625305E1
1.183176590E2,1.087500000E1,-2.193750143E0,3.076875114E1
1.183276590E2,1.653750038E1,1.125000000E0,2.979375076E1
1.183376590E2,2.445000076E1,8.287500381E0,3.140625191E1
1.183476590E2,2.555625153E1,1.216875076E1,3.215625000E1
1.183576590E2,1.860000038E1,9.262500763E0,3.391875076E1
1.183676590E2,1.001250076E1,2.700000048E0,3.225000000E1
1.183776590E2,9.093750000E0,-2.775000095E0,3.084375191E1
1.183876590E2,1.462500095E1,-1.593750119E0,2.675625038E1
1.183976590E2,1.788750076E1,6.037500381E0,2.701875114E1
1.184076590E2,1.972500038E1,1.211250019E1,3.116250038E1
1.184176590E2,1.460625076E1,9.356250763E0,3.429375076E1
1.184276590E2,6.600000381E0,2.793750048E0,3.168750191E1
1.184376590E2,5.175000191E0,-2.531250000E0,3.058125114E1
1.184476590E2,1.050000000E1,-1.312500000E0,2.868750191E1
1.184576590E2,1.848750114E1,6.975000381E0,3.114375114E1
1.184676590E2,1.858125114E1,1.102500057E1,3.470625305E1
1.184776590E2,1.428750038E1,9.037500381E0,3.510000229E1
1.184876590E2,7.312500477E0,4.743750095E0,3.181875038E1
1.184976590E2,4.631250381E0,-5.531250000E0,3.240000153E1
1.185076590E2,1.070625019E1,-1.968750119E0,2.778750038E1
1.185176590E2,1.856250000E1,5.981250286E0,2.951250076E1
1.185276590E2,1.991250038E1,1.252500057E1,3.457500076E1
1.185376590E2,1.316250038E1,1.115625000E1,3.384375000E1
1.185476590E2,7.087500095E0,4.950000286E0,3.461250305E1
1.185576590E2,5.737500191E0,-1.875000119E0,3.052500153E1
1.185676590E2,1.125000000E1,-2.662500143E0,3.018750191E1
1.185776590E2,1.841250038E1,6.168750286E0,3.075000191E1
1.185876590E2,1.980000114E1,1.415625095E1,3.052500153E1
1.185976590E2,1.333125019E1,1.278750038E1,3.558750153E1
1.186076590E2,3.375000238E0,-1.387500048E0,3.067500114E1
1.186176590E2,3.375000238E0,-1.387500048E0,3.067500114E1
1.186276590E2,8.175000191E0,8.062500358E-1,3.041250038E1
1.186376590E2,1.740000153E1,1.421250057E1,3.258750153E1
1.186476590E2,1.164375019E1,1.488750076E1,3.496875000E1
1.186576590E2,1.593750119E0,7.312500477E0,3.450000000E1
1.186676590E2,-1.050000072E0,4.875000119E-1,3.339375305E1
1.186776590E2,5.737500191E0,1.668750048E0,3.288750076E1
1.186876590E2,1.415625095E1,9.937500000E0,3.331875229E1
1.186976590E2,1.648125076E1,1.616250038E1,3.650625229E1
1.187076590E2,1.005000019E1,1.531875038E1,3.682500076E1
1.187176590E2,2.906250000E0,7.143750191E0,3.716250229E1
1.187276590E2,1.875000075E-2,1.518750072E0,3.423750305E1
1.187376590E2,7.518750191E0,6.937500238E-1,3.403125000E1
1.187476590E2,1.650000000E1,8.456250191E0,3.230625153E1
1.187576590E2,1.768125153E1,1.284375095E1,3.378750229E1
1.187676590E2,1.286250019E1,1.483125019E1,3.588750076E1
1.187776590E2,3.731250048E0,8.231250763E0,3.438750076E1
1.187876590E2,2.587500095E0,4.537500381E0,3.487500000E1
1.187976590E2,7.143750191E0,1.575000048E0,3.193125153E1
1.188076590E2,1.331250095E1,6.825000286E0,3.138750076E1
1.188176590E2,1.845000076E1,1.586250019E1,3.243750000E1
1.188276590E2,1.008750057E1,1.552500057E1,3.305625153E1
1.188376590E2,1.293750048E0,9.506250381E0,3.463125229E1
1.188476590E2,-2.043750048E0,2.531250000E0,3.573750305E1
1.188576590E2,2.718750000E0,2.475000143E0,3.442500305E1
1.188676590E2,1.366875076E1,9.881250381E0,3.223125076E1
1.188776590E2,1.719375038E1,1.631250000E1,3.476250076E1
1.188876590E2,1.089375019E1,1.644375038E1,3.594375229E1
1.188976590E2,1.106250048E0,9.862500191E0,3.633750153E1
1.189076590E2,-2.718750000E0,3.150000095E0,3.616875076E1
1.189176590E2,3.131250143E0,2.156250000E0,3.335625076E1
1.189276590E2,1.271250057E1,8.756250381E0,3.375000000E1
1.189376590E2,1.597500038E1,1.565625095E1,3.671250153E1
1.189476590E2,9.356250763E0,1.620000076E1,3.583125305E1
1.189576590E2,-1.312500089E-1,1.134375000E1,3.560625076E1
1.189676590E2,-3.150000095E0,3.450000048E0,3.693750000E1
1.189776590E2,2.325000048E0,8.625000119E-1,3.393750000E1
1.189876590E2,1.188750076E1,7.725000381E0,3.290625000E1
1.189976590E2,1.665000153E1,1.462500095E1,3.148125076E1
1.190076590E2,1.063125038E1,1.545000076E1,3.446250153E1
1.190176590E2,1.143750072E0,1.029375076E1,3.457500076E1
1.190276590E2,-3.918750048E0,1.743750095E0,3.395625305E1
1.190376590E2,7.875000238E-1,1.537500024E0,3.313125229E1
1.190476590E2,1.160625076E1,9.112500191E0,3.217500305E1
1.190576590E2,1.565625095E1,1.522500038E1,3.285000229E1
1.190676590E2,9.450000763E0,1.648125076E1,3.440625000E1
1.190776590E2,-7.875000238E-1,1.018125057E1,3.461250305E1
1.190876590E2,-4.800000191E0,3.806250095E0,3.615000153E1
1.190976590E2,6.187500358E-1,2.831250191E0,3.504375076E1
1.191076590E2,1.136250019E1,8.681250572E0,3.423750305E1
1.191176590E2,1.503750038E1,1.620000076E1,3.526875305E1
1.191276590E2,9.600000381E0,1.839375114E1,3.485625076E1
1.191376590E2,-1.725000024E0,1.125000000E1,3.564375305E1
1.191476590E2,-6.618750095E0,5.250000000E0,3.511875153E1
1.191576590E2,-1.575000048E0,3.506250143E0,3.534375000E1
1.191676590E2,9.806250572E0,9.037500381E0,3.360000229E1
1.191776590E2,1.310625076E1,1.556250095E1,3.316875076E1
1.191876590E2,8.643750191E0,1.736250114E1,3.339375305E1
1.191976590E2,-1.931250095E0,1.282500076E1,3.551250076E1
1.192076590E2,-8.906250000E0,4.800000191E0,3.519375229E1
1.192176590E2,-2.756250143E0,3.075000048E0,3.399375153E1
1.192276590E2,7.687500477E0,8.981250763E0,3.600000000E1
1.192376590E2,1.254375076E1,1.554375076E1,3.365625000E1
1.192476590E2,6.900000095E0,1.835625076E1,3.365625000E1
1.192576590E2,-3.225000143E0,1.260000038E1,3.586875153E1
1.192676590E2,-9.656250000E0,3.975000143E0,3.573750305E1
1.192776590E2,-3.562500238E0,3.862500191E0,3.534375000E1
1.192876590E2,7.050000191E0,9.918750763E0,3.718125153E1
1.192976590E2,1.096875000E1,1.691250038E1,3.575625229E1
1.193076590E2,4.462500095E0,1.830000114E1,3.714375305E1
1.193176590E2,-4.312500000E0,1.321875095E1,3.832500076E1
1.193276590E2,-9.787500381E0,5.100000381E0,3.675000000E1
1.193376590E2,-4.312500000E0,4.800000191E0,3.699375153E1
1.193476590E2,5.981250286E0,7.650000095E0,3.738750076E1
1.193576590E2,1.171875000E1,1.651875114E1,3.718125153E1
1.193676590E2,7.350000381E0,1.891875076E1,3.547500229E1
1.193776590E2,-3.487500191E0,1.162500000E1,3.562500000E1
1.193876590E2,-8.456250191E0,4.200000286E0,3.538125229E1
1.193976590E2,-4.331250191E0,1.237500072E0,3.322500229E1
1.194076590E2,5.381250381E0,7.331250191E0,3.271875000E1
1.194176590E2,1.275000095E1,1.575000095E1,3.534375000E1
